Cleared: /home/shamim_ist/AgentBN/workspace/der/bn_analysis.json
Cleared: /home/shamim_ist/AgentBN/workspace/der/last_proposed_bn.jsonl
Cleared: /home/shamim_ist/AgentBN/workspace/der/dangerous_cpt_report.json
Cleared: /home/shamim_ist/AgentBN/workspace/der/diagnostic_report.json
Cleared: /home/shamim_ist/AgentBN/workspace/der/failure_parameter_statistics.json
Cleared: /home/shamim_ist/AgentBN/workspace/der/restart_final_bns.jsonl
Cleared: /home/shamim_ist/AgentBN/workspace/der/restart_bn_analysis.jsonl

==============================
PIPELINE RESTART #0
==============================
Cleared: /home/shamim_ist/AgentBN/workspace/der/bn_analysis.json
Cleared: /home/shamim_ist/AgentBN/workspace/der/last_proposed_bn.jsonl
Cleared: /home/shamim_ist/AgentBN/workspace/der/dangerous_cpt_report.json
Cleared: /home/shamim_ist/AgentBN/workspace/der/failure_parameter_statistics.json
Cleared: /home/shamim_ist/AgentBN/workspace/der/diagnostic_report.json

===================================================
Dataset: /home/shamim_ist/AgentBN/datasets/der/combined_train_scenarios.csv
===================================================
Accuracy: 68.06 %
Total: 72
Successes: 49
Failures: 23
Flawed BN Accuracy: 68.06%
Initial Acceptance Threshold: 77.64%

Initial Generation Attempt 0

Activation trace saved to /home/shamim_ist/AgentBN/workspace/der/activation_trace.csv
Failure parameter statistics saved to '/home/shamim_ist/AgentBN/workspace/der/failure_parameter_statistics.json'
Valid response received on attempt 1.
Valid response received on attempt 1.

===================================================

Accuracy: 68.06%

Workflow analysis for BN #0 stored in /home/shamim_ist/AgentBN/workspace/der/bn_analysis.json
Valid response received on attempt 1.
Selected baseline BN: 0

===================================================
Dataset: /home/shamim_ist/AgentBN/datasets/der/combined_train_scenarios.csv
===================================================
Accuracy: 68.06 %
Total: 72
Successes: 49
Failures: 23

Candidate 1: Accuracy = 0.6806, Failures = 23, Successes = 49

===================================================
Dataset: /home/shamim_ist/AgentBN/datasets/der/combined_train_scenarios.csv
===================================================
Accuracy: 65.28 %
Total: 72
Successes: 47
Failures: 25

Candidate 2: Accuracy = 0.6528, Failures = 25, Successes = 47

===================================================
Dataset: /home/shamim_ist/AgentBN/datasets/der/combined_train_scenarios.csv
===================================================
Accuracy: 65.28 %
Total: 72
Successes: 47
Failures: 25

Candidate 3: Accuracy = 0.6528, Failures = 25, Successes = 47

========================================
BEST REFINEMENT CANDIDATE
========================================
Candidate 1
Accuracy: 0.6806
Failures: 23
Successes: 49

===================================================
Dataset: /home/shamim_ist/AgentBN/datasets/der/combined_train_scenarios.csv
===================================================
Accuracy: 68.06 %
Total: 72
Successes: 49
Failures: 23
Accuracy = 68.06%

Initial Generation Attempt 1
Removed workflow analysis for BN #0 from /home/shamim_ist/AgentBN/workspace/der/bn_analysis.json

Activation trace saved to /home/shamim_ist/AgentBN/workspace/der/activation_trace.csv
Failure parameter statistics saved to '/home/shamim_ist/AgentBN/workspace/der/failure_parameter_statistics.json'
Valid response received on attempt 1.
Valid response received on attempt 1.

===================================================

Accuracy: 68.06%

Workflow analysis for BN #0 stored in /home/shamim_ist/AgentBN/workspace/der/bn_analysis.json
Valid response received on attempt 1.
Selected baseline BN: 0

===================================================
Dataset: /home/shamim_ist/AgentBN/datasets/der/combined_train_scenarios.csv
===================================================
Accuracy: 69.44 %
Total: 72
Successes: 50
Failures: 22

Candidate 1: Accuracy = 0.6944, Failures = 22, Successes = 50

===================================================
Dataset: /home/shamim_ist/AgentBN/datasets/der/combined_train_scenarios.csv
===================================================
Accuracy: 76.39 %
Total: 72
Successes: 55
Failures: 17

Candidate 2: Accuracy = 0.7639, Failures = 17, Successes = 55

===================================================
Dataset: /home/shamim_ist/AgentBN/datasets/der/combined_train_scenarios.csv
===================================================
Accuracy: 69.44 %
Total: 72
Successes: 50
Failures: 22

Candidate 3: Accuracy = 0.6944, Failures = 22, Successes = 50

========================================
BEST REFINEMENT CANDIDATE
========================================
Candidate 2
Accuracy: 0.7639
Failures: 17
Successes: 55

===================================================
Dataset: /home/shamim_ist/AgentBN/datasets/der/combined_train_scenarios.csv
===================================================
Accuracy: 76.39 %
Total: 72
Successes: 55
Failures: 17
Accuracy = 76.39%

Initial Generation Attempt 2
Removed workflow analysis for BN #0 from /home/shamim_ist/AgentBN/workspace/der/bn_analysis.json

Activation trace saved to /home/shamim_ist/AgentBN/workspace/der/activation_trace.csv
Failure parameter statistics saved to '/home/shamim_ist/AgentBN/workspace/der/failure_parameter_statistics.json'
Valid response received on attempt 1.
Valid response received on attempt 1.

===================================================

Accuracy: 68.06%

Workflow analysis for BN #0 stored in /home/shamim_ist/AgentBN/workspace/der/bn_analysis.json
Valid response received on attempt 1.
Selected baseline BN: 0

===================================================
Dataset: /home/shamim_ist/AgentBN/datasets/der/combined_train_scenarios.csv
===================================================
Accuracy: 69.44 %
Total: 72
Successes: 50
Failures: 22

Candidate 1: Accuracy = 0.6944, Failures = 22, Successes = 50

===================================================
Dataset: /home/shamim_ist/AgentBN/datasets/der/combined_train_scenarios.csv
===================================================
Accuracy: 76.39 %
Total: 72
Successes: 55
Failures: 17

Candidate 2: Accuracy = 0.7639, Failures = 17, Successes = 55

===================================================
Dataset: /home/shamim_ist/AgentBN/datasets/der/combined_train_scenarios.csv
===================================================
Accuracy: 76.39 %
Total: 72
Successes: 55
Failures: 17

Candidate 3: Accuracy = 0.7639, Failures = 17, Successes = 55

========================================
BEST REFINEMENT CANDIDATE
========================================
Candidate 2
Accuracy: 0.7639
Failures: 17
Successes: 55

===================================================
Dataset: /home/shamim_ist/AgentBN/datasets/der/combined_train_scenarios.csv
===================================================
Accuracy: 76.39 %
Total: 72
Successes: 55
Failures: 17
Accuracy = 76.39%
Threshold (77.64%) not reached after 3 attempts. Using best generated BN (76.39%).
Removed workflow analysis for BN #0 from /home/shamim_ist/AgentBN/workspace/der/bn_analysis.json

Initial BN generated

===== ITERATION 2 =====

===================================================
Dataset: /home/shamim_ist/AgentBN/datasets/der/combined_train_scenarios.csv
===================================================
Accuracy: 76.39 %
Total: 72
Successes: 55
Failures: 17

Activation trace saved to /home/shamim_ist/AgentBN/workspace/der/activation_trace.csv
Failure parameter statistics saved to '/home/shamim_ist/AgentBN/workspace/der/failure_parameter_statistics.json'
Valid response received on attempt 1.
Valid response received on attempt 1.

===================================================

Accuracy: 76.39%

Workflow analysis for BN #1 stored in /home/shamim_ist/AgentBN/workspace/der/bn_analysis.json
Valid response received on attempt 1.
Selected baseline BN: 1

===================================================
Dataset: /home/shamim_ist/AgentBN/datasets/der/combined_train_scenarios.csv
===================================================
Accuracy: 52.78 %
Total: 72
Successes: 38
Failures: 34

Candidate 1: Accuracy = 0.5278, Failures = 34, Successes = 38

===================================================
Dataset: /home/shamim_ist/AgentBN/datasets/der/combined_train_scenarios.csv
===================================================
Accuracy: 43.06 %
Total: 72
Successes: 31
Failures: 41

Candidate 2: Accuracy = 0.4306, Failures = 41, Successes = 31

===================================================
Dataset: /home/shamim_ist/AgentBN/datasets/der/combined_train_scenarios.csv
===================================================
Accuracy: 52.78 %
Total: 72
Successes: 38
Failures: 34

Candidate 3: Accuracy = 0.5278, Failures = 34, Successes = 38

========================================
BEST REFINEMENT CANDIDATE
========================================
Candidate 1
Accuracy: 0.5278
Failures: 34
Successes: 38

===================================================
Dataset: /home/shamim_ist/AgentBN/datasets/der/combined_train_scenarios.csv
===================================================
Accuracy: 52.78 %
Total: 72
Successes: 38
Failures: 34

Accuracy did not improve. Need improvement from 76.39% 
Removed 1 record(s) with bn_number=2
Valid response received on attempt 1.
Selected baseline BN: 1

===================================================
Dataset: /home/shamim_ist/AgentBN/datasets/der/combined_train_scenarios.csv
===================================================
Accuracy: 51.39 %
Total: 72
Successes: 37
Failures: 35

Candidate 1: Accuracy = 0.5139, Failures = 35, Successes = 37

===================================================
Dataset: /home/shamim_ist/AgentBN/datasets/der/combined_train_scenarios.csv
===================================================
Accuracy: 52.78 %
Total: 72
Successes: 38
Failures: 34

Candidate 2: Accuracy = 0.5278, Failures = 34, Successes = 38

===================================================
Dataset: /home/shamim_ist/AgentBN/datasets/der/combined_train_scenarios.csv
===================================================
Accuracy: 52.78 %
Total: 72
Successes: 38
Failures: 34

Candidate 3: Accuracy = 0.5278, Failures = 34, Successes = 38

========================================
BEST REFINEMENT CANDIDATE
========================================
Candidate 2
Accuracy: 0.5278
Failures: 34
Successes: 38

===================================================
Dataset: /home/shamim_ist/AgentBN/datasets/der/combined_train_scenarios.csv
===================================================
Accuracy: 52.78 %
Total: 72
Successes: 38
Failures: 34
Removed 1 record(s) with bn_number=2
Valid response received on attempt 1.
Selected baseline BN: 1

===================================================
Dataset: /home/shamim_ist/AgentBN/datasets/der/combined_train_scenarios.csv
===================================================
Accuracy: 50.0 %
Total: 72
Successes: 36
Failures: 36

Candidate 1: Accuracy = 0.5000, Failures = 36, Successes = 36

===================================================
Dataset: /home/shamim_ist/AgentBN/datasets/der/combined_train_scenarios.csv
===================================================
Accuracy: 52.78 %
Total: 72
Successes: 38
Failures: 34

Candidate 2: Accuracy = 0.5278, Failures = 34, Successes = 38

===================================================
Dataset: /home/shamim_ist/AgentBN/datasets/der/combined_train_scenarios.csv
===================================================
Accuracy: 52.78 %
Total: 72
Successes: 38
Failures: 34

Candidate 3: Accuracy = 0.5278, Failures = 34, Successes = 38

========================================
BEST REFINEMENT CANDIDATE
========================================
Candidate 2
Accuracy: 0.5278
Failures: 34
Successes: 38

===================================================
Dataset: /home/shamim_ist/AgentBN/datasets/der/combined_train_scenarios.csv
===================================================
Accuracy: 52.78 %
Total: 72
Successes: 38
Failures: 34
Removed 1 record(s) with bn_number=2
Valid response received on attempt 1.
Selected baseline BN: 1

===================================================
Dataset: /home/shamim_ist/AgentBN/datasets/der/combined_train_scenarios.csv
===================================================
Accuracy: 51.39 %
Total: 72
Successes: 37
Failures: 35

Candidate 1: Accuracy = 0.5139, Failures = 35, Successes = 37

===================================================
Dataset: /home/shamim_ist/AgentBN/datasets/der/combined_train_scenarios.csv
===================================================
Accuracy: 43.06 %
Total: 72
Successes: 31
Failures: 41

Candidate 2: Accuracy = 0.4306, Failures = 41, Successes = 31

===================================================
Dataset: /home/shamim_ist/AgentBN/datasets/der/combined_train_scenarios.csv
===================================================
Accuracy: 52.78 %
Total: 72
Successes: 38
Failures: 34

Candidate 3: Accuracy = 0.5278, Failures = 34, Successes = 38

========================================
BEST REFINEMENT CANDIDATE
========================================
Candidate 3
Accuracy: 0.5278
Failures: 34
Successes: 38

===================================================
Dataset: /home/shamim_ist/AgentBN/datasets/der/combined_train_scenarios.csv
===================================================
Accuracy: 52.78 %
Total: 72
Successes: 38
Failures: 34

No improvement after 3 retries. Selecting best retry candidate (accuracy=52.78%).
Removed 1 record(s) with bn_number=2
Continuing with retry candidate (accuracy=52.78%).

===== ITERATION 3 =====

===================================================
Dataset: /home/shamim_ist/AgentBN/datasets/der/combined_train_scenarios.csv
===================================================
Accuracy: 52.78 %
Total: 72
Successes: 38
Failures: 34

Activation trace saved to /home/shamim_ist/AgentBN/workspace/der/activation_trace.csv
Failure parameter statistics saved to '/home/shamim_ist/AgentBN/workspace/der/failure_parameter_statistics.json'
Valid response received on attempt 1.
Valid response received on attempt 1.

===================================================

Accuracy: 52.78%

Workflow analysis for BN #2 stored in /home/shamim_ist/AgentBN/workspace/der/bn_analysis.json
Valid response received on attempt 1.
Selected baseline BN: 1

===================================================
Dataset: /home/shamim_ist/AgentBN/datasets/der/combined_train_scenarios.csv
===================================================
Accuracy: 51.39 %
Total: 72
Successes: 37
Failures: 35

Candidate 1: Accuracy = 0.5139, Failures = 35, Successes = 37

===================================================
Dataset: /home/shamim_ist/AgentBN/datasets/der/combined_train_scenarios.csv
===================================================
Accuracy: 48.61 %
Total: 72
Successes: 35
Failures: 37

Candidate 2: Accuracy = 0.4861, Failures = 37, Successes = 35

===================================================
Dataset: /home/shamim_ist/AgentBN/datasets/der/combined_train_scenarios.csv
===================================================
Accuracy: 52.78 %
Total: 72
Successes: 38
Failures: 34

Candidate 3: Accuracy = 0.5278, Failures = 34, Successes = 38

========================================
BEST REFINEMENT CANDIDATE
========================================
Candidate 3
Accuracy: 0.5278
Failures: 34
Successes: 38

===================================================
Dataset: /home/shamim_ist/AgentBN/datasets/der/combined_train_scenarios.csv
===================================================
Accuracy: 52.78 %
Total: 72
Successes: 38
Failures: 34

Accuracy did not improve. Need improvement from 52.78% 
Removed 1 record(s) with bn_number=3
Valid response received on attempt 1.
Selected baseline BN: 1

===================================================
Dataset: /home/shamim_ist/AgentBN/datasets/der/combined_train_scenarios.csv
===================================================
Accuracy: 51.39 %
Total: 72
Successes: 37
Failures: 35

Candidate 1: Accuracy = 0.5139, Failures = 35, Successes = 37

===================================================
Dataset: /home/shamim_ist/AgentBN/datasets/der/combined_train_scenarios.csv
===================================================
Accuracy: 51.39 %
Total: 72
Successes: 37
Failures: 35

Candidate 2: Accuracy = 0.5139, Failures = 35, Successes = 37

===================================================
Dataset: /home/shamim_ist/AgentBN/datasets/der/combined_train_scenarios.csv
===================================================
Accuracy: 52.78 %
Total: 72
Successes: 38
Failures: 34

Candidate 3: Accuracy = 0.5278, Failures = 34, Successes = 38

========================================
BEST REFINEMENT CANDIDATE
========================================
Candidate 3
Accuracy: 0.5278
Failures: 34
Successes: 38

===================================================
Dataset: /home/shamim_ist/AgentBN/datasets/der/combined_train_scenarios.csv
===================================================
Accuracy: 52.78 %
Total: 72
Successes: 38
Failures: 34
Removed 1 record(s) with bn_number=3
Valid response received on attempt 1.
Selected baseline BN: 1

===================================================
Dataset: /home/shamim_ist/AgentBN/datasets/der/combined_train_scenarios.csv
===================================================
Accuracy: 50.0 %
Total: 72
Successes: 36
Failures: 36

Candidate 1: Accuracy = 0.5000, Failures = 36, Successes = 36

===================================================
Dataset: /home/shamim_ist/AgentBN/datasets/der/combined_train_scenarios.csv
===================================================
Accuracy: 40.28 %
Total: 72
Successes: 29
Failures: 43

Candidate 2: Accuracy = 0.4028, Failures = 43, Successes = 29

===================================================
Dataset: /home/shamim_ist/AgentBN/datasets/der/combined_train_scenarios.csv
===================================================
Accuracy: 52.78 %
Total: 72
Successes: 38
Failures: 34

Candidate 3: Accuracy = 0.5278, Failures = 34, Successes = 38

========================================
BEST REFINEMENT CANDIDATE
========================================
Candidate 3
Accuracy: 0.5278
Failures: 34
Successes: 38

===================================================
Dataset: /home/shamim_ist/AgentBN/datasets/der/combined_train_scenarios.csv
===================================================
Accuracy: 52.78 %
Total: 72
Successes: 38
Failures: 34
Removed 1 record(s) with bn_number=3
Valid response received on attempt 1.
Selected baseline BN: 1

===================================================
Dataset: /home/shamim_ist/AgentBN/datasets/der/combined_train_scenarios.csv
===================================================
Accuracy: 50.0 %
Total: 72
Successes: 36
Failures: 36

Candidate 1: Accuracy = 0.5000, Failures = 36, Successes = 36

===================================================
Dataset: /home/shamim_ist/AgentBN/datasets/der/combined_train_scenarios.csv
===================================================
Accuracy: 40.28 %
Total: 72
Successes: 29
Failures: 43

Candidate 2: Accuracy = 0.4028, Failures = 43, Successes = 29

===================================================
Dataset: /home/shamim_ist/AgentBN/datasets/der/combined_train_scenarios.csv
===================================================
Accuracy: 52.78 %
Total: 72
Successes: 38
Failures: 34

Candidate 3: Accuracy = 0.5278, Failures = 34, Successes = 38

========================================
BEST REFINEMENT CANDIDATE
========================================
Candidate 3
Accuracy: 0.5278
Failures: 34
Successes: 38

===================================================
Dataset: /home/shamim_ist/AgentBN/datasets/der/combined_train_scenarios.csv
===================================================
Accuracy: 52.78 %
Total: 72
Successes: 38
Failures: 34

No improvement after 3 retries. Selecting best retry candidate (accuracy=52.78%).
Removed 1 record(s) with bn_number=3
Continuing with retry candidate (accuracy=52.78%).

===== ITERATION 4 =====

===================================================
Dataset: /home/shamim_ist/AgentBN/datasets/der/combined_train_scenarios.csv
===================================================
Accuracy: 52.78 %
Total: 72
Successes: 38
Failures: 34

Activation trace saved to /home/shamim_ist/AgentBN/workspace/der/activation_trace.csv
Failure parameter statistics saved to '/home/shamim_ist/AgentBN/workspace/der/failure_parameter_statistics.json'
Valid response received on attempt 1.
Valid response received on attempt 1.

===================================================

Accuracy: 52.78%

Workflow analysis for BN #3 stored in /home/shamim_ist/AgentBN/workspace/der/bn_analysis.json
Valid response received on attempt 1.
Selected baseline BN: 1

===================================================
Dataset: /home/shamim_ist/AgentBN/datasets/der/combined_train_scenarios.csv
===================================================
Accuracy: 51.39 %
Total: 72
Successes: 37
Failures: 35

Candidate 1: Accuracy = 0.5139, Failures = 35, Successes = 37

===================================================
Dataset: /home/shamim_ist/AgentBN/datasets/der/combined_train_scenarios.csv
===================================================
Accuracy: 40.28 %
Total: 72
Successes: 29
Failures: 43

Candidate 2: Accuracy = 0.4028, Failures = 43, Successes = 29

===================================================
Dataset: /home/shamim_ist/AgentBN/datasets/der/combined_train_scenarios.csv
===================================================
Accuracy: 52.78 %
Total: 72
Successes: 38
Failures: 34

Candidate 3: Accuracy = 0.5278, Failures = 34, Successes = 38

========================================
BEST REFINEMENT CANDIDATE
========================================
Candidate 3
Accuracy: 0.5278
Failures: 34
Successes: 38

===================================================
Dataset: /home/shamim_ist/AgentBN/datasets/der/combined_train_scenarios.csv
===================================================
Accuracy: 52.78 %
Total: 72
Successes: 38
Failures: 34

Accuracy did not improve. Need improvement from 52.78% 
Removed 1 record(s) with bn_number=4
Valid response received on attempt 1.
Selected baseline BN: 1

===================================================
Dataset: /home/shamim_ist/AgentBN/datasets/der/combined_train_scenarios.csv
===================================================
Accuracy: 51.39 %
Total: 72
Successes: 37
Failures: 35

Candidate 1: Accuracy = 0.5139, Failures = 35, Successes = 37

===================================================
Dataset: /home/shamim_ist/AgentBN/datasets/der/combined_train_scenarios.csv
===================================================
Accuracy: 47.22 %
Total: 72
Successes: 34
Failures: 38

Candidate 2: Accuracy = 0.4722, Failures = 38, Successes = 34

===================================================
Dataset: /home/shamim_ist/AgentBN/datasets/der/combined_train_scenarios.csv
===================================================
Accuracy: 52.78 %
Total: 72
Successes: 38
Failures: 34

Candidate 3: Accuracy = 0.5278, Failures = 34, Successes = 38

========================================
BEST REFINEMENT CANDIDATE
========================================
Candidate 3
Accuracy: 0.5278
Failures: 34
Successes: 38

===================================================
Dataset: /home/shamim_ist/AgentBN/datasets/der/combined_train_scenarios.csv
===================================================
Accuracy: 52.78 %
Total: 72
Successes: 38
Failures: 34
Removed 1 record(s) with bn_number=4
Valid response received on attempt 1.
Selected baseline BN: 1

===================================================
Dataset: /home/shamim_ist/AgentBN/datasets/der/combined_train_scenarios.csv
===================================================
Accuracy: 51.39 %
Total: 72
Successes: 37
Failures: 35

Candidate 1: Accuracy = 0.5139, Failures = 35, Successes = 37

===================================================
Dataset: /home/shamim_ist/AgentBN/datasets/der/combined_train_scenarios.csv
===================================================
Accuracy: 40.28 %
Total: 72
Successes: 29
Failures: 43

Candidate 2: Accuracy = 0.4028, Failures = 43, Successes = 29

===================================================
Dataset: /home/shamim_ist/AgentBN/datasets/der/combined_train_scenarios.csv
===================================================
Accuracy: 52.78 %
Total: 72
Successes: 38
Failures: 34

Candidate 3: Accuracy = 0.5278, Failures = 34, Successes = 38

========================================
BEST REFINEMENT CANDIDATE
========================================
Candidate 3
Accuracy: 0.5278
Failures: 34
Successes: 38

===================================================
Dataset: /home/shamim_ist/AgentBN/datasets/der/combined_train_scenarios.csv
===================================================
Accuracy: 52.78 %
Total: 72
Successes: 38
Failures: 34
Removed 1 record(s) with bn_number=4
Valid response received on attempt 1.
Selected baseline BN: 1

===================================================
Dataset: /home/shamim_ist/AgentBN/datasets/der/combined_train_scenarios.csv
===================================================
Accuracy: 50.0 %
Total: 72
Successes: 36
Failures: 36

Candidate 1: Accuracy = 0.5000, Failures = 36, Successes = 36

===================================================
Dataset: /home/shamim_ist/AgentBN/datasets/der/combined_train_scenarios.csv
===================================================
Accuracy: 52.78 %
Total: 72
Successes: 38
Failures: 34

Candidate 2: Accuracy = 0.5278, Failures = 34, Successes = 38

===================================================
Dataset: /home/shamim_ist/AgentBN/datasets/der/combined_train_scenarios.csv
===================================================
Accuracy: 52.78 %
Total: 72
Successes: 38
Failures: 34

Candidate 3: Accuracy = 0.5278, Failures = 34, Successes = 38

========================================
BEST REFINEMENT CANDIDATE
========================================
Candidate 2
Accuracy: 0.5278
Failures: 34
Successes: 38

===================================================
Dataset: /home/shamim_ist/AgentBN/datasets/der/combined_train_scenarios.csv
===================================================
Accuracy: 52.78 %
Total: 72
Successes: 38
Failures: 34

No improvement after 3 retries. Selecting best retry candidate (accuracy=52.78%).
Removed 1 record(s) with bn_number=4
Continuing with retry candidate (accuracy=52.78%).

===================================================
Dataset: /home/shamim_ist/AgentBN/datasets/der/combined_train_scenarios.csv
===================================================
Accuracy: 68.06 %
Total: 72
Successes: 49
Failures: 23

===================================================
Dataset: /home/shamim_ist/AgentBN/datasets/der/combined_train_scenarios.csv
===================================================
Accuracy: 76.39 %
Total: 72
Successes: 55
Failures: 17

===================================================
Dataset: /home/shamim_ist/AgentBN/datasets/der/combined_train_scenarios.csv
===================================================
Accuracy: 52.78 %
Total: 72
Successes: 38
Failures: 34

===================================================
Dataset: /home/shamim_ist/AgentBN/datasets/der/combined_train_scenarios.csv
===================================================
Accuracy: 52.78 %
Total: 72
Successes: 38
Failures: 34

===================================================
Dataset: /home/shamim_ist/AgentBN/datasets/der/combined_train_scenarios.csv
===================================================
Accuracy: 52.78 %
Total: 72
Successes: 38
Failures: 34


Best BN Number: 1
Best BN Accuracy: 0.7638888888888888
Saved CPT identity comparison to /home/shamim_ist/AgentBN/workspace/der/cpt_comparison_analysis.json
BN number: 1
Agent change verdict: poor
Expected changed CPTs: ['Execution_Integrity', 'Root_Causes']
Agent changed CPTs: ['Deviation_in_Dispatch', 'Deviation_in_Response']
Unexpected changed CPTs: ['Deviation_in_Dispatch', 'Deviation_in_Response']
{'bn_number': 1, 'agent_changed_cpt_count': 2, 'agent_changed_cpts': ['Deviation_in_Dispatch', 'Deviation_in_Response'], 'agent_change_report': {'verdict': 'poor', 'total_cpts': 20, 'expected_changed_count': 2, 'expected_changed_cpts': ['Execution_Integrity', 'Root_Causes'], 'agent_changed_count': 2, 'agent_changed_cpts': ['Deviation_in_Dispatch', 'Deviation_in_Response'], 'matched_expected_count': 0, 'matched_expected_cpts': [], 'missed_expected_count': 2, 'missed_expected_cpts': ['Execution_Integrity', 'Root_Causes'], 'unexpected_changed_count': 2, 'unexpected_changed_cpts': ['Deviation_in_Dispatch', 'Deviation_in_Response'], 'unflawed_cpt_count': 18, 'untouched_unflawed_count': 16, 'untouched_unflawed_cpts': ['GPTN_1', 'GPTN_2', 'GPTN_3', 'GPTN_5', 'LPTN_1_i', 'LPTN_1_ii', 'LPTN_1_iii', 'LPTN_1_iv', 'LPTN_1_ix', 'LPTN_1_v', 'LPTN_1_vi', 'LPTN_1_viii', 'LPTN_1_x', 'Network_Manipulation', 'Physical_Anomaly', 'Program_Anomaly'], 'expected_change_recall': 0.0, 'unexpected_change_rate': 0.1111, 'unflawed_preservation_rate': 0.8889}}
======================================================================
Deviation_in_Dispatch          0.14717011
  Column 0:
    Flawed : [0.05 0.95]
    Prop   : [0.85 0.15]
    GT     : [0.05 0.95]
  Column 1:
    Flawed : [0.35 0.65]
    Prop   : [0.65 0.35]
    GT     : [0.35 0.65]
  Column 2:
    Flawed : [0.35 0.65]
    Prop   : [0.65 0.35]
    GT     : [0.35 0.65]
  Column 4:
    Flawed : [0.35 0.65]
    Prop   : [0.65 0.35]
    GT     : [0.35 0.65]
  Column 8:
    Flawed : [0.35 0.65]
    Prop   : [0.65 0.35]
    GT     : [0.35 0.65]
----------------------------------------------------------------------
Deviation_in_Response          0.10332720
  Column 0:
    Flawed : [0.05 0.95]
    Prop   : [0.85 0.15]
    GT     : [0.05 0.95]
  Column 1:
    Flawed : [0.3 0.7]
    Prop   : [0.7 0.3]
    GT     : [0.3 0.7]
  Column 2:
    Flawed : [0.3 0.7]
    Prop   : [0.7 0.3]
    GT     : [0.3 0.7]
  Column 4:
    Flawed : [0.3 0.7]
    Prop   : [0.7 0.3]
    GT     : [0.3 0.7]
  Column 8:
    Flawed : [0.3 0.7]
    Prop   : [0.7 0.3]
    GT     : [0.3 0.7]
  Column 16:
    Flawed : [0.3 0.7]
    Prop   : [0.7 0.3]
    GT     : [0.3 0.7]
----------------------------------------------------------------------
Execution_Integrity            0.18770727
  Column 0:
    Flawed : [0.8 0.2]
    Prop   : [0.8 0.2]
    GT     : [0.98 0.02]
  Column 1:
    Flawed : [0.7 0.3]
    Prop   : [0.7 0.3]
    GT     : [0.98 0.02]
  Column 2:
    Flawed : [0.7 0.3]
    Prop   : [0.7 0.3]
    GT     : [0.95 0.05]
  Column 3:
    Flawed : [0.3 0.7]
    Prop   : [0.3 0.7]
    GT     : [0.75 0.25]
  Column 4:
    Flawed : [0.7 0.3]
    Prop   : [0.7 0.3]
    GT     : [0.9 0.1]
  Column 5:
    Flawed : [0.7 0.3]
    Prop   : [0.7 0.3]
    GT     : [0.9 0.1]
  Column 6:
    Flawed : [0.7 0.3]
    Prop   : [0.7 0.3]
    GT     : [0.9 0.1]
  Column 7:
    Flawed : [0.2 0.8]
    Prop   : [0.2 0.8]
    GT     : [0.05 0.95]
----------------------------------------------------------------------
Root_Causes                    0.17299207
  Column 0:
    Flawed : [0.3 0.3 0.4]
    Prop   : [0.3 0.3 0.4]
    GT     : [0.05 0.1  0.85]
  Column 1:
    Flawed : [0.2 0.4 0.4]
    Prop   : [0.2 0.4 0.4]
    GT     : [0.05 0.1  0.85]
  Column 2:
    Flawed : [0.4 0.4 0.2]
    Prop   : [0.4 0.4 0.2]
    GT     : [0.33 0.33 0.34]
  Column 3:
    Flawed : [0.15 0.7  0.15]
    Prop   : [0.15 0.7  0.15]
    GT     : [0.05 0.9  0.05]
  Column 4:
    Flawed : [0.15 0.15 0.7 ]
    Prop   : [0.15 0.15 0.7 ]
    GT     : [0.05 0.1  0.85]
  Column 5:
    Flawed : [0.1 0.1 0.8]
    Prop   : [0.1 0.1 0.8]
    GT     : [0.05 0.1  0.85]
  Column 6:
    Flawed : [0.7  0.15 0.15]
    Prop   : [0.7  0.15 0.15]
    GT     : [0.9  0.05 0.05]
  Column 7:
    Flawed : [0.2 0.2 0.6]
    Prop   : [0.2 0.2 0.6]
    GT     : [0.33 0.33 0.34]
----------------------------------------------------------------------
======================================================================
Overall Average CPT KL = 0.11870537
======================================================================
Deviation_in_Dispatch          RMSE = 0.25000000
  Column 0:
    Flawed : [0.05 0.95]
    Prop   : [0.85 0.15]
    GT     : [0.05 0.95]
  Column 1:
    Flawed : [0.35 0.65]
    Prop   : [0.65 0.35]
    GT     : [0.35 0.65]
  Column 2:
    Flawed : [0.35 0.65]
    Prop   : [0.65 0.35]
    GT     : [0.35 0.65]
  Column 4:
    Flawed : [0.35 0.65]
    Prop   : [0.65 0.35]
    GT     : [0.35 0.65]
  Column 8:
    Flawed : [0.35 0.65]
    Prop   : [0.65 0.35]
    GT     : [0.35 0.65]
----------------------------------------------------------------------
Deviation_in_Response          RMSE = 0.21213203
  Column 0:
    Flawed : [0.05 0.95]
    Prop   : [0.85 0.15]
    GT     : [0.05 0.95]
  Column 1:
    Flawed : [0.3 0.7]
    Prop   : [0.7 0.3]
    GT     : [0.3 0.7]
  Column 2:
    Flawed : [0.3 0.7]
    Prop   : [0.7 0.3]
    GT     : [0.3 0.7]
  Column 4:
    Flawed : [0.3 0.7]
    Prop   : [0.7 0.3]
    GT     : [0.3 0.7]
  Column 8:
    Flawed : [0.3 0.7]
    Prop   : [0.7 0.3]
    GT     : [0.3 0.7]
  Column 16:
    Flawed : [0.3 0.7]
    Prop   : [0.7 0.3]
    GT     : [0.3 0.7]
----------------------------------------------------------------------
Execution_Integrity            RMSE = 0.25453389
  Column 0:
    Flawed : [0.8 0.2]
    Prop   : [0.8 0.2]
    GT     : [0.98 0.02]
  Column 1:
    Flawed : [0.7 0.3]
    Prop   : [0.7 0.3]
    GT     : [0.98 0.02]
  Column 2:
    Flawed : [0.7 0.3]
    Prop   : [0.7 0.3]
    GT     : [0.95 0.05]
  Column 3:
    Flawed : [0.3 0.7]
    Prop   : [0.3 0.7]
    GT     : [0.75 0.25]
  Column 4:
    Flawed : [0.7 0.3]
    Prop   : [0.7 0.3]
    GT     : [0.9 0.1]
  Column 5:
    Flawed : [0.7 0.3]
    Prop   : [0.7 0.3]
    GT     : [0.9 0.1]
  Column 6:
    Flawed : [0.7 0.3]
    Prop   : [0.7 0.3]
    GT     : [0.9 0.1]
  Column 7:
    Flawed : [0.2 0.8]
    Prop   : [0.2 0.8]
    GT     : [0.05 0.95]
----------------------------------------------------------------------
Root_Causes                    RMSE = 0.19480760
  Column 0:
    Flawed : [0.3 0.3 0.4]
    Prop   : [0.3 0.3 0.4]
    GT     : [0.05 0.1  0.85]
  Column 1:
    Flawed : [0.2 0.4 0.4]
    Prop   : [0.2 0.4 0.4]
    GT     : [0.05 0.1  0.85]
  Column 2:
    Flawed : [0.4 0.4 0.2]
    Prop   : [0.4 0.4 0.2]
    GT     : [0.33 0.33 0.34]
  Column 3:
    Flawed : [0.15 0.7  0.15]
    Prop   : [0.15 0.7  0.15]
    GT     : [0.05 0.9  0.05]
  Column 4:
    Flawed : [0.15 0.15 0.7 ]
    Prop   : [0.15 0.15 0.7 ]
    GT     : [0.05 0.1  0.85]
  Column 5:
    Flawed : [0.1 0.1 0.8]
    Prop   : [0.1 0.1 0.8]
    GT     : [0.05 0.1  0.85]
  Column 6:
    Flawed : [0.7  0.15 0.15]
    Prop   : [0.7  0.15 0.15]
    GT     : [0.9  0.05 0.05]
  Column 7:
    Flawed : [0.2 0.2 0.6]
    Prop   : [0.2 0.2 0.6]
    GT     : [0.33 0.33 0.34]
----------------------------------------------------------------------
======================================================================
Overall CPT RMSE = 0.21193656
======================================================================
Deviation_in_Dispatch          Hellinger = 0.09398284
  Column 0:
    Flawed : [0.05 0.95]
    Prop   : [0.85 0.15]
    GT     : [0.05 0.95]
  Column 1:
    Flawed : [0.35 0.65]
    Prop   : [0.65 0.35]
    GT     : [0.35 0.65]
  Column 2:
    Flawed : [0.35 0.65]
    Prop   : [0.65 0.35]
    GT     : [0.35 0.65]
  Column 4:
    Flawed : [0.35 0.65]
    Prop   : [0.65 0.35]
    GT     : [0.35 0.65]
  Column 8:
    Flawed : [0.35 0.65]
    Prop   : [0.65 0.35]
    GT     : [0.35 0.65]
----------------------------------------------------------------------
Deviation_in_Response          Hellinger = 0.06531067
  Column 0:
    Flawed : [0.05 0.95]
    Prop   : [0.85 0.15]
    GT     : [0.05 0.95]
  Column 1:
    Flawed : [0.3 0.7]
    Prop   : [0.7 0.3]
    GT     : [0.3 0.7]
  Column 2:
    Flawed : [0.3 0.7]
    Prop   : [0.7 0.3]
    GT     : [0.3 0.7]
  Column 4:
    Flawed : [0.3 0.7]
    Prop   : [0.7 0.3]
    GT     : [0.3 0.7]
  Column 8:
    Flawed : [0.3 0.7]
    Prop   : [0.7 0.3]
    GT     : [0.3 0.7]
  Column 16:
    Flawed : [0.3 0.7]
    Prop   : [0.7 0.3]
    GT     : [0.3 0.7]
----------------------------------------------------------------------
Execution_Integrity            Hellinger = 0.22798071
  Column 0:
    Flawed : [0.8 0.2]
    Prop   : [0.8 0.2]
    GT     : [0.98 0.02]
  Column 1:
    Flawed : [0.7 0.3]
    Prop   : [0.7 0.3]
    GT     : [0.98 0.02]
  Column 2:
    Flawed : [0.7 0.3]
    Prop   : [0.7 0.3]
    GT     : [0.95 0.05]
  Column 3:
    Flawed : [0.3 0.7]
    Prop   : [0.3 0.7]
    GT     : [0.75 0.25]
  Column 4:
    Flawed : [0.7 0.3]
    Prop   : [0.7 0.3]
    GT     : [0.9 0.1]
  Column 5:
    Flawed : [0.7 0.3]
    Prop   : [0.7 0.3]
    GT     : [0.9 0.1]
  Column 6:
    Flawed : [0.7 0.3]
    Prop   : [0.7 0.3]
    GT     : [0.9 0.1]
  Column 7:
    Flawed : [0.2 0.8]
    Prop   : [0.2 0.8]
    GT     : [0.05 0.95]
----------------------------------------------------------------------
Root_Causes                    Hellinger = 0.19500215
  Column 0:
    Flawed : [0.3 0.3 0.4]
    Prop   : [0.3 0.3 0.4]
    GT     : [0.05 0.1  0.85]
  Column 1:
    Flawed : [0.2 0.4 0.4]
    Prop   : [0.2 0.4 0.4]
    GT     : [0.05 0.1  0.85]
  Column 2:
    Flawed : [0.4 0.4 0.2]
    Prop   : [0.4 0.4 0.2]
    GT     : [0.33 0.33 0.34]
  Column 3:
    Flawed : [0.15 0.7  0.15]
    Prop   : [0.15 0.7  0.15]
    GT     : [0.05 0.9  0.05]
  Column 4:
    Flawed : [0.15 0.15 0.7 ]
    Prop   : [0.15 0.15 0.7 ]
    GT     : [0.05 0.1  0.85]
  Column 5:
    Flawed : [0.1 0.1 0.8]
    Prop   : [0.1 0.1 0.8]
    GT     : [0.05 0.1  0.85]
  Column 6:
    Flawed : [0.7  0.15 0.15]
    Prop   : [0.7  0.15 0.15]
    GT     : [0.9  0.05 0.05]
  Column 7:
    Flawed : [0.2 0.2 0.6]
    Prop   : [0.2 0.2 0.6]
    GT     : [0.33 0.33 0.34]
----------------------------------------------------------------------
======================================================================
Overall Average Hellinger = 0.09691014
###------------------------------###

Restart 0 finished.
###------------------------------###

==============================
PIPELINE RESTART #1
==============================
Cleared: /home/shamim_ist/AgentBN/workspace/der/bn_analysis.json
Cleared: /home/shamim_ist/AgentBN/workspace/der/last_proposed_bn.jsonl
Cleared: /home/shamim_ist/AgentBN/workspace/der/dangerous_cpt_report.json
Cleared: /home/shamim_ist/AgentBN/workspace/der/failure_parameter_statistics.json
Cleared: /home/shamim_ist/AgentBN/workspace/der/diagnostic_report.json

===================================================
Dataset: /home/shamim_ist/AgentBN/datasets/der/combined_train_scenarios.csv
===================================================
Accuracy: 68.06 %
Total: 72
Successes: 49
Failures: 23
Flawed BN Accuracy: 68.06%
Initial Acceptance Threshold: 77.64%

Initial Generation Attempt 0

Activation trace saved to /home/shamim_ist/AgentBN/workspace/der/activation_trace.csv
Failure parameter statistics saved to '/home/shamim_ist/AgentBN/workspace/der/failure_parameter_statistics.json'
Valid response received on attempt 1.
Valid response received on attempt 1.

===================================================

Accuracy: 68.06%

Workflow analysis for BN #0 stored in /home/shamim_ist/AgentBN/workspace/der/bn_analysis.json
Valid response received on attempt 1.
Selected baseline BN: 0

===================================================
Dataset: /home/shamim_ist/AgentBN/datasets/der/combined_train_scenarios.csv
===================================================
Accuracy: 76.39 %
Total: 72
Successes: 55
Failures: 17

Candidate 1: Accuracy = 0.7639, Failures = 17, Successes = 55

===================================================
Dataset: /home/shamim_ist/AgentBN/datasets/der/combined_train_scenarios.csv
===================================================
Accuracy: 68.06 %
Total: 72
Successes: 49
Failures: 23

Candidate 2: Accuracy = 0.6806, Failures = 23, Successes = 49

===================================================
Dataset: /home/shamim_ist/AgentBN/datasets/der/combined_train_scenarios.csv
===================================================
Accuracy: 75.0 %
Total: 72
Successes: 54
Failures: 18

Candidate 3: Accuracy = 0.7500, Failures = 18, Successes = 54

========================================
BEST REFINEMENT CANDIDATE
========================================
Candidate 1
Accuracy: 0.7639
Failures: 17
Successes: 55

===================================================
Dataset: /home/shamim_ist/AgentBN/datasets/der/combined_train_scenarios.csv
===================================================
Accuracy: 76.39 %
Total: 72
Successes: 55
Failures: 17
Accuracy = 76.39%

Initial Generation Attempt 1
Removed workflow analysis for BN #0 from /home/shamim_ist/AgentBN/workspace/der/bn_analysis.json

Activation trace saved to /home/shamim_ist/AgentBN/workspace/der/activation_trace.csv
Failure parameter statistics saved to '/home/shamim_ist/AgentBN/workspace/der/failure_parameter_statistics.json'
Valid response received on attempt 1.
Valid response received on attempt 1.

===================================================

Accuracy: 68.06%

Workflow analysis for BN #0 stored in /home/shamim_ist/AgentBN/workspace/der/bn_analysis.json
Valid response received on attempt 1.
Selected baseline BN: 0

===================================================
Dataset: /home/shamim_ist/AgentBN/datasets/der/combined_train_scenarios.csv
===================================================
Accuracy: 58.33 %
Total: 72
Successes: 42
Failures: 30

Candidate 1: Accuracy = 0.5833, Failures = 30, Successes = 42

===================================================
Dataset: /home/shamim_ist/AgentBN/datasets/der/combined_train_scenarios.csv
===================================================
Accuracy: 68.06 %
Total: 72
Successes: 49
Failures: 23

Candidate 2: Accuracy = 0.6806, Failures = 23, Successes = 49

===================================================
Dataset: /home/shamim_ist/AgentBN/datasets/der/combined_train_scenarios.csv
===================================================
Accuracy: 68.06 %
Total: 72
Successes: 49
Failures: 23

Candidate 3: Accuracy = 0.6806, Failures = 23, Successes = 49

========================================
BEST REFINEMENT CANDIDATE
========================================
Candidate 2
Accuracy: 0.6806
Failures: 23
Successes: 49

===================================================
Dataset: /home/shamim_ist/AgentBN/datasets/der/combined_train_scenarios.csv
===================================================
Accuracy: 68.06 %
Total: 72
Successes: 49
Failures: 23
Accuracy = 68.06%

Initial Generation Attempt 2
Removed workflow analysis for BN #0 from /home/shamim_ist/AgentBN/workspace/der/bn_analysis.json

Activation trace saved to /home/shamim_ist/AgentBN/workspace/der/activation_trace.csv
Failure parameter statistics saved to '/home/shamim_ist/AgentBN/workspace/der/failure_parameter_statistics.json'
Valid response received on attempt 1.
Valid response received on attempt 1.

===================================================

Accuracy: 68.06%

Workflow analysis for BN #0 stored in /home/shamim_ist/AgentBN/workspace/der/bn_analysis.json
Valid response received on attempt 1.
Selected baseline BN: 0

===================================================
Dataset: /home/shamim_ist/AgentBN/datasets/der/combined_train_scenarios.csv
===================================================
Accuracy: 69.44 %
Total: 72
Successes: 50
Failures: 22

Candidate 1: Accuracy = 0.6944, Failures = 22, Successes = 50

===================================================
Dataset: /home/shamim_ist/AgentBN/datasets/der/combined_train_scenarios.csv
===================================================
Accuracy: 76.39 %
Total: 72
Successes: 55
Failures: 17

Candidate 2: Accuracy = 0.7639, Failures = 17, Successes = 55

===================================================
Dataset: /home/shamim_ist/AgentBN/datasets/der/combined_train_scenarios.csv
===================================================
Accuracy: 76.39 %
Total: 72
Successes: 55
Failures: 17

Candidate 3: Accuracy = 0.7639, Failures = 17, Successes = 55

========================================
BEST REFINEMENT CANDIDATE
========================================
Candidate 2
Accuracy: 0.7639
Failures: 17
Successes: 55

===================================================
Dataset: /home/shamim_ist/AgentBN/datasets/der/combined_train_scenarios.csv
===================================================
Accuracy: 76.39 %
Total: 72
Successes: 55
Failures: 17
Accuracy = 76.39%
Threshold (77.64%) not reached after 3 attempts. Using best generated BN (76.39%).
Removed workflow analysis for BN #0 from /home/shamim_ist/AgentBN/workspace/der/bn_analysis.json

Initial BN generated

===== ITERATION 2 =====

===================================================
Dataset: /home/shamim_ist/AgentBN/datasets/der/combined_train_scenarios.csv
===================================================
Accuracy: 76.39 %
Total: 72
Successes: 55
Failures: 17

Activation trace saved to /home/shamim_ist/AgentBN/workspace/der/activation_trace.csv
Failure parameter statistics saved to '/home/shamim_ist/AgentBN/workspace/der/failure_parameter_statistics.json'
Valid response received on attempt 1.
Valid response received on attempt 1.

===================================================

Accuracy: 76.39%

Workflow analysis for BN #1 stored in /home/shamim_ist/AgentBN/workspace/der/bn_analysis.json
[Format Retry 1/3] Expecting ',' delimiter: line 329 column 13 (char 7027)
[Format Retry 2/3] Expecting ',' delimiter: line 166 column 13 (char 3540)
[Format Retry 3/3] Expecting ',' delimiter: line 329 column 13 (char 7029)
Response successfully repaired on attempt 1.
Selected baseline BN: 1

===================================================
Dataset: /home/shamim_ist/AgentBN/datasets/der/combined_train_scenarios.csv
===================================================
Accuracy: 75.0 %
Total: 72
Successes: 54
Failures: 18

Candidate 1: Accuracy = 0.7500, Failures = 18, Successes = 54

===================================================
Dataset: /home/shamim_ist/AgentBN/datasets/der/combined_train_scenarios.csv
===================================================
Accuracy: 75.0 %
Total: 72
Successes: 54
Failures: 18

Candidate 2: Accuracy = 0.7500, Failures = 18, Successes = 54

===================================================
Dataset: /home/shamim_ist/AgentBN/datasets/der/combined_train_scenarios.csv
===================================================
Accuracy: 76.39 %
Total: 72
Successes: 55
Failures: 17

Candidate 3: Accuracy = 0.7639, Failures = 17, Successes = 55

========================================
BEST REFINEMENT CANDIDATE
========================================
Candidate 3
Accuracy: 0.7639
Failures: 17
Successes: 55

===================================================
Dataset: /home/shamim_ist/AgentBN/datasets/der/combined_train_scenarios.csv
===================================================
Accuracy: 76.39 %
Total: 72
Successes: 55
Failures: 17

Accuracy did not improve. Need improvement from 76.39% 
Removed 1 record(s) with bn_number=2
[Format Retry 1/3] Expecting ',' delimiter: line 329 column 13 (char 7029)
Valid response received on attempt 2.
Selected baseline BN: 1

===================================================
Dataset: /home/shamim_ist/AgentBN/datasets/der/combined_train_scenarios.csv
===================================================
Accuracy: 75.0 %
Total: 72
Successes: 54
Failures: 18

Candidate 1: Accuracy = 0.7500, Failures = 18, Successes = 54

===================================================
Dataset: /home/shamim_ist/AgentBN/datasets/der/combined_train_scenarios.csv
===================================================
Accuracy: 75.0 %
Total: 72
Successes: 54
Failures: 18

Candidate 2: Accuracy = 0.7500, Failures = 18, Successes = 54

===================================================
Dataset: /home/shamim_ist/AgentBN/datasets/der/combined_train_scenarios.csv
===================================================
Accuracy: 76.39 %
Total: 72
Successes: 55
Failures: 17

Candidate 3: Accuracy = 0.7639, Failures = 17, Successes = 55

========================================
BEST REFINEMENT CANDIDATE
========================================
Candidate 3
Accuracy: 0.7639
Failures: 17
Successes: 55

===================================================
Dataset: /home/shamim_ist/AgentBN/datasets/der/combined_train_scenarios.csv
===================================================
Accuracy: 76.39 %
Total: 72
Successes: 55
Failures: 17
Removed 1 record(s) with bn_number=2
[Format Retry 1/3] Expecting ',' delimiter: line 329 column 13 (char 7029)
[Format Retry 2/3] Expecting ',' delimiter: line 329 column 13 (char 7029)
[Format Retry 3/3] Expecting ',' delimiter: line 329 column 13 (char 7029)
Response successfully repaired on attempt 1.
Selected baseline BN: 1

===================================================
Dataset: /home/shamim_ist/AgentBN/datasets/der/combined_train_scenarios.csv
===================================================
Accuracy: 75.0 %
Total: 72
Successes: 54
Failures: 18

Candidate 1: Accuracy = 0.7500, Failures = 18, Successes = 54

===================================================
Dataset: /home/shamim_ist/AgentBN/datasets/der/combined_train_scenarios.csv
===================================================
Accuracy: 75.0 %
Total: 72
Successes: 54
Failures: 18

Candidate 2: Accuracy = 0.7500, Failures = 18, Successes = 54

===================================================
Dataset: /home/shamim_ist/AgentBN/datasets/der/combined_train_scenarios.csv
===================================================
Accuracy: 76.39 %
Total: 72
Successes: 55
Failures: 17

Candidate 3: Accuracy = 0.7639, Failures = 17, Successes = 55

========================================
BEST REFINEMENT CANDIDATE
========================================
Candidate 3
Accuracy: 0.7639
Failures: 17
Successes: 55

===================================================
Dataset: /home/shamim_ist/AgentBN/datasets/der/combined_train_scenarios.csv
===================================================
Accuracy: 76.39 %
Total: 72
Successes: 55
Failures: 17
Removed 1 record(s) with bn_number=2
[Format Retry 1/3] Expecting ',' delimiter: line 329 column 13 (char 7029)
[Format Retry 2/3] Expecting ',' delimiter: line 329 column 13 (char 7029)
[Format Retry 3/3] Expecting ',' delimiter: line 329 column 13 (char 7029)
Response successfully repaired on attempt 1.
Selected baseline BN: 1

===================================================
Dataset: /home/shamim_ist/AgentBN/datasets/der/combined_train_scenarios.csv
===================================================
Accuracy: 75.0 %
Total: 72
Successes: 54
Failures: 18

Candidate 1: Accuracy = 0.7500, Failures = 18, Successes = 54

===================================================
Dataset: /home/shamim_ist/AgentBN/datasets/der/combined_train_scenarios.csv
===================================================
Accuracy: 75.0 %
Total: 72
Successes: 54
Failures: 18

Candidate 2: Accuracy = 0.7500, Failures = 18, Successes = 54

===================================================
Dataset: /home/shamim_ist/AgentBN/datasets/der/combined_train_scenarios.csv
===================================================
Accuracy: 76.39 %
Total: 72
Successes: 55
Failures: 17

Candidate 3: Accuracy = 0.7639, Failures = 17, Successes = 55

========================================
BEST REFINEMENT CANDIDATE
========================================
Candidate 3
Accuracy: 0.7639
Failures: 17
Successes: 55

===================================================
Dataset: /home/shamim_ist/AgentBN/datasets/der/combined_train_scenarios.csv
===================================================
Accuracy: 76.39 %
Total: 72
Successes: 55
Failures: 17

No improvement after 3 retries. Selecting best retry candidate (accuracy=76.39%).
Removed 1 record(s) with bn_number=2
Continuing with retry candidate (accuracy=76.39%).

===== ITERATION 3 =====

===================================================
Dataset: /home/shamim_ist/AgentBN/datasets/der/combined_train_scenarios.csv
===================================================
Accuracy: 76.39 %
Total: 72
Successes: 55
Failures: 17

Activation trace saved to /home/shamim_ist/AgentBN/workspace/der/activation_trace.csv
Failure parameter statistics saved to '/home/shamim_ist/AgentBN/workspace/der/failure_parameter_statistics.json'
Valid response received on attempt 1.
Valid response received on attempt 1.

===================================================

Accuracy: 76.39%

Workflow analysis for BN #2 stored in /home/shamim_ist/AgentBN/workspace/der/bn_analysis.json
[Format Retry 1/3] Expecting ',' delimiter: line 329 column 13 (char 7029)
Valid response received on attempt 2.
Selected baseline BN: 1

===================================================
Dataset: /home/shamim_ist/AgentBN/datasets/der/combined_train_scenarios.csv
===================================================
Accuracy: 76.39 %
Total: 72
Successes: 55
Failures: 17

Candidate 1: Accuracy = 0.7639, Failures = 17, Successes = 55

===================================================
Dataset: /home/shamim_ist/AgentBN/datasets/der/combined_train_scenarios.csv
===================================================
Accuracy: 76.39 %
Total: 72
Successes: 55
Failures: 17

Candidate 2: Accuracy = 0.7639, Failures = 17, Successes = 55

===================================================
Dataset: /home/shamim_ist/AgentBN/datasets/der/combined_train_scenarios.csv
===================================================
Accuracy: 75.0 %
Total: 72
Successes: 54
Failures: 18

Candidate 3: Accuracy = 0.7500, Failures = 18, Successes = 54

========================================
BEST REFINEMENT CANDIDATE
========================================
Candidate 1
Accuracy: 0.7639
Failures: 17
Successes: 55

===================================================
Dataset: /home/shamim_ist/AgentBN/datasets/der/combined_train_scenarios.csv
===================================================
Accuracy: 76.39 %
Total: 72
Successes: 55
Failures: 17

Accuracy did not improve. Need improvement from 76.39% 
Removed 1 record(s) with bn_number=3
Valid response received on attempt 1.
Selected baseline BN: 1

===================================================
Dataset: /home/shamim_ist/AgentBN/datasets/der/combined_train_scenarios.csv
===================================================
Accuracy: 76.39 %
Total: 72
Successes: 55
Failures: 17

Candidate 1: Accuracy = 0.7639, Failures = 17, Successes = 55

===================================================
Dataset: /home/shamim_ist/AgentBN/datasets/der/combined_train_scenarios.csv
===================================================
Accuracy: 76.39 %
Total: 72
Successes: 55
Failures: 17

Candidate 2: Accuracy = 0.7639, Failures = 17, Successes = 55

===================================================
Dataset: /home/shamim_ist/AgentBN/datasets/der/combined_train_scenarios.csv
===================================================
Accuracy: 76.39 %
Total: 72
Successes: 55
Failures: 17

Candidate 3: Accuracy = 0.7639, Failures = 17, Successes = 55

========================================
BEST REFINEMENT CANDIDATE
========================================
Candidate 1
Accuracy: 0.7639
Failures: 17
Successes: 55

===================================================
Dataset: /home/shamim_ist/AgentBN/datasets/der/combined_train_scenarios.csv
===================================================
Accuracy: 76.39 %
Total: 72
Successes: 55
Failures: 17
Removed 1 record(s) with bn_number=3
[Format Retry 1/3] Expecting ',' delimiter: line 324 column 13 (char 6969)
Valid response received on attempt 2.
Selected baseline BN: 1

===================================================
Dataset: /home/shamim_ist/AgentBN/datasets/der/combined_train_scenarios.csv
===================================================
Accuracy: 75.0 %
Total: 72
Successes: 54
Failures: 18

Candidate 1: Accuracy = 0.7500, Failures = 18, Successes = 54

===================================================
Dataset: /home/shamim_ist/AgentBN/datasets/der/combined_train_scenarios.csv
===================================================
Accuracy: 75.0 %
Total: 72
Successes: 54
Failures: 18

Candidate 2: Accuracy = 0.7500, Failures = 18, Successes = 54

===================================================
Dataset: /home/shamim_ist/AgentBN/datasets/der/combined_train_scenarios.csv
===================================================
Accuracy: 76.39 %
Total: 72
Successes: 55
Failures: 17

Candidate 3: Accuracy = 0.7639, Failures = 17, Successes = 55

========================================
BEST REFINEMENT CANDIDATE
========================================
Candidate 3
Accuracy: 0.7639
Failures: 17
Successes: 55

===================================================
Dataset: /home/shamim_ist/AgentBN/datasets/der/combined_train_scenarios.csv
===================================================
Accuracy: 76.39 %
Total: 72
Successes: 55
Failures: 17
Removed 1 record(s) with bn_number=3
Valid response received on attempt 1.
Selected baseline BN: 1

===================================================
Dataset: /home/shamim_ist/AgentBN/datasets/der/combined_train_scenarios.csv
===================================================
Accuracy: 75.0 %
Total: 72
Successes: 54
Failures: 18

Candidate 1: Accuracy = 0.7500, Failures = 18, Successes = 54

===================================================
Dataset: /home/shamim_ist/AgentBN/datasets/der/combined_train_scenarios.csv
===================================================
Accuracy: 75.0 %
Total: 72
Successes: 54
Failures: 18

Candidate 2: Accuracy = 0.7500, Failures = 18, Successes = 54

===================================================
Dataset: /home/shamim_ist/AgentBN/datasets/der/combined_train_scenarios.csv
===================================================
Accuracy: 76.39 %
Total: 72
Successes: 55
Failures: 17

Candidate 3: Accuracy = 0.7639, Failures = 17, Successes = 55

========================================
BEST REFINEMENT CANDIDATE
========================================
Candidate 3
Accuracy: 0.7639
Failures: 17
Successes: 55

===================================================
Dataset: /home/shamim_ist/AgentBN/datasets/der/combined_train_scenarios.csv
===================================================
Accuracy: 76.39 %
Total: 72
Successes: 55
Failures: 17

No improvement after 3 retries. Selecting best retry candidate (accuracy=76.39%).
Removed 1 record(s) with bn_number=3
Continuing with retry candidate (accuracy=76.39%).

===== ITERATION 4 =====

===================================================
Dataset: /home/shamim_ist/AgentBN/datasets/der/combined_train_scenarios.csv
===================================================
Accuracy: 76.39 %
Total: 72
Successes: 55
Failures: 17

Activation trace saved to /home/shamim_ist/AgentBN/workspace/der/activation_trace.csv
Failure parameter statistics saved to '/home/shamim_ist/AgentBN/workspace/der/failure_parameter_statistics.json'
Valid response received on attempt 1.
Valid response received on attempt 1.

===================================================

Accuracy: 76.39%

Workflow analysis for BN #3 stored in /home/shamim_ist/AgentBN/workspace/der/bn_analysis.json
[Format Retry 1/3] Expecting ',' delimiter: line 329 column 13 (char 7029)
Valid response received on attempt 2.
Selected baseline BN: 1

===================================================
Dataset: /home/shamim_ist/AgentBN/datasets/der/combined_train_scenarios.csv
===================================================
Accuracy: 76.39 %
Total: 72
Successes: 55
Failures: 17

Candidate 1: Accuracy = 0.7639, Failures = 17, Successes = 55

===================================================
Dataset: /home/shamim_ist/AgentBN/datasets/der/combined_train_scenarios.csv
===================================================
Accuracy: 76.39 %
Total: 72
Successes: 55
Failures: 17

Candidate 2: Accuracy = 0.7639, Failures = 17, Successes = 55

===================================================
Dataset: /home/shamim_ist/AgentBN/datasets/der/combined_train_scenarios.csv
===================================================
Accuracy: 76.39 %
Total: 72
Successes: 55
Failures: 17

Candidate 3: Accuracy = 0.7639, Failures = 17, Successes = 55

========================================
BEST REFINEMENT CANDIDATE
========================================
Candidate 1
Accuracy: 0.7639
Failures: 17
Successes: 55

===================================================
Dataset: /home/shamim_ist/AgentBN/datasets/der/combined_train_scenarios.csv
===================================================
Accuracy: 76.39 %
Total: 72
Successes: 55
Failures: 17

Accuracy did not improve. Need improvement from 76.39% 
Removed 1 record(s) with bn_number=4
[Format Retry 1/3] Expecting ',' delimiter: line 324 column 13 (char 6969)
Valid response received on attempt 2.
Selected baseline BN: 1

===================================================
Dataset: /home/shamim_ist/AgentBN/datasets/der/combined_train_scenarios.csv
===================================================
Accuracy: 76.39 %
Total: 72
Successes: 55
Failures: 17

Candidate 1: Accuracy = 0.7639, Failures = 17, Successes = 55

===================================================
Dataset: /home/shamim_ist/AgentBN/datasets/der/combined_train_scenarios.csv
===================================================
Accuracy: 76.39 %
Total: 72
Successes: 55
Failures: 17

Candidate 2: Accuracy = 0.7639, Failures = 17, Successes = 55

===================================================
Dataset: /home/shamim_ist/AgentBN/datasets/der/combined_train_scenarios.csv
===================================================
Accuracy: 76.39 %
Total: 72
Successes: 55
Failures: 17

Candidate 3: Accuracy = 0.7639, Failures = 17, Successes = 55

========================================
BEST REFINEMENT CANDIDATE
========================================
Candidate 1
Accuracy: 0.7639
Failures: 17
Successes: 55

===================================================
Dataset: /home/shamim_ist/AgentBN/datasets/der/combined_train_scenarios.csv
===================================================
Accuracy: 76.39 %
Total: 72
Successes: 55
Failures: 17
Removed 1 record(s) with bn_number=4
[Format Retry 1/3] Expecting ',' delimiter: line 487 column 13 (char 10450)
[Format Retry 2/3] Expecting ',' delimiter: line 329 column 13 (char 7029)
Valid response received on attempt 3.
Selected baseline BN: 1

===================================================
Dataset: /home/shamim_ist/AgentBN/datasets/der/combined_train_scenarios.csv
===================================================
Accuracy: 75.0 %
Total: 72
Successes: 54
Failures: 18

Candidate 1: Accuracy = 0.7500, Failures = 18, Successes = 54

===================================================
Dataset: /home/shamim_ist/AgentBN/datasets/der/combined_train_scenarios.csv
===================================================
Accuracy: 75.0 %
Total: 72
Successes: 54
Failures: 18

Candidate 2: Accuracy = 0.7500, Failures = 18, Successes = 54

===================================================
Dataset: /home/shamim_ist/AgentBN/datasets/der/combined_train_scenarios.csv
===================================================
Accuracy: 76.39 %
Total: 72
Successes: 55
Failures: 17

Candidate 3: Accuracy = 0.7639, Failures = 17, Successes = 55

========================================
BEST REFINEMENT CANDIDATE
========================================
Candidate 3
Accuracy: 0.7639
Failures: 17
Successes: 55

===================================================
Dataset: /home/shamim_ist/AgentBN/datasets/der/combined_train_scenarios.csv
===================================================
Accuracy: 76.39 %
Total: 72
Successes: 55
Failures: 17
Removed 1 record(s) with bn_number=4
[Format Retry 1/3] Expecting ',' delimiter: line 161 column 13 (char 3468)
[Format Retry 2/3] Expecting ',' delimiter: line 166 column 13 (char 3540)
Valid response received on attempt 3.
Selected baseline BN: 1

===================================================
Dataset: /home/shamim_ist/AgentBN/datasets/der/combined_train_scenarios.csv
===================================================
Accuracy: 76.39 %
Total: 72
Successes: 55
Failures: 17

Candidate 1: Accuracy = 0.7639, Failures = 17, Successes = 55

===================================================
Dataset: /home/shamim_ist/AgentBN/datasets/der/combined_train_scenarios.csv
===================================================
Accuracy: 76.39 %
Total: 72
Successes: 55
Failures: 17

Candidate 2: Accuracy = 0.7639, Failures = 17, Successes = 55

===================================================
Dataset: /home/shamim_ist/AgentBN/datasets/der/combined_train_scenarios.csv
===================================================
Accuracy: 76.39 %
Total: 72
Successes: 55
Failures: 17

Candidate 3: Accuracy = 0.7639, Failures = 17, Successes = 55

========================================
BEST REFINEMENT CANDIDATE
========================================
Candidate 1
Accuracy: 0.7639
Failures: 17
Successes: 55

===================================================
Dataset: /home/shamim_ist/AgentBN/datasets/der/combined_train_scenarios.csv
===================================================
Accuracy: 76.39 %
Total: 72
Successes: 55
Failures: 17

No improvement after 3 retries. Selecting best retry candidate (accuracy=76.39%).
Removed 1 record(s) with bn_number=4
Continuing with retry candidate (accuracy=76.39%).

===================================================
Dataset: /home/shamim_ist/AgentBN/datasets/der/combined_train_scenarios.csv
===================================================
Accuracy: 68.06 %
Total: 72
Successes: 49
Failures: 23

===================================================
Dataset: /home/shamim_ist/AgentBN/datasets/der/combined_train_scenarios.csv
===================================================
Accuracy: 76.39 %
Total: 72
Successes: 55
Failures: 17

===================================================
Dataset: /home/shamim_ist/AgentBN/datasets/der/combined_train_scenarios.csv
===================================================
Accuracy: 76.39 %
Total: 72
Successes: 55
Failures: 17

===================================================
Dataset: /home/shamim_ist/AgentBN/datasets/der/combined_train_scenarios.csv
===================================================
Accuracy: 76.39 %
Total: 72
Successes: 55
Failures: 17

===================================================
Dataset: /home/shamim_ist/AgentBN/datasets/der/combined_train_scenarios.csv
===================================================
Accuracy: 76.39 %
Total: 72
Successes: 55
Failures: 17


Best BN Number: 4
Best BN Accuracy: 0.7638888888888888
Saved CPT identity comparison to /home/shamim_ist/AgentBN/workspace/der/cpt_comparison_analysis.json
BN number: 4
Agent change verdict: good
Expected changed CPTs: ['Execution_Integrity', 'Root_Causes']
Agent changed CPTs: ['Deviation_in_Dispatch', 'Deviation_in_Response', 'Execution_Integrity']
Unexpected changed CPTs: ['Deviation_in_Dispatch', 'Deviation_in_Response']
{'bn_number': 4, 'agent_changed_cpt_count': 3, 'agent_changed_cpts': ['Deviation_in_Dispatch', 'Deviation_in_Response', 'Execution_Integrity'], 'agent_change_report': {'verdict': 'good', 'total_cpts': 20, 'expected_changed_count': 2, 'expected_changed_cpts': ['Execution_Integrity', 'Root_Causes'], 'agent_changed_count': 3, 'agent_changed_cpts': ['Deviation_in_Dispatch', 'Deviation_in_Response', 'Execution_Integrity'], 'matched_expected_count': 1, 'matched_expected_cpts': ['Execution_Integrity'], 'missed_expected_count': 1, 'missed_expected_cpts': ['Root_Causes'], 'unexpected_changed_count': 2, 'unexpected_changed_cpts': ['Deviation_in_Dispatch', 'Deviation_in_Response'], 'unflawed_cpt_count': 18, 'untouched_unflawed_count': 16, 'untouched_unflawed_cpts': ['GPTN_1', 'GPTN_2', 'GPTN_3', 'GPTN_5', 'LPTN_1_i', 'LPTN_1_ii', 'LPTN_1_iii', 'LPTN_1_iv', 'LPTN_1_ix', 'LPTN_1_v', 'LPTN_1_vi', 'LPTN_1_viii', 'LPTN_1_x', 'Network_Manipulation', 'Physical_Anomaly', 'Program_Anomaly'], 'expected_change_recall': 0.5, 'unexpected_change_rate': 0.1111, 'unflawed_preservation_rate': 0.8889}}
======================================================================
Deviation_in_Dispatch          0.12463804
  Column 0:
    Flawed : [0.05 0.95]
    Prop   : [0.9 0.1]
    GT     : [0.05 0.95]
----------------------------------------------------------------------
Deviation_in_Response          0.06231902
  Column 0:
    Flawed : [0.05 0.95]
    Prop   : [0.9 0.1]
    GT     : [0.05 0.95]
----------------------------------------------------------------------
Execution_Integrity            0.14468932
  Column 0:
    Flawed : [0.8 0.2]
    Prop   : [0.8 0.2]
    GT     : [0.98 0.02]
  Column 1:
    Flawed : [0.7 0.3]
    Prop   : [0.7 0.3]
    GT     : [0.98 0.02]
  Column 2:
    Flawed : [0.7 0.3]
    Prop   : [0.7 0.3]
    GT     : [0.95 0.05]
  Column 3:
    Flawed : [0.3 0.7]
    Prop   : [0.55 0.45]
    GT     : [0.75 0.25]
  Column 4:
    Flawed : [0.7 0.3]
    Prop   : [0.7 0.3]
    GT     : [0.9 0.1]
  Column 5:
    Flawed : [0.7 0.3]
    Prop   : [0.7 0.3]
    GT     : [0.9 0.1]
  Column 6:
    Flawed : [0.7 0.3]
    Prop   : [0.7 0.3]
    GT     : [0.9 0.1]
  Column 7:
    Flawed : [0.2 0.8]
    Prop   : [0.2 0.8]
    GT     : [0.05 0.95]
----------------------------------------------------------------------
Root_Causes                    0.17299207
  Column 0:
    Flawed : [0.3 0.3 0.4]
    Prop   : [0.3 0.3 0.4]
    GT     : [0.05 0.1  0.85]
  Column 1:
    Flawed : [0.2 0.4 0.4]
    Prop   : [0.2 0.4 0.4]
    GT     : [0.05 0.1  0.85]
  Column 2:
    Flawed : [0.4 0.4 0.2]
    Prop   : [0.4 0.4 0.2]
    GT     : [0.33 0.33 0.34]
  Column 3:
    Flawed : [0.15 0.7  0.15]
    Prop   : [0.15 0.7  0.15]
    GT     : [0.05 0.9  0.05]
  Column 4:
    Flawed : [0.15 0.15 0.7 ]
    Prop   : [0.15 0.15 0.7 ]
    GT     : [0.05 0.1  0.85]
  Column 5:
    Flawed : [0.1 0.1 0.8]
    Prop   : [0.1 0.1 0.8]
    GT     : [0.05 0.1  0.85]
  Column 6:
    Flawed : [0.7  0.15 0.15]
    Prop   : [0.7  0.15 0.15]
    GT     : [0.9  0.05 0.05]
  Column 7:
    Flawed : [0.2 0.2 0.6]
    Prop   : [0.2 0.2 0.6]
    GT     : [0.33 0.33 0.34]
----------------------------------------------------------------------
======================================================================
Overall Average CPT KL = 0.09069262
======================================================================
Deviation_in_Dispatch          RMSE = 0.21250000
  Column 0:
    Flawed : [0.05 0.95]
    Prop   : [0.9 0.1]
    GT     : [0.05 0.95]
----------------------------------------------------------------------
Deviation_in_Response          RMSE = 0.15026019
  Column 0:
    Flawed : [0.05 0.95]
    Prop   : [0.9 0.1]
    GT     : [0.05 0.95]
----------------------------------------------------------------------
Execution_Integrity            RMSE = 0.21089097
  Column 0:
    Flawed : [0.8 0.2]
    Prop   : [0.8 0.2]
    GT     : [0.98 0.02]
  Column 1:
    Flawed : [0.7 0.3]
    Prop   : [0.7 0.3]
    GT     : [0.98 0.02]
  Column 2:
    Flawed : [0.7 0.3]
    Prop   : [0.7 0.3]
    GT     : [0.95 0.05]
  Column 3:
    Flawed : [0.3 0.7]
    Prop   : [0.55 0.45]
    GT     : [0.75 0.25]
  Column 4:
    Flawed : [0.7 0.3]
    Prop   : [0.7 0.3]
    GT     : [0.9 0.1]
  Column 5:
    Flawed : [0.7 0.3]
    Prop   : [0.7 0.3]
    GT     : [0.9 0.1]
  Column 6:
    Flawed : [0.7 0.3]
    Prop   : [0.7 0.3]
    GT     : [0.9 0.1]
  Column 7:
    Flawed : [0.2 0.8]
    Prop   : [0.2 0.8]
    GT     : [0.05 0.95]
----------------------------------------------------------------------
Root_Causes                    RMSE = 0.19480760
  Column 0:
    Flawed : [0.3 0.3 0.4]
    Prop   : [0.3 0.3 0.4]
    GT     : [0.05 0.1  0.85]
  Column 1:
    Flawed : [0.2 0.4 0.4]
    Prop   : [0.2 0.4 0.4]
    GT     : [0.05 0.1  0.85]
  Column 2:
    Flawed : [0.4 0.4 0.2]
    Prop   : [0.4 0.4 0.2]
    GT     : [0.33 0.33 0.34]
  Column 3:
    Flawed : [0.15 0.7  0.15]
    Prop   : [0.15 0.7  0.15]
    GT     : [0.05 0.9  0.05]
  Column 4:
    Flawed : [0.15 0.15 0.7 ]
    Prop   : [0.15 0.15 0.7 ]
    GT     : [0.05 0.1  0.85]
  Column 5:
    Flawed : [0.1 0.1 0.8]
    Prop   : [0.1 0.1 0.8]
    GT     : [0.05 0.1  0.85]
  Column 6:
    Flawed : [0.7  0.15 0.15]
    Prop   : [0.7  0.15 0.15]
    GT     : [0.9  0.05 0.05]
  Column 7:
    Flawed : [0.2 0.2 0.6]
    Prop   : [0.2 0.2 0.6]
    GT     : [0.33 0.33 0.34]
----------------------------------------------------------------------
======================================================================
Overall CPT RMSE = 0.17229870
======================================================================
Deviation_in_Dispatch          Hellinger = 0.04328536
  Column 0:
    Flawed : [0.05 0.95]
    Prop   : [0.9 0.1]
    GT     : [0.05 0.95]
----------------------------------------------------------------------
Deviation_in_Response          Hellinger = 0.02164268
  Column 0:
    Flawed : [0.05 0.95]
    Prop   : [0.9 0.1]
    GT     : [0.05 0.95]
----------------------------------------------------------------------
Execution_Integrity            Hellinger = 0.20570772
  Column 0:
    Flawed : [0.8 0.2]
    Prop   : [0.8 0.2]
    GT     : [0.98 0.02]
  Column 1:
    Flawed : [0.7 0.3]
    Prop   : [0.7 0.3]
    GT     : [0.98 0.02]
  Column 2:
    Flawed : [0.7 0.3]
    Prop   : [0.7 0.3]
    GT     : [0.95 0.05]
  Column 3:
    Flawed : [0.3 0.7]
    Prop   : [0.55 0.45]
    GT     : [0.75 0.25]
  Column 4:
    Flawed : [0.7 0.3]
    Prop   : [0.7 0.3]
    GT     : [0.9 0.1]
  Column 5:
    Flawed : [0.7 0.3]
    Prop   : [0.7 0.3]
    GT     : [0.9 0.1]
  Column 6:
    Flawed : [0.7 0.3]
    Prop   : [0.7 0.3]
    GT     : [0.9 0.1]
  Column 7:
    Flawed : [0.2 0.8]
    Prop   : [0.2 0.8]
    GT     : [0.05 0.95]
----------------------------------------------------------------------
Root_Causes                    Hellinger = 0.19500215
  Column 0:
    Flawed : [0.3 0.3 0.4]
    Prop   : [0.3 0.3 0.4]
    GT     : [0.05 0.1  0.85]
  Column 1:
    Flawed : [0.2 0.4 0.4]
    Prop   : [0.2 0.4 0.4]
    GT     : [0.05 0.1  0.85]
  Column 2:
    Flawed : [0.4 0.4 0.2]
    Prop   : [0.4 0.4 0.2]
    GT     : [0.33 0.33 0.34]
  Column 3:
    Flawed : [0.15 0.7  0.15]
    Prop   : [0.15 0.7  0.15]
    GT     : [0.05 0.9  0.05]
  Column 4:
    Flawed : [0.15 0.15 0.7 ]
    Prop   : [0.15 0.15 0.7 ]
    GT     : [0.05 0.1  0.85]
  Column 5:
    Flawed : [0.1 0.1 0.8]
    Prop   : [0.1 0.1 0.8]
    GT     : [0.05 0.1  0.85]
  Column 6:
    Flawed : [0.7  0.15 0.15]
    Prop   : [0.7  0.15 0.15]
    GT     : [0.9  0.05 0.05]
  Column 7:
    Flawed : [0.2 0.2 0.6]
    Prop   : [0.2 0.2 0.6]
    GT     : [0.33 0.33 0.34]
----------------------------------------------------------------------
======================================================================
Overall Average Hellinger = 0.06376126
###------------------------------###

Restart 1 finished.
###------------------------------###

==============================
PIPELINE RESTART #2
==============================
Cleared: /home/shamim_ist/AgentBN/workspace/der/bn_analysis.json
Cleared: /home/shamim_ist/AgentBN/workspace/der/last_proposed_bn.jsonl
Cleared: /home/shamim_ist/AgentBN/workspace/der/dangerous_cpt_report.json
Cleared: /home/shamim_ist/AgentBN/workspace/der/failure_parameter_statistics.json
Cleared: /home/shamim_ist/AgentBN/workspace/der/diagnostic_report.json

===================================================
Dataset: /home/shamim_ist/AgentBN/datasets/der/combined_train_scenarios.csv
===================================================
Accuracy: 68.06 %
Total: 72
Successes: 49
Failures: 23
Flawed BN Accuracy: 68.06%
Initial Acceptance Threshold: 77.64%

Initial Generation Attempt 0

Activation trace saved to /home/shamim_ist/AgentBN/workspace/der/activation_trace.csv
Failure parameter statistics saved to '/home/shamim_ist/AgentBN/workspace/der/failure_parameter_statistics.json'
Valid response received on attempt 1.
Valid response received on attempt 1.

===================================================

Accuracy: 68.06%

Workflow analysis for BN #0 stored in /home/shamim_ist/AgentBN/workspace/der/bn_analysis.json
[Format Retry 1/3] Expecting ',' delimiter: line 426 column 13 (char 9127)
[Format Retry 2/3] Expecting ',' delimiter: line 263 column 13 (char 5634)
Valid response received on attempt 3.
Selected baseline BN: 0

===================================================
Dataset: /home/shamim_ist/AgentBN/datasets/der/combined_train_scenarios.csv
===================================================
Accuracy: 69.44 %
Total: 72
Successes: 50
Failures: 22

Candidate 1: Accuracy = 0.6944, Failures = 22, Successes = 50

===================================================
Dataset: /home/shamim_ist/AgentBN/datasets/der/combined_train_scenarios.csv
===================================================
Accuracy: 76.39 %
Total: 72
Successes: 55
Failures: 17

Candidate 2: Accuracy = 0.7639, Failures = 17, Successes = 55

===================================================
Dataset: /home/shamim_ist/AgentBN/datasets/der/combined_train_scenarios.csv
===================================================
Accuracy: 76.39 %
Total: 72
Successes: 55
Failures: 17

Candidate 3: Accuracy = 0.7639, Failures = 17, Successes = 55

========================================
BEST REFINEMENT CANDIDATE
========================================
Candidate 2
Accuracy: 0.7639
Failures: 17
Successes: 55

===================================================
Dataset: /home/shamim_ist/AgentBN/datasets/der/combined_train_scenarios.csv
===================================================
Accuracy: 76.39 %
Total: 72
Successes: 55
Failures: 17
Accuracy = 76.39%

Initial Generation Attempt 1
Removed workflow analysis for BN #0 from /home/shamim_ist/AgentBN/workspace/der/bn_analysis.json

Activation trace saved to /home/shamim_ist/AgentBN/workspace/der/activation_trace.csv
Failure parameter statistics saved to '/home/shamim_ist/AgentBN/workspace/der/failure_parameter_statistics.json'
Valid response received on attempt 1.
Valid response received on attempt 1.

===================================================

Accuracy: 68.06%

Workflow analysis for BN #0 stored in /home/shamim_ist/AgentBN/workspace/der/bn_analysis.json
Valid response received on attempt 1.
Selected baseline BN: 0

===================================================
Dataset: /home/shamim_ist/AgentBN/datasets/der/combined_train_scenarios.csv
===================================================
Accuracy: 58.33 %
Total: 72
Successes: 42
Failures: 30

Candidate 1: Accuracy = 0.5833, Failures = 30, Successes = 42

===================================================
Dataset: /home/shamim_ist/AgentBN/datasets/der/combined_train_scenarios.csv
===================================================
Accuracy: 79.17 %
Total: 72
Successes: 57
Failures: 15

Candidate 2: Accuracy = 0.7917, Failures = 15, Successes = 57

===================================================
Dataset: /home/shamim_ist/AgentBN/datasets/der/combined_train_scenarios.csv
===================================================
Accuracy: 76.39 %
Total: 72
Successes: 55
Failures: 17

Candidate 3: Accuracy = 0.7639, Failures = 17, Successes = 55

========================================
BEST REFINEMENT CANDIDATE
========================================
Candidate 2
Accuracy: 0.7917
Failures: 15
Successes: 57

===================================================
Dataset: /home/shamim_ist/AgentBN/datasets/der/combined_train_scenarios.csv
===================================================
Accuracy: 79.17 %
Total: 72
Successes: 57
Failures: 15
Accuracy = 79.17%
Initial BN accepted.
Accepted initial BN (79.17%).
Removed workflow analysis for BN #0 from /home/shamim_ist/AgentBN/workspace/der/bn_analysis.json

Initial BN generated

===== ITERATION 2 =====

===================================================
Dataset: /home/shamim_ist/AgentBN/datasets/der/combined_train_scenarios.csv
===================================================
Accuracy: 79.17 %
Total: 72
Successes: 57
Failures: 15

Activation trace saved to /home/shamim_ist/AgentBN/workspace/der/activation_trace.csv
Failure parameter statistics saved to '/home/shamim_ist/AgentBN/workspace/der/failure_parameter_statistics.json'
Valid response received on attempt 1.
Valid response received on attempt 1.

===================================================

Accuracy: 79.17%

Workflow analysis for BN #1 stored in /home/shamim_ist/AgentBN/workspace/der/bn_analysis.json
Valid response received on attempt 1.
Selected baseline BN: 1

===================================================
Dataset: /home/shamim_ist/AgentBN/datasets/der/combined_train_scenarios.csv
===================================================
Accuracy: 79.17 %
Total: 72
Successes: 57
Failures: 15

Candidate 1: Accuracy = 0.7917, Failures = 15, Successes = 57

===================================================
Dataset: /home/shamim_ist/AgentBN/datasets/der/combined_train_scenarios.csv
===================================================
Accuracy: 79.17 %
Total: 72
Successes: 57
Failures: 15

Candidate 2: Accuracy = 0.7917, Failures = 15, Successes = 57

===================================================
Dataset: /home/shamim_ist/AgentBN/datasets/der/combined_train_scenarios.csv
===================================================
Accuracy: 79.17 %
Total: 72
Successes: 57
Failures: 15

Candidate 3: Accuracy = 0.7917, Failures = 15, Successes = 57

========================================
BEST REFINEMENT CANDIDATE
========================================
Candidate 1
Accuracy: 0.7917
Failures: 15
Successes: 57

===================================================
Dataset: /home/shamim_ist/AgentBN/datasets/der/combined_train_scenarios.csv
===================================================
Accuracy: 79.17 %
Total: 72
Successes: 57
Failures: 15

Accuracy did not improve. Need improvement from 79.17% 
Removed 1 record(s) with bn_number=2
Valid response received on attempt 1.
Selected baseline BN: 1

===================================================
Dataset: /home/shamim_ist/AgentBN/datasets/der/combined_train_scenarios.csv
===================================================
Accuracy: 79.17 %
Total: 72
Successes: 57
Failures: 15

Candidate 1: Accuracy = 0.7917, Failures = 15, Successes = 57

===================================================
Dataset: /home/shamim_ist/AgentBN/datasets/der/combined_train_scenarios.csv
===================================================
Accuracy: 79.17 %
Total: 72
Successes: 57
Failures: 15

Candidate 2: Accuracy = 0.7917, Failures = 15, Successes = 57

===================================================
Dataset: /home/shamim_ist/AgentBN/datasets/der/combined_train_scenarios.csv
===================================================
Accuracy: 79.17 %
Total: 72
Successes: 57
Failures: 15

Candidate 3: Accuracy = 0.7917, Failures = 15, Successes = 57

========================================
BEST REFINEMENT CANDIDATE
========================================
Candidate 1
Accuracy: 0.7917
Failures: 15
Successes: 57

===================================================
Dataset: /home/shamim_ist/AgentBN/datasets/der/combined_train_scenarios.csv
===================================================
Accuracy: 79.17 %
Total: 72
Successes: 57
Failures: 15
Removed 1 record(s) with bn_number=2
Valid response received on attempt 1.
Selected baseline BN: 1

===================================================
Dataset: /home/shamim_ist/AgentBN/datasets/der/combined_train_scenarios.csv
===================================================
Accuracy: 79.17 %
Total: 72
Successes: 57
Failures: 15

Candidate 1: Accuracy = 0.7917, Failures = 15, Successes = 57

===================================================
Dataset: /home/shamim_ist/AgentBN/datasets/der/combined_train_scenarios.csv
===================================================
Accuracy: 79.17 %
Total: 72
Successes: 57
Failures: 15

Candidate 2: Accuracy = 0.7917, Failures = 15, Successes = 57

===================================================
Dataset: /home/shamim_ist/AgentBN/datasets/der/combined_train_scenarios.csv
===================================================
Accuracy: 79.17 %
Total: 72
Successes: 57
Failures: 15

Candidate 3: Accuracy = 0.7917, Failures = 15, Successes = 57

========================================
BEST REFINEMENT CANDIDATE
========================================
Candidate 1
Accuracy: 0.7917
Failures: 15
Successes: 57

===================================================
Dataset: /home/shamim_ist/AgentBN/datasets/der/combined_train_scenarios.csv
===================================================
Accuracy: 79.17 %
Total: 72
Successes: 57
Failures: 15
Removed 1 record(s) with bn_number=2
Valid response received on attempt 1.
Selected baseline BN: 1

===================================================
Dataset: /home/shamim_ist/AgentBN/datasets/der/combined_train_scenarios.csv
===================================================
Accuracy: 79.17 %
Total: 72
Successes: 57
Failures: 15

Candidate 1: Accuracy = 0.7917, Failures = 15, Successes = 57

===================================================
Dataset: /home/shamim_ist/AgentBN/datasets/der/combined_train_scenarios.csv
===================================================
Accuracy: 79.17 %
Total: 72
Successes: 57
Failures: 15

Candidate 2: Accuracy = 0.7917, Failures = 15, Successes = 57

===================================================
Dataset: /home/shamim_ist/AgentBN/datasets/der/combined_train_scenarios.csv
===================================================
Accuracy: 79.17 %
Total: 72
Successes: 57
Failures: 15

Candidate 3: Accuracy = 0.7917, Failures = 15, Successes = 57

========================================
BEST REFINEMENT CANDIDATE
========================================
Candidate 1
Accuracy: 0.7917
Failures: 15
Successes: 57

===================================================
Dataset: /home/shamim_ist/AgentBN/datasets/der/combined_train_scenarios.csv
===================================================
Accuracy: 79.17 %
Total: 72
Successes: 57
Failures: 15

No improvement after 3 retries. Selecting best retry candidate (accuracy=79.17%).
Removed 1 record(s) with bn_number=2
Continuing with retry candidate (accuracy=79.17%).

===== ITERATION 3 =====

===================================================
Dataset: /home/shamim_ist/AgentBN/datasets/der/combined_train_scenarios.csv
===================================================
Accuracy: 79.17 %
Total: 72
Successes: 57
Failures: 15

Activation trace saved to /home/shamim_ist/AgentBN/workspace/der/activation_trace.csv
Failure parameter statistics saved to '/home/shamim_ist/AgentBN/workspace/der/failure_parameter_statistics.json'
Valid response received on attempt 1.
Valid response received on attempt 1.

===================================================

Accuracy: 79.17%

Workflow analysis for BN #2 stored in /home/shamim_ist/AgentBN/workspace/der/bn_analysis.json
Valid response received on attempt 1.
Selected baseline BN: 1

===================================================
Dataset: /home/shamim_ist/AgentBN/datasets/der/combined_train_scenarios.csv
===================================================
Accuracy: 79.17 %
Total: 72
Successes: 57
Failures: 15

Candidate 1: Accuracy = 0.7917, Failures = 15, Successes = 57

===================================================
Dataset: /home/shamim_ist/AgentBN/datasets/der/combined_train_scenarios.csv
===================================================
Accuracy: 79.17 %
Total: 72
Successes: 57
Failures: 15

Candidate 2: Accuracy = 0.7917, Failures = 15, Successes = 57

===================================================
Dataset: /home/shamim_ist/AgentBN/datasets/der/combined_train_scenarios.csv
===================================================
Accuracy: 79.17 %
Total: 72
Successes: 57
Failures: 15

Candidate 3: Accuracy = 0.7917, Failures = 15, Successes = 57

========================================
BEST REFINEMENT CANDIDATE
========================================
Candidate 1
Accuracy: 0.7917
Failures: 15
Successes: 57

===================================================
Dataset: /home/shamim_ist/AgentBN/datasets/der/combined_train_scenarios.csv
===================================================
Accuracy: 79.17 %
Total: 72
Successes: 57
Failures: 15

Accuracy did not improve. Need improvement from 79.17% 
Removed 1 record(s) with bn_number=3
Valid response received on attempt 1.
Selected baseline BN: 1

===================================================
Dataset: /home/shamim_ist/AgentBN/datasets/der/combined_train_scenarios.csv
===================================================
Accuracy: 79.17 %
Total: 72
Successes: 57
Failures: 15

Candidate 1: Accuracy = 0.7917, Failures = 15, Successes = 57

===================================================
Dataset: /home/shamim_ist/AgentBN/datasets/der/combined_train_scenarios.csv
===================================================
Accuracy: 79.17 %
Total: 72
Successes: 57
Failures: 15

Candidate 2: Accuracy = 0.7917, Failures = 15, Successes = 57

===================================================
Dataset: /home/shamim_ist/AgentBN/datasets/der/combined_train_scenarios.csv
===================================================
Accuracy: 79.17 %
Total: 72
Successes: 57
Failures: 15

Candidate 3: Accuracy = 0.7917, Failures = 15, Successes = 57

========================================
BEST REFINEMENT CANDIDATE
========================================
Candidate 1
Accuracy: 0.7917
Failures: 15
Successes: 57

===================================================
Dataset: /home/shamim_ist/AgentBN/datasets/der/combined_train_scenarios.csv
===================================================
Accuracy: 79.17 %
Total: 72
Successes: 57
Failures: 15
Removed 1 record(s) with bn_number=3
Valid response received on attempt 1.
Selected baseline BN: 1

===================================================
Dataset: /home/shamim_ist/AgentBN/datasets/der/combined_train_scenarios.csv
===================================================
Accuracy: 79.17 %
Total: 72
Successes: 57
Failures: 15

Candidate 1: Accuracy = 0.7917, Failures = 15, Successes = 57

===================================================
Dataset: /home/shamim_ist/AgentBN/datasets/der/combined_train_scenarios.csv
===================================================
Accuracy: 79.17 %
Total: 72
Successes: 57
Failures: 15

Candidate 2: Accuracy = 0.7917, Failures = 15, Successes = 57

===================================================
Dataset: /home/shamim_ist/AgentBN/datasets/der/combined_train_scenarios.csv
===================================================
Accuracy: 79.17 %
Total: 72
Successes: 57
Failures: 15

Candidate 3: Accuracy = 0.7917, Failures = 15, Successes = 57

========================================
BEST REFINEMENT CANDIDATE
========================================
Candidate 1
Accuracy: 0.7917
Failures: 15
Successes: 57

===================================================
Dataset: /home/shamim_ist/AgentBN/datasets/der/combined_train_scenarios.csv
===================================================
Accuracy: 79.17 %
Total: 72
Successes: 57
Failures: 15
Removed 1 record(s) with bn_number=3
Valid response received on attempt 1.
Selected baseline BN: 1

===================================================
Dataset: /home/shamim_ist/AgentBN/datasets/der/combined_train_scenarios.csv
===================================================
Accuracy: 79.17 %
Total: 72
Successes: 57
Failures: 15

Candidate 1: Accuracy = 0.7917, Failures = 15, Successes = 57

===================================================
Dataset: /home/shamim_ist/AgentBN/datasets/der/combined_train_scenarios.csv
===================================================
Accuracy: 79.17 %
Total: 72
Successes: 57
Failures: 15

Candidate 2: Accuracy = 0.7917, Failures = 15, Successes = 57

===================================================
Dataset: /home/shamim_ist/AgentBN/datasets/der/combined_train_scenarios.csv
===================================================
Accuracy: 79.17 %
Total: 72
Successes: 57
Failures: 15

Candidate 3: Accuracy = 0.7917, Failures = 15, Successes = 57

========================================
BEST REFINEMENT CANDIDATE
========================================
Candidate 1
Accuracy: 0.7917
Failures: 15
Successes: 57

===================================================
Dataset: /home/shamim_ist/AgentBN/datasets/der/combined_train_scenarios.csv
===================================================
Accuracy: 79.17 %
Total: 72
Successes: 57
Failures: 15

No improvement after 3 retries. Selecting best retry candidate (accuracy=79.17%).
Removed 1 record(s) with bn_number=3
Continuing with retry candidate (accuracy=79.17%).

===== ITERATION 4 =====

===================================================
Dataset: /home/shamim_ist/AgentBN/datasets/der/combined_train_scenarios.csv
===================================================
Accuracy: 79.17 %
Total: 72
Successes: 57
Failures: 15

Activation trace saved to /home/shamim_ist/AgentBN/workspace/der/activation_trace.csv
Failure parameter statistics saved to '/home/shamim_ist/AgentBN/workspace/der/failure_parameter_statistics.json'
Valid response received on attempt 1.
Valid response received on attempt 1.

===================================================

Accuracy: 79.17%

Workflow analysis for BN #3 stored in /home/shamim_ist/AgentBN/workspace/der/bn_analysis.json
Valid response received on attempt 1.
Selected baseline BN: 1

===================================================
Dataset: /home/shamim_ist/AgentBN/datasets/der/combined_train_scenarios.csv
===================================================
Accuracy: 79.17 %
Total: 72
Successes: 57
Failures: 15

Candidate 1: Accuracy = 0.7917, Failures = 15, Successes = 57

===================================================
Dataset: /home/shamim_ist/AgentBN/datasets/der/combined_train_scenarios.csv
===================================================
Accuracy: 79.17 %
Total: 72
Successes: 57
Failures: 15

Candidate 2: Accuracy = 0.7917, Failures = 15, Successes = 57

===================================================
Dataset: /home/shamim_ist/AgentBN/datasets/der/combined_train_scenarios.csv
===================================================
Accuracy: 79.17 %
Total: 72
Successes: 57
Failures: 15

Candidate 3: Accuracy = 0.7917, Failures = 15, Successes = 57

========================================
BEST REFINEMENT CANDIDATE
========================================
Candidate 1
Accuracy: 0.7917
Failures: 15
Successes: 57

===================================================
Dataset: /home/shamim_ist/AgentBN/datasets/der/combined_train_scenarios.csv
===================================================
Accuracy: 79.17 %
Total: 72
Successes: 57
Failures: 15

Accuracy did not improve. Need improvement from 79.17% 
Removed 1 record(s) with bn_number=4
Valid response received on attempt 1.
Selected baseline BN: 1

===================================================
Dataset: /home/shamim_ist/AgentBN/datasets/der/combined_train_scenarios.csv
===================================================
Accuracy: 79.17 %
Total: 72
Successes: 57
Failures: 15

Candidate 1: Accuracy = 0.7917, Failures = 15, Successes = 57

===================================================
Dataset: /home/shamim_ist/AgentBN/datasets/der/combined_train_scenarios.csv
===================================================
Accuracy: 79.17 %
Total: 72
Successes: 57
Failures: 15

Candidate 2: Accuracy = 0.7917, Failures = 15, Successes = 57

===================================================
Dataset: /home/shamim_ist/AgentBN/datasets/der/combined_train_scenarios.csv
===================================================
Accuracy: 79.17 %
Total: 72
Successes: 57
Failures: 15

Candidate 3: Accuracy = 0.7917, Failures = 15, Successes = 57

========================================
BEST REFINEMENT CANDIDATE
========================================
Candidate 1
Accuracy: 0.7917
Failures: 15
Successes: 57

===================================================
Dataset: /home/shamim_ist/AgentBN/datasets/der/combined_train_scenarios.csv
===================================================
Accuracy: 79.17 %
Total: 72
Successes: 57
Failures: 15
Removed 1 record(s) with bn_number=4
Valid response received on attempt 1.
Selected baseline BN: 1

===================================================
Dataset: /home/shamim_ist/AgentBN/datasets/der/combined_train_scenarios.csv
===================================================
Accuracy: 79.17 %
Total: 72
Successes: 57
Failures: 15

Candidate 1: Accuracy = 0.7917, Failures = 15, Successes = 57

===================================================
Dataset: /home/shamim_ist/AgentBN/datasets/der/combined_train_scenarios.csv
===================================================
Accuracy: 79.17 %
Total: 72
Successes: 57
Failures: 15

Candidate 2: Accuracy = 0.7917, Failures = 15, Successes = 57

===================================================
Dataset: /home/shamim_ist/AgentBN/datasets/der/combined_train_scenarios.csv
===================================================
Accuracy: 79.17 %
Total: 72
Successes: 57
Failures: 15

Candidate 3: Accuracy = 0.7917, Failures = 15, Successes = 57

========================================
BEST REFINEMENT CANDIDATE
========================================
Candidate 1
Accuracy: 0.7917
Failures: 15
Successes: 57

===================================================
Dataset: /home/shamim_ist/AgentBN/datasets/der/combined_train_scenarios.csv
===================================================
Accuracy: 79.17 %
Total: 72
Successes: 57
Failures: 15
Removed 1 record(s) with bn_number=4
Valid response received on attempt 1.
Selected baseline BN: 1

===================================================
Dataset: /home/shamim_ist/AgentBN/datasets/der/combined_train_scenarios.csv
===================================================
Accuracy: 79.17 %
Total: 72
Successes: 57
Failures: 15

Candidate 1: Accuracy = 0.7917, Failures = 15, Successes = 57

===================================================
Dataset: /home/shamim_ist/AgentBN/datasets/der/combined_train_scenarios.csv
===================================================
Accuracy: 79.17 %
Total: 72
Successes: 57
Failures: 15

Candidate 2: Accuracy = 0.7917, Failures = 15, Successes = 57

===================================================
Dataset: /home/shamim_ist/AgentBN/datasets/der/combined_train_scenarios.csv
===================================================
Accuracy: 79.17 %
Total: 72
Successes: 57
Failures: 15

Candidate 3: Accuracy = 0.7917, Failures = 15, Successes = 57

========================================
BEST REFINEMENT CANDIDATE
========================================
Candidate 1
Accuracy: 0.7917
Failures: 15
Successes: 57

===================================================
Dataset: /home/shamim_ist/AgentBN/datasets/der/combined_train_scenarios.csv
===================================================
Accuracy: 79.17 %
Total: 72
Successes: 57
Failures: 15

No improvement after 3 retries. Selecting best retry candidate (accuracy=79.17%).
Removed 1 record(s) with bn_number=4
Continuing with retry candidate (accuracy=79.17%).

===================================================
Dataset: /home/shamim_ist/AgentBN/datasets/der/combined_train_scenarios.csv
===================================================
Accuracy: 68.06 %
Total: 72
Successes: 49
Failures: 23

===================================================
Dataset: /home/shamim_ist/AgentBN/datasets/der/combined_train_scenarios.csv
===================================================
Accuracy: 79.17 %
Total: 72
Successes: 57
Failures: 15

===================================================
Dataset: /home/shamim_ist/AgentBN/datasets/der/combined_train_scenarios.csv
===================================================
Accuracy: 79.17 %
Total: 72
Successes: 57
Failures: 15

===================================================
Dataset: /home/shamim_ist/AgentBN/datasets/der/combined_train_scenarios.csv
===================================================
Accuracy: 79.17 %
Total: 72
Successes: 57
Failures: 15

===================================================
Dataset: /home/shamim_ist/AgentBN/datasets/der/combined_train_scenarios.csv
===================================================
Accuracy: 79.17 %
Total: 72
Successes: 57
Failures: 15


Best BN Number: 4
Best BN Accuracy: 0.7916666666666666
Saved CPT identity comparison to /home/shamim_ist/AgentBN/workspace/der/cpt_comparison_analysis.json
BN number: 4
Agent change verdict: excellent
Expected changed CPTs: ['Execution_Integrity', 'Root_Causes']
Agent changed CPTs: ['Execution_Integrity', 'Root_Causes']
Unexpected changed CPTs: []
{'bn_number': 4, 'agent_changed_cpt_count': 2, 'agent_changed_cpts': ['Execution_Integrity', 'Root_Causes'], 'agent_change_report': {'verdict': 'excellent', 'total_cpts': 20, 'expected_changed_count': 2, 'expected_changed_cpts': ['Execution_Integrity', 'Root_Causes'], 'agent_changed_count': 2, 'agent_changed_cpts': ['Execution_Integrity', 'Root_Causes'], 'matched_expected_count': 2, 'matched_expected_cpts': ['Execution_Integrity', 'Root_Causes'], 'missed_expected_count': 0, 'missed_expected_cpts': [], 'unexpected_changed_count': 0, 'unexpected_changed_cpts': [], 'unflawed_cpt_count': 18, 'untouched_unflawed_count': 18, 'untouched_unflawed_cpts': ['Deviation_in_Dispatch', 'Deviation_in_Response', 'GPTN_1', 'GPTN_2', 'GPTN_3', 'GPTN_5', 'LPTN_1_i', 'LPTN_1_ii', 'LPTN_1_iii', 'LPTN_1_iv', 'LPTN_1_ix', 'LPTN_1_v', 'LPTN_1_vi', 'LPTN_1_viii', 'LPTN_1_x', 'Network_Manipulation', 'Physical_Anomaly', 'Program_Anomaly'], 'expected_change_recall': 1.0, 'unexpected_change_rate': 0.0, 'unflawed_preservation_rate': 1.0}}
======================================================================
Execution_Integrity            0.06156172
  Column 0:
    Flawed : [0.8 0.2]
    Prop   : [0.9 0.1]
    GT     : [0.98 0.02]
  Column 1:
    Flawed : [0.7 0.3]
    Prop   : [0.85 0.15]
    GT     : [0.98 0.02]
  Column 2:
    Flawed : [0.7 0.3]
    Prop   : [0.85 0.15]
    GT     : [0.95 0.05]
  Column 3:
    Flawed : [0.3 0.7]
    Prop   : [0.65 0.35]
    GT     : [0.75 0.25]
  Column 4:
    Flawed : [0.7 0.3]
    Prop   : [0.75 0.25]
    GT     : [0.9 0.1]
  Column 5:
    Flawed : [0.7 0.3]
    Prop   : [0.75 0.25]
    GT     : [0.9 0.1]
  Column 6:
    Flawed : [0.7 0.3]
    Prop   : [0.75 0.25]
    GT     : [0.9 0.1]
  Column 7:
    Flawed : [0.2 0.8]
    Prop   : [0.15 0.85]
    GT     : [0.05 0.95]
----------------------------------------------------------------------
Root_Causes                    0.24642191
  Column 0:
    Flawed : [0.3 0.3 0.4]
    Prop   : [0.35 0.35 0.3 ]
    GT     : [0.05 0.1  0.85]
  Column 1:
    Flawed : [0.2 0.4 0.4]
    Prop   : [0.25 0.5  0.25]
    GT     : [0.05 0.1  0.85]
  Column 2:
    Flawed : [0.4 0.4 0.2]
    Prop   : [0.4 0.4 0.2]
    GT     : [0.33 0.33 0.34]
  Column 3:
    Flawed : [0.15 0.7  0.15]
    Prop   : [0.15 0.7  0.15]
    GT     : [0.05 0.9  0.05]
  Column 4:
    Flawed : [0.15 0.15 0.7 ]
    Prop   : [0.15 0.15 0.7 ]
    GT     : [0.05 0.1  0.85]
  Column 5:
    Flawed : [0.1 0.1 0.8]
    Prop   : [0.1 0.1 0.8]
    GT     : [0.05 0.1  0.85]
  Column 6:
    Flawed : [0.7  0.15 0.15]
    Prop   : [0.7  0.15 0.15]
    GT     : [0.9  0.05 0.05]
  Column 7:
    Flawed : [0.2 0.2 0.6]
    Prop   : [0.2 0.2 0.6]
    GT     : [0.33 0.33 0.34]
----------------------------------------------------------------------
======================================================================
Overall Average CPT KL = 0.03422040
======================================================================
Execution_Integrity            RMSE = 0.12288206
  Column 0:
    Flawed : [0.8 0.2]
    Prop   : [0.9 0.1]
    GT     : [0.98 0.02]
  Column 1:
    Flawed : [0.7 0.3]
    Prop   : [0.85 0.15]
    GT     : [0.98 0.02]
  Column 2:
    Flawed : [0.7 0.3]
    Prop   : [0.85 0.15]
    GT     : [0.95 0.05]
  Column 3:
    Flawed : [0.3 0.7]
    Prop   : [0.65 0.35]
    GT     : [0.75 0.25]
  Column 4:
    Flawed : [0.7 0.3]
    Prop   : [0.75 0.25]
    GT     : [0.9 0.1]
  Column 5:
    Flawed : [0.7 0.3]
    Prop   : [0.75 0.25]
    GT     : [0.9 0.1]
  Column 6:
    Flawed : [0.7 0.3]
    Prop   : [0.75 0.25]
    GT     : [0.9 0.1]
  Column 7:
    Flawed : [0.2 0.8]
    Prop   : [0.15 0.85]
    GT     : [0.05 0.95]
----------------------------------------------------------------------
Root_Causes                    RMSE = 0.23325594
  Column 0:
    Flawed : [0.3 0.3 0.4]
    Prop   : [0.35 0.35 0.3 ]
    GT     : [0.05 0.1  0.85]
  Column 1:
    Flawed : [0.2 0.4 0.4]
    Prop   : [0.25 0.5  0.25]
    GT     : [0.05 0.1  0.85]
  Column 2:
    Flawed : [0.4 0.4 0.2]
    Prop   : [0.4 0.4 0.2]
    GT     : [0.33 0.33 0.34]
  Column 3:
    Flawed : [0.15 0.7  0.15]
    Prop   : [0.15 0.7  0.15]
    GT     : [0.05 0.9  0.05]
  Column 4:
    Flawed : [0.15 0.15 0.7 ]
    Prop   : [0.15 0.15 0.7 ]
    GT     : [0.05 0.1  0.85]
  Column 5:
    Flawed : [0.1 0.1 0.8]
    Prop   : [0.1 0.1 0.8]
    GT     : [0.05 0.1  0.85]
  Column 6:
    Flawed : [0.7  0.15 0.15]
    Prop   : [0.7  0.15 0.15]
    GT     : [0.9  0.05 0.05]
  Column 7:
    Flawed : [0.2 0.2 0.6]
    Prop   : [0.2 0.2 0.6]
    GT     : [0.33 0.33 0.34]
----------------------------------------------------------------------
======================================================================
Overall CPT RMSE = 0.10089729
======================================================================
Execution_Integrity            Hellinger = 0.13192660
  Column 0:
    Flawed : [0.8 0.2]
    Prop   : [0.9 0.1]
    GT     : [0.98 0.02]
  Column 1:
    Flawed : [0.7 0.3]
    Prop   : [0.85 0.15]
    GT     : [0.98 0.02]
  Column 2:
    Flawed : [0.7 0.3]
    Prop   : [0.85 0.15]
    GT     : [0.95 0.05]
  Column 3:
    Flawed : [0.3 0.7]
    Prop   : [0.65 0.35]
    GT     : [0.75 0.25]
  Column 4:
    Flawed : [0.7 0.3]
    Prop   : [0.75 0.25]
    GT     : [0.9 0.1]
  Column 5:
    Flawed : [0.7 0.3]
    Prop   : [0.75 0.25]
    GT     : [0.9 0.1]
  Column 6:
    Flawed : [0.7 0.3]
    Prop   : [0.75 0.25]
    GT     : [0.9 0.1]
  Column 7:
    Flawed : [0.2 0.8]
    Prop   : [0.15 0.85]
    GT     : [0.05 0.95]
----------------------------------------------------------------------
Root_Causes                    Hellinger = 0.21753443
  Column 0:
    Flawed : [0.3 0.3 0.4]
    Prop   : [0.35 0.35 0.3 ]
    GT     : [0.05 0.1  0.85]
  Column 1:
    Flawed : [0.2 0.4 0.4]
    Prop   : [0.25 0.5  0.25]
    GT     : [0.05 0.1  0.85]
  Column 2:
    Flawed : [0.4 0.4 0.2]
    Prop   : [0.4 0.4 0.2]
    GT     : [0.33 0.33 0.34]
  Column 3:
    Flawed : [0.15 0.7  0.15]
    Prop   : [0.15 0.7  0.15]
    GT     : [0.05 0.9  0.05]
  Column 4:
    Flawed : [0.15 0.15 0.7 ]
    Prop   : [0.15 0.15 0.7 ]
    GT     : [0.05 0.1  0.85]
  Column 5:
    Flawed : [0.1 0.1 0.8]
    Prop   : [0.1 0.1 0.8]
    GT     : [0.05 0.1  0.85]
  Column 6:
    Flawed : [0.7  0.15 0.15]
    Prop   : [0.7  0.15 0.15]
    GT     : [0.9  0.05 0.05]
  Column 7:
    Flawed : [0.2 0.2 0.6]
    Prop   : [0.2 0.2 0.6]
    GT     : [0.33 0.33 0.34]
----------------------------------------------------------------------
======================================================================
Overall Average Hellinger = 0.03882900
###------------------------------###

Restart 2 finished.
###------------------------------###
Restart: 0
BN keys: dict_keys(['edges', 'nodes'])
Evaluating restart 0

===================================================
Dataset: /home/shamim_ist/AgentBN/datasets/der/combined_test_scenarios.csv
===================================================
Accuracy: 70.0 %
Total: 20
Successes: 14
Failures: 6
Restart: 1
BN keys: dict_keys(['edges', 'nodes'])
Evaluating restart 1

===================================================
Dataset: /home/shamim_ist/AgentBN/datasets/der/combined_test_scenarios.csv
===================================================
Accuracy: 70.0 %
Total: 20
Successes: 14
Failures: 6
Restart: 2
BN keys: dict_keys(['edges', 'nodes'])
Evaluating restart 2

===================================================
Dataset: /home/shamim_ist/AgentBN/datasets/der/combined_test_scenarios.csv
===================================================
Accuracy: 80.0 %
Total: 20
Successes: 16
Failures: 4

===================================
BEST RESTART
===================================
Restart: 2
Accuracy: 0.8
Failures: 4
Saved CPT identity comparison to /home/shamim_ist/AgentBN/workspace/der/cpt_comparison_analysis.json
BN number: None
Agent change verdict: excellent
Expected changed CPTs: ['Execution_Integrity', 'Root_Causes']
Agent changed CPTs: ['Execution_Integrity', 'Root_Causes']
Unexpected changed CPTs: []
{'bn_number': None, 'agent_changed_cpt_count': 2, 'agent_changed_cpts': ['Execution_Integrity', 'Root_Causes'], 'agent_change_report': {'verdict': 'excellent', 'total_cpts': 20, 'expected_changed_count': 2, 'expected_changed_cpts': ['Execution_Integrity', 'Root_Causes'], 'agent_changed_count': 2, 'agent_changed_cpts': ['Execution_Integrity', 'Root_Causes'], 'matched_expected_count': 2, 'matched_expected_cpts': ['Execution_Integrity', 'Root_Causes'], 'missed_expected_count': 0, 'missed_expected_cpts': [], 'unexpected_changed_count': 0, 'unexpected_changed_cpts': [], 'unflawed_cpt_count': 18, 'untouched_unflawed_count': 18, 'untouched_unflawed_cpts': ['Deviation_in_Dispatch', 'Deviation_in_Response', 'GPTN_1', 'GPTN_2', 'GPTN_3', 'GPTN_5', 'LPTN_1_i', 'LPTN_1_ii', 'LPTN_1_iii', 'LPTN_1_iv', 'LPTN_1_ix', 'LPTN_1_v', 'LPTN_1_vi', 'LPTN_1_viii', 'LPTN_1_x', 'Network_Manipulation', 'Physical_Anomaly', 'Program_Anomaly'], 'expected_change_recall': 1.0, 'unexpected_change_rate': 0.0, 'unflawed_preservation_rate': 1.0}}
======================================================================
Execution_Integrity            0.06156172
  Column 0:
    Flawed : [0.8 0.2]
    Prop   : [0.9 0.1]
    GT     : [0.98 0.02]
  Column 1:
    Flawed : [0.7 0.3]
    Prop   : [0.85 0.15]
    GT     : [0.98 0.02]
  Column 2:
    Flawed : [0.7 0.3]
    Prop   : [0.85 0.15]
    GT     : [0.95 0.05]
  Column 3:
    Flawed : [0.3 0.7]
    Prop   : [0.65 0.35]
    GT     : [0.75 0.25]
  Column 4:
    Flawed : [0.7 0.3]
    Prop   : [0.75 0.25]
    GT     : [0.9 0.1]
  Column 5:
    Flawed : [0.7 0.3]
    Prop   : [0.75 0.25]
    GT     : [0.9 0.1]
  Column 6:
    Flawed : [0.7 0.3]
    Prop   : [0.75 0.25]
    GT     : [0.9 0.1]
  Column 7:
    Flawed : [0.2 0.8]
    Prop   : [0.15 0.85]
    GT     : [0.05 0.95]
----------------------------------------------------------------------
Root_Causes                    0.24642191
  Column 0:
    Flawed : [0.3 0.3 0.4]
    Prop   : [0.35 0.35 0.3 ]
    GT     : [0.05 0.1  0.85]
  Column 1:
    Flawed : [0.2 0.4 0.4]
    Prop   : [0.25 0.5  0.25]
    GT     : [0.05 0.1  0.85]
  Column 2:
    Flawed : [0.4 0.4 0.2]
    Prop   : [0.4 0.4 0.2]
    GT     : [0.33 0.33 0.34]
  Column 3:
    Flawed : [0.15 0.7  0.15]
    Prop   : [0.15 0.7  0.15]
    GT     : [0.05 0.9  0.05]
  Column 4:
    Flawed : [0.15 0.15 0.7 ]
    Prop   : [0.15 0.15 0.7 ]
    GT     : [0.05 0.1  0.85]
  Column 5:
    Flawed : [0.1 0.1 0.8]
    Prop   : [0.1 0.1 0.8]
    GT     : [0.05 0.1  0.85]
  Column 6:
    Flawed : [0.7  0.15 0.15]
    Prop   : [0.7  0.15 0.15]
    GT     : [0.9  0.05 0.05]
  Column 7:
    Flawed : [0.2 0.2 0.6]
    Prop   : [0.2 0.2 0.6]
    GT     : [0.33 0.33 0.34]
----------------------------------------------------------------------
======================================================================
Overall Average CPT KL = 0.03422040
======================================================================
Execution_Integrity            RMSE = 0.12288206
  Column 0:
    Flawed : [0.8 0.2]
    Prop   : [0.9 0.1]
    GT     : [0.98 0.02]
  Column 1:
    Flawed : [0.7 0.3]
    Prop   : [0.85 0.15]
    GT     : [0.98 0.02]
  Column 2:
    Flawed : [0.7 0.3]
    Prop   : [0.85 0.15]
    GT     : [0.95 0.05]
  Column 3:
    Flawed : [0.3 0.7]
    Prop   : [0.65 0.35]
    GT     : [0.75 0.25]
  Column 4:
    Flawed : [0.7 0.3]
    Prop   : [0.75 0.25]
    GT     : [0.9 0.1]
  Column 5:
    Flawed : [0.7 0.3]
    Prop   : [0.75 0.25]
    GT     : [0.9 0.1]
  Column 6:
    Flawed : [0.7 0.3]
    Prop   : [0.75 0.25]
    GT     : [0.9 0.1]
  Column 7:
    Flawed : [0.2 0.8]
    Prop   : [0.15 0.85]
    GT     : [0.05 0.95]
----------------------------------------------------------------------
Root_Causes                    RMSE = 0.23325594
  Column 0:
    Flawed : [0.3 0.3 0.4]
    Prop   : [0.35 0.35 0.3 ]
    GT     : [0.05 0.1  0.85]
  Column 1:
    Flawed : [0.2 0.4 0.4]
    Prop   : [0.25 0.5  0.25]
    GT     : [0.05 0.1  0.85]
  Column 2:
    Flawed : [0.4 0.4 0.2]
    Prop   : [0.4 0.4 0.2]
    GT     : [0.33 0.33 0.34]
  Column 3:
    Flawed : [0.15 0.7  0.15]
    Prop   : [0.15 0.7  0.15]
    GT     : [0.05 0.9  0.05]
  Column 4:
    Flawed : [0.15 0.15 0.7 ]
    Prop   : [0.15 0.15 0.7 ]
    GT     : [0.05 0.1  0.85]
  Column 5:
    Flawed : [0.1 0.1 0.8]
    Prop   : [0.1 0.1 0.8]
    GT     : [0.05 0.1  0.85]
  Column 6:
    Flawed : [0.7  0.15 0.15]
    Prop   : [0.7  0.15 0.15]
    GT     : [0.9  0.05 0.05]
  Column 7:
    Flawed : [0.2 0.2 0.6]
    Prop   : [0.2 0.2 0.6]
    GT     : [0.33 0.33 0.34]
----------------------------------------------------------------------
======================================================================
Overall CPT RMSE = 0.10089729
======================================================================
Execution_Integrity            Hellinger = 0.13192660
  Column 0:
    Flawed : [0.8 0.2]
    Prop   : [0.9 0.1]
    GT     : [0.98 0.02]
  Column 1:
    Flawed : [0.7 0.3]
    Prop   : [0.85 0.15]
    GT     : [0.98 0.02]
  Column 2:
    Flawed : [0.7 0.3]
    Prop   : [0.85 0.15]
    GT     : [0.95 0.05]
  Column 3:
    Flawed : [0.3 0.7]
    Prop   : [0.65 0.35]
    GT     : [0.75 0.25]
  Column 4:
    Flawed : [0.7 0.3]
    Prop   : [0.75 0.25]
    GT     : [0.9 0.1]
  Column 5:
    Flawed : [0.7 0.3]
    Prop   : [0.75 0.25]
    GT     : [0.9 0.1]
  Column 6:
    Flawed : [0.7 0.3]
    Prop   : [0.75 0.25]
    GT     : [0.9 0.1]
  Column 7:
    Flawed : [0.2 0.8]
    Prop   : [0.15 0.85]
    GT     : [0.05 0.95]
----------------------------------------------------------------------
Root_Causes                    Hellinger = 0.21753443
  Column 0:
    Flawed : [0.3 0.3 0.4]
    Prop   : [0.35 0.35 0.3 ]
    GT     : [0.05 0.1  0.85]
  Column 1:
    Flawed : [0.2 0.4 0.4]
    Prop   : [0.25 0.5  0.25]
    GT     : [0.05 0.1  0.85]
  Column 2:
    Flawed : [0.4 0.4 0.2]
    Prop   : [0.4 0.4 0.2]
    GT     : [0.33 0.33 0.34]
  Column 3:
    Flawed : [0.15 0.7  0.15]
    Prop   : [0.15 0.7  0.15]
    GT     : [0.05 0.9  0.05]
  Column 4:
    Flawed : [0.15 0.15 0.7 ]
    Prop   : [0.15 0.15 0.7 ]
    GT     : [0.05 0.1  0.85]
  Column 5:
    Flawed : [0.1 0.1 0.8]
    Prop   : [0.1 0.1 0.8]
    GT     : [0.05 0.1  0.85]
  Column 6:
    Flawed : [0.7  0.15 0.15]
    Prop   : [0.7  0.15 0.15]
    GT     : [0.9  0.05 0.05]
  Column 7:
    Flawed : [0.2 0.2 0.6]
    Prop   : [0.2 0.2 0.6]
    GT     : [0.33 0.33 0.34]
----------------------------------------------------------------------
======================================================================
Overall Average Hellinger = 0.03882900
###------------------------------###

Pipeline finished.
###------------------------------###
