Cleared: /home/shamim_ist/AgentBN/workspace/alarm/bn_analysis.json
Cleared: /home/shamim_ist/AgentBN/workspace/alarm/last_proposed_bn.jsonl
Cleared: /home/shamim_ist/AgentBN/workspace/alarm/dangerous_cpt_report.json
Cleared: /home/shamim_ist/AgentBN/workspace/alarm/failure_parameter_statistics.json
Cleared: /home/shamim_ist/AgentBN/workspace/alarm/restart_final_bns.jsonl
Cleared: /home/shamim_ist/AgentBN/workspace/alarm/restart_bn_analysis.jsonl

==============================
PIPELINE RESTART #0
==============================
Cleared: /home/shamim_ist/AgentBN/workspace/alarm/bn_analysis.json
Cleared: /home/shamim_ist/AgentBN/workspace/alarm/last_proposed_bn.jsonl
Cleared: /home/shamim_ist/AgentBN/workspace/alarm/dangerous_cpt_report.json
Cleared: /home/shamim_ist/AgentBN/workspace/alarm/failure_parameter_statistics.json

===================================================
Dataset: /home/shamim_ist/AgentBN/datasets/alarm/combined_train_scenarios.csv
===================================================
Accuracy: 81.29 %
Total: 294
Successes: 239
Failures: 55
Flawed BN Accuracy: 81.29%
Initial Acceptance Threshold: 86.90%

Initial Generation Attempt 0

Activation trace saved to /home/shamim_ist/AgentBN/workspace/alarm/activation_trace.csv
Failure parameter statistics saved to '/home/shamim_ist/AgentBN/workspace/alarm/failure_parameter_statistics.json'
Valid response received on attempt 1.
Valid response received on attempt 1.

===================================================

Accuracy: 81.29%

Workflow analysis for BN #0 stored in /home/shamim_ist/AgentBN/workspace/alarm/bn_analysis.json
Valid response received on attempt 1.
Selected baseline BN: 0

===================================================
Dataset: /home/shamim_ist/AgentBN/datasets/alarm/combined_train_scenarios.csv
===================================================
Accuracy: 80.95 %
Total: 294
Successes: 238
Failures: 56

Candidate 1: Accuracy = 0.8095, Failures = 56, Successes = 238

===================================================
Dataset: /home/shamim_ist/AgentBN/datasets/alarm/combined_train_scenarios.csv
===================================================
Accuracy: 80.95 %
Total: 294
Successes: 238
Failures: 56

Candidate 2: Accuracy = 0.8095, Failures = 56, Successes = 238

===================================================
Dataset: /home/shamim_ist/AgentBN/datasets/alarm/combined_train_scenarios.csv
===================================================
Accuracy: 80.95 %
Total: 294
Successes: 238
Failures: 56

Candidate 3: Accuracy = 0.8095, Failures = 56, Successes = 238

========================================
BEST REFINEMENT CANDIDATE
========================================
Candidate 1
Accuracy: 0.8095
Failures: 56
Successes: 238

===================================================
Dataset: /home/shamim_ist/AgentBN/datasets/alarm/combined_train_scenarios.csv
===================================================
Accuracy: 80.95 %
Total: 294
Successes: 238
Failures: 56
Accuracy = 80.95%

Initial Generation Attempt 1
Removed workflow analysis for BN #0 from /home/shamim_ist/AgentBN/workspace/alarm/bn_analysis.json

Activation trace saved to /home/shamim_ist/AgentBN/workspace/alarm/activation_trace.csv
Failure parameter statistics saved to '/home/shamim_ist/AgentBN/workspace/alarm/failure_parameter_statistics.json'
Valid response received on attempt 1.
Valid response received on attempt 1.

===================================================

Accuracy: 81.29%

Workflow analysis for BN #0 stored in /home/shamim_ist/AgentBN/workspace/alarm/bn_analysis.json
Valid response received on attempt 1.
Selected baseline BN: 0

===================================================
Dataset: /home/shamim_ist/AgentBN/datasets/alarm/combined_train_scenarios.csv
===================================================
Accuracy: 80.95 %
Total: 294
Successes: 238
Failures: 56

Candidate 1: Accuracy = 0.8095, Failures = 56, Successes = 238

===================================================
Dataset: /home/shamim_ist/AgentBN/datasets/alarm/combined_train_scenarios.csv
===================================================
Accuracy: 81.29 %
Total: 294
Successes: 239
Failures: 55

Candidate 2: Accuracy = 0.8129, Failures = 55, Successes = 239

===================================================
Dataset: /home/shamim_ist/AgentBN/datasets/alarm/combined_train_scenarios.csv
===================================================
Accuracy: 80.95 %
Total: 294
Successes: 238
Failures: 56

Candidate 3: Accuracy = 0.8095, Failures = 56, Successes = 238

========================================
BEST REFINEMENT CANDIDATE
========================================
Candidate 2
Accuracy: 0.8129
Failures: 55
Successes: 239

===================================================
Dataset: /home/shamim_ist/AgentBN/datasets/alarm/combined_train_scenarios.csv
===================================================
Accuracy: 81.29 %
Total: 294
Successes: 239
Failures: 55
Accuracy = 81.29%

Initial Generation Attempt 2
Removed workflow analysis for BN #0 from /home/shamim_ist/AgentBN/workspace/alarm/bn_analysis.json

Activation trace saved to /home/shamim_ist/AgentBN/workspace/alarm/activation_trace.csv
Failure parameter statistics saved to '/home/shamim_ist/AgentBN/workspace/alarm/failure_parameter_statistics.json'
Valid response received on attempt 1.
Valid response received on attempt 1.

===================================================

Accuracy: 81.29%

Workflow analysis for BN #0 stored in /home/shamim_ist/AgentBN/workspace/alarm/bn_analysis.json
Valid response received on attempt 1.
Selected baseline BN: 0

===================================================
Dataset: /home/shamim_ist/AgentBN/datasets/alarm/combined_train_scenarios.csv
===================================================
Accuracy: 80.95 %
Total: 294
Successes: 238
Failures: 56

Candidate 1: Accuracy = 0.8095, Failures = 56, Successes = 238

===================================================
Dataset: /home/shamim_ist/AgentBN/datasets/alarm/combined_train_scenarios.csv
===================================================
Accuracy: 81.29 %
Total: 294
Successes: 239
Failures: 55

Candidate 2: Accuracy = 0.8129, Failures = 55, Successes = 239

===================================================
Dataset: /home/shamim_ist/AgentBN/datasets/alarm/combined_train_scenarios.csv
===================================================
Accuracy: 80.95 %
Total: 294
Successes: 238
Failures: 56

Candidate 3: Accuracy = 0.8095, Failures = 56, Successes = 238

========================================
BEST REFINEMENT CANDIDATE
========================================
Candidate 2
Accuracy: 0.8129
Failures: 55
Successes: 239

===================================================
Dataset: /home/shamim_ist/AgentBN/datasets/alarm/combined_train_scenarios.csv
===================================================
Accuracy: 81.29 %
Total: 294
Successes: 239
Failures: 55
Accuracy = 81.29%
Threshold (86.90%) not reached after 3 attempts. Using best generated BN (81.29%).
Removed workflow analysis for BN #0 from /home/shamim_ist/AgentBN/workspace/alarm/bn_analysis.json

Initial BN generated

===== ITERATION 2 =====

===================================================
Dataset: /home/shamim_ist/AgentBN/datasets/alarm/combined_train_scenarios.csv
===================================================
Accuracy: 81.29 %
Total: 294
Successes: 239
Failures: 55

Activation trace saved to /home/shamim_ist/AgentBN/workspace/alarm/activation_trace.csv
Failure parameter statistics saved to '/home/shamim_ist/AgentBN/workspace/alarm/failure_parameter_statistics.json'
Valid response received on attempt 1.
Valid response received on attempt 1.

===================================================

Accuracy: 81.29%

Workflow analysis for BN #1 stored in /home/shamim_ist/AgentBN/workspace/alarm/bn_analysis.json
Valid response received on attempt 1.
Selected baseline BN: 1

===================================================
Dataset: /home/shamim_ist/AgentBN/datasets/alarm/combined_train_scenarios.csv
===================================================
Accuracy: 80.95 %
Total: 294
Successes: 238
Failures: 56

Candidate 1: Accuracy = 0.8095, Failures = 56, Successes = 238

===================================================
Dataset: /home/shamim_ist/AgentBN/datasets/alarm/combined_train_scenarios.csv
===================================================
Accuracy: 81.29 %
Total: 294
Successes: 239
Failures: 55

Candidate 2: Accuracy = 0.8129, Failures = 55, Successes = 239

===================================================
Dataset: /home/shamim_ist/AgentBN/datasets/alarm/combined_train_scenarios.csv
===================================================
Accuracy: 80.95 %
Total: 294
Successes: 238
Failures: 56

Candidate 3: Accuracy = 0.8095, Failures = 56, Successes = 238

========================================
BEST REFINEMENT CANDIDATE
========================================
Candidate 2
Accuracy: 0.8129
Failures: 55
Successes: 239

===================================================
Dataset: /home/shamim_ist/AgentBN/datasets/alarm/combined_train_scenarios.csv
===================================================
Accuracy: 81.29 %
Total: 294
Successes: 239
Failures: 55

Accuracy did not improve. Need improvement from 81.29% 
Removed 1 record(s) with bn_number=2
Valid response received on attempt 1.
Selected baseline BN: 1

===================================================
Dataset: /home/shamim_ist/AgentBN/datasets/alarm/combined_train_scenarios.csv
===================================================
Accuracy: 80.95 %
Total: 294
Successes: 238
Failures: 56

Candidate 1: Accuracy = 0.8095, Failures = 56, Successes = 238

===================================================
Dataset: /home/shamim_ist/AgentBN/datasets/alarm/combined_train_scenarios.csv
===================================================
Accuracy: 81.29 %
Total: 294
Successes: 239
Failures: 55

Candidate 2: Accuracy = 0.8129, Failures = 55, Successes = 239

===================================================
Dataset: /home/shamim_ist/AgentBN/datasets/alarm/combined_train_scenarios.csv
===================================================
Accuracy: 80.95 %
Total: 294
Successes: 238
Failures: 56

Candidate 3: Accuracy = 0.8095, Failures = 56, Successes = 238

========================================
BEST REFINEMENT CANDIDATE
========================================
Candidate 2
Accuracy: 0.8129
Failures: 55
Successes: 239

===================================================
Dataset: /home/shamim_ist/AgentBN/datasets/alarm/combined_train_scenarios.csv
===================================================
Accuracy: 81.29 %
Total: 294
Successes: 239
Failures: 55
Removed 1 record(s) with bn_number=2
Valid response received on attempt 1.
Selected baseline BN: 1

===================================================
Dataset: /home/shamim_ist/AgentBN/datasets/alarm/combined_train_scenarios.csv
===================================================
Accuracy: 80.95 %
Total: 294
Successes: 238
Failures: 56

Candidate 1: Accuracy = 0.8095, Failures = 56, Successes = 238

===================================================
Dataset: /home/shamim_ist/AgentBN/datasets/alarm/combined_train_scenarios.csv
===================================================
Accuracy: 81.29 %
Total: 294
Successes: 239
Failures: 55

Candidate 2: Accuracy = 0.8129, Failures = 55, Successes = 239

===================================================
Dataset: /home/shamim_ist/AgentBN/datasets/alarm/combined_train_scenarios.csv
===================================================
Accuracy: 80.95 %
Total: 294
Successes: 238
Failures: 56

Candidate 3: Accuracy = 0.8095, Failures = 56, Successes = 238

========================================
BEST REFINEMENT CANDIDATE
========================================
Candidate 2
Accuracy: 0.8129
Failures: 55
Successes: 239

===================================================
Dataset: /home/shamim_ist/AgentBN/datasets/alarm/combined_train_scenarios.csv
===================================================
Accuracy: 81.29 %
Total: 294
Successes: 239
Failures: 55
Removed 1 record(s) with bn_number=2
Valid response received on attempt 1.
Selected baseline BN: 1

===================================================
Dataset: /home/shamim_ist/AgentBN/datasets/alarm/combined_train_scenarios.csv
===================================================
Accuracy: 80.95 %
Total: 294
Successes: 238
Failures: 56

Candidate 1: Accuracy = 0.8095, Failures = 56, Successes = 238

===================================================
Dataset: /home/shamim_ist/AgentBN/datasets/alarm/combined_train_scenarios.csv
===================================================
Accuracy: 81.29 %
Total: 294
Successes: 239
Failures: 55

Candidate 2: Accuracy = 0.8129, Failures = 55, Successes = 239

===================================================
Dataset: /home/shamim_ist/AgentBN/datasets/alarm/combined_train_scenarios.csv
===================================================
Accuracy: 80.95 %
Total: 294
Successes: 238
Failures: 56

Candidate 3: Accuracy = 0.8095, Failures = 56, Successes = 238

========================================
BEST REFINEMENT CANDIDATE
========================================
Candidate 2
Accuracy: 0.8129
Failures: 55
Successes: 239

===================================================
Dataset: /home/shamim_ist/AgentBN/datasets/alarm/combined_train_scenarios.csv
===================================================
Accuracy: 81.29 %
Total: 294
Successes: 239
Failures: 55

No improvement after 3 retries. Selecting best retry candidate (accuracy=81.29%).
Removed 1 record(s) with bn_number=2
Continuing with retry candidate (accuracy=81.29%).

===== ITERATION 3 =====

===================================================
Dataset: /home/shamim_ist/AgentBN/datasets/alarm/combined_train_scenarios.csv
===================================================
Accuracy: 81.29 %
Total: 294
Successes: 239
Failures: 55

Activation trace saved to /home/shamim_ist/AgentBN/workspace/alarm/activation_trace.csv
Failure parameter statistics saved to '/home/shamim_ist/AgentBN/workspace/alarm/failure_parameter_statistics.json'
Valid response received on attempt 1.
Valid response received on attempt 1.

===================================================

Accuracy: 81.29%

Workflow analysis for BN #2 stored in /home/shamim_ist/AgentBN/workspace/alarm/bn_analysis.json
Valid response received on attempt 1.
Selected baseline BN: 1

===================================================
Dataset: /home/shamim_ist/AgentBN/datasets/alarm/combined_train_scenarios.csv
===================================================
Accuracy: 80.95 %
Total: 294
Successes: 238
Failures: 56

Candidate 1: Accuracy = 0.8095, Failures = 56, Successes = 238

===================================================
Dataset: /home/shamim_ist/AgentBN/datasets/alarm/combined_train_scenarios.csv
===================================================
Accuracy: 81.29 %
Total: 294
Successes: 239
Failures: 55

Candidate 2: Accuracy = 0.8129, Failures = 55, Successes = 239

===================================================
Dataset: /home/shamim_ist/AgentBN/datasets/alarm/combined_train_scenarios.csv
===================================================
Accuracy: 80.95 %
Total: 294
Successes: 238
Failures: 56

Candidate 3: Accuracy = 0.8095, Failures = 56, Successes = 238

========================================
BEST REFINEMENT CANDIDATE
========================================
Candidate 2
Accuracy: 0.8129
Failures: 55
Successes: 239

===================================================
Dataset: /home/shamim_ist/AgentBN/datasets/alarm/combined_train_scenarios.csv
===================================================
Accuracy: 81.29 %
Total: 294
Successes: 239
Failures: 55

Accuracy did not improve. Need improvement from 81.29% 
Removed 1 record(s) with bn_number=3
Valid response received on attempt 1.
Selected baseline BN: 1

===================================================
Dataset: /home/shamim_ist/AgentBN/datasets/alarm/combined_train_scenarios.csv
===================================================
Accuracy: 80.95 %
Total: 294
Successes: 238
Failures: 56

Candidate 1: Accuracy = 0.8095, Failures = 56, Successes = 238

===================================================
Dataset: /home/shamim_ist/AgentBN/datasets/alarm/combined_train_scenarios.csv
===================================================
Accuracy: 81.29 %
Total: 294
Successes: 239
Failures: 55

Candidate 2: Accuracy = 0.8129, Failures = 55, Successes = 239

===================================================
Dataset: /home/shamim_ist/AgentBN/datasets/alarm/combined_train_scenarios.csv
===================================================
Accuracy: 80.95 %
Total: 294
Successes: 238
Failures: 56

Candidate 3: Accuracy = 0.8095, Failures = 56, Successes = 238

========================================
BEST REFINEMENT CANDIDATE
========================================
Candidate 2
Accuracy: 0.8129
Failures: 55
Successes: 239

===================================================
Dataset: /home/shamim_ist/AgentBN/datasets/alarm/combined_train_scenarios.csv
===================================================
Accuracy: 81.29 %
Total: 294
Successes: 239
Failures: 55
Removed 1 record(s) with bn_number=3
Valid response received on attempt 1.
Selected baseline BN: 1

===================================================
Dataset: /home/shamim_ist/AgentBN/datasets/alarm/combined_train_scenarios.csv
===================================================
Accuracy: 80.95 %
Total: 294
Successes: 238
Failures: 56

Candidate 1: Accuracy = 0.8095, Failures = 56, Successes = 238

===================================================
Dataset: /home/shamim_ist/AgentBN/datasets/alarm/combined_train_scenarios.csv
===================================================
Accuracy: 80.95 %
Total: 294
Successes: 238
Failures: 56

Candidate 2: Accuracy = 0.8095, Failures = 56, Successes = 238

===================================================
Dataset: /home/shamim_ist/AgentBN/datasets/alarm/combined_train_scenarios.csv
===================================================
Accuracy: 80.95 %
Total: 294
Successes: 238
Failures: 56

Candidate 3: Accuracy = 0.8095, Failures = 56, Successes = 238

========================================
BEST REFINEMENT CANDIDATE
========================================
Candidate 1
Accuracy: 0.8095
Failures: 56
Successes: 238

===================================================
Dataset: /home/shamim_ist/AgentBN/datasets/alarm/combined_train_scenarios.csv
===================================================
Accuracy: 80.95 %
Total: 294
Successes: 238
Failures: 56
Removed 1 record(s) with bn_number=3
Valid response received on attempt 1.
Selected baseline BN: 1

===================================================
Dataset: /home/shamim_ist/AgentBN/datasets/alarm/combined_train_scenarios.csv
===================================================
Accuracy: 80.95 %
Total: 294
Successes: 238
Failures: 56

Candidate 1: Accuracy = 0.8095, Failures = 56, Successes = 238

===================================================
Dataset: /home/shamim_ist/AgentBN/datasets/alarm/combined_train_scenarios.csv
===================================================
Accuracy: 81.29 %
Total: 294
Successes: 239
Failures: 55

Candidate 2: Accuracy = 0.8129, Failures = 55, Successes = 239

===================================================
Dataset: /home/shamim_ist/AgentBN/datasets/alarm/combined_train_scenarios.csv
===================================================
Accuracy: 80.95 %
Total: 294
Successes: 238
Failures: 56

Candidate 3: Accuracy = 0.8095, Failures = 56, Successes = 238

========================================
BEST REFINEMENT CANDIDATE
========================================
Candidate 2
Accuracy: 0.8129
Failures: 55
Successes: 239

===================================================
Dataset: /home/shamim_ist/AgentBN/datasets/alarm/combined_train_scenarios.csv
===================================================
Accuracy: 81.29 %
Total: 294
Successes: 239
Failures: 55

No improvement after 3 retries. Selecting best retry candidate (accuracy=81.29%).
Removed 1 record(s) with bn_number=3
Continuing with retry candidate (accuracy=81.29%).

===== ITERATION 4 =====

===================================================
Dataset: /home/shamim_ist/AgentBN/datasets/alarm/combined_train_scenarios.csv
===================================================
Accuracy: 81.29 %
Total: 294
Successes: 239
Failures: 55

Activation trace saved to /home/shamim_ist/AgentBN/workspace/alarm/activation_trace.csv
Failure parameter statistics saved to '/home/shamim_ist/AgentBN/workspace/alarm/failure_parameter_statistics.json'
Valid response received on attempt 1.
Valid response received on attempt 1.

===================================================

Accuracy: 81.29%

Workflow analysis for BN #3 stored in /home/shamim_ist/AgentBN/workspace/alarm/bn_analysis.json
Valid response received on attempt 1.
Selected baseline BN: 1

===================================================
Dataset: /home/shamim_ist/AgentBN/datasets/alarm/combined_train_scenarios.csv
===================================================
Accuracy: 80.95 %
Total: 294
Successes: 238
Failures: 56

Candidate 1: Accuracy = 0.8095, Failures = 56, Successes = 238

===================================================
Dataset: /home/shamim_ist/AgentBN/datasets/alarm/combined_train_scenarios.csv
===================================================
Accuracy: 81.29 %
Total: 294
Successes: 239
Failures: 55

Candidate 2: Accuracy = 0.8129, Failures = 55, Successes = 239

===================================================
Dataset: /home/shamim_ist/AgentBN/datasets/alarm/combined_train_scenarios.csv
===================================================
Accuracy: 80.95 %
Total: 294
Successes: 238
Failures: 56

Candidate 3: Accuracy = 0.8095, Failures = 56, Successes = 238

========================================
BEST REFINEMENT CANDIDATE
========================================
Candidate 2
Accuracy: 0.8129
Failures: 55
Successes: 239

===================================================
Dataset: /home/shamim_ist/AgentBN/datasets/alarm/combined_train_scenarios.csv
===================================================
Accuracy: 81.29 %
Total: 294
Successes: 239
Failures: 55

Accuracy did not improve. Need improvement from 81.29% 
Removed 1 record(s) with bn_number=4
Valid response received on attempt 1.
Selected baseline BN: 1

===================================================
Dataset: /home/shamim_ist/AgentBN/datasets/alarm/combined_train_scenarios.csv
===================================================
Accuracy: 80.95 %
Total: 294
Successes: 238
Failures: 56

Candidate 1: Accuracy = 0.8095, Failures = 56, Successes = 238

===================================================
Dataset: /home/shamim_ist/AgentBN/datasets/alarm/combined_train_scenarios.csv
===================================================
Accuracy: 81.29 %
Total: 294
Successes: 239
Failures: 55

Candidate 2: Accuracy = 0.8129, Failures = 55, Successes = 239

===================================================
Dataset: /home/shamim_ist/AgentBN/datasets/alarm/combined_train_scenarios.csv
===================================================
Accuracy: 80.95 %
Total: 294
Successes: 238
Failures: 56

Candidate 3: Accuracy = 0.8095, Failures = 56, Successes = 238

========================================
BEST REFINEMENT CANDIDATE
========================================
Candidate 2
Accuracy: 0.8129
Failures: 55
Successes: 239

===================================================
Dataset: /home/shamim_ist/AgentBN/datasets/alarm/combined_train_scenarios.csv
===================================================
Accuracy: 81.29 %
Total: 294
Successes: 239
Failures: 55
Removed 1 record(s) with bn_number=4
Valid response received on attempt 1.
Selected baseline BN: 1

===================================================
Dataset: /home/shamim_ist/AgentBN/datasets/alarm/combined_train_scenarios.csv
===================================================
Accuracy: 80.95 %
Total: 294
Successes: 238
Failures: 56

Candidate 1: Accuracy = 0.8095, Failures = 56, Successes = 238

===================================================
Dataset: /home/shamim_ist/AgentBN/datasets/alarm/combined_train_scenarios.csv
===================================================
Accuracy: 81.29 %
Total: 294
Successes: 239
Failures: 55

Candidate 2: Accuracy = 0.8129, Failures = 55, Successes = 239

===================================================
Dataset: /home/shamim_ist/AgentBN/datasets/alarm/combined_train_scenarios.csv
===================================================
Accuracy: 80.95 %
Total: 294
Successes: 238
Failures: 56

Candidate 3: Accuracy = 0.8095, Failures = 56, Successes = 238

========================================
BEST REFINEMENT CANDIDATE
========================================
Candidate 2
Accuracy: 0.8129
Failures: 55
Successes: 239

===================================================
Dataset: /home/shamim_ist/AgentBN/datasets/alarm/combined_train_scenarios.csv
===================================================
Accuracy: 81.29 %
Total: 294
Successes: 239
Failures: 55
Removed 1 record(s) with bn_number=4
Valid response received on attempt 1.
Selected baseline BN: 1

===================================================
Dataset: /home/shamim_ist/AgentBN/datasets/alarm/combined_train_scenarios.csv
===================================================
Accuracy: 80.95 %
Total: 294
Successes: 238
Failures: 56

Candidate 1: Accuracy = 0.8095, Failures = 56, Successes = 238

===================================================
Dataset: /home/shamim_ist/AgentBN/datasets/alarm/combined_train_scenarios.csv
===================================================
Accuracy: 81.29 %
Total: 294
Successes: 239
Failures: 55

Candidate 2: Accuracy = 0.8129, Failures = 55, Successes = 239

===================================================
Dataset: /home/shamim_ist/AgentBN/datasets/alarm/combined_train_scenarios.csv
===================================================
Accuracy: 80.95 %
Total: 294
Successes: 238
Failures: 56

Candidate 3: Accuracy = 0.8095, Failures = 56, Successes = 238

========================================
BEST REFINEMENT CANDIDATE
========================================
Candidate 2
Accuracy: 0.8129
Failures: 55
Successes: 239

===================================================
Dataset: /home/shamim_ist/AgentBN/datasets/alarm/combined_train_scenarios.csv
===================================================
Accuracy: 81.29 %
Total: 294
Successes: 239
Failures: 55

No improvement after 3 retries. Selecting best retry candidate (accuracy=81.29%).
Removed 1 record(s) with bn_number=4
Continuing with retry candidate (accuracy=81.29%).

===================================================
Dataset: /home/shamim_ist/AgentBN/datasets/alarm/combined_train_scenarios.csv
===================================================
Accuracy: 81.29 %
Total: 294
Successes: 239
Failures: 55

===================================================
Dataset: /home/shamim_ist/AgentBN/datasets/alarm/combined_train_scenarios.csv
===================================================
Accuracy: 81.29 %
Total: 294
Successes: 239
Failures: 55

===================================================
Dataset: /home/shamim_ist/AgentBN/datasets/alarm/combined_train_scenarios.csv
===================================================
Accuracy: 81.29 %
Total: 294
Successes: 239
Failures: 55

===================================================
Dataset: /home/shamim_ist/AgentBN/datasets/alarm/combined_train_scenarios.csv
===================================================
Accuracy: 81.29 %
Total: 294
Successes: 239
Failures: 55

===================================================
Dataset: /home/shamim_ist/AgentBN/datasets/alarm/combined_train_scenarios.csv
===================================================
Accuracy: 81.29 %
Total: 294
Successes: 239
Failures: 55


Best BN Number: 4
Best BN Accuracy: 0.8129251700680272
Saved CPT identity comparison to /home/shamim_ist/AgentBN/workspace/alarm/cpt_comparison_analysis.json
BN number: 4
Agent change verdict: poor
Expected changed CPTs: ['HYPOVOLEMIA', 'LVEDVOLUME']
Agent changed CPTs: ['BP', 'CO']
Unexpected changed CPTs: ['BP', 'CO']
{'bn_number': 4, 'agent_changed_cpt_count': 2, 'agent_changed_cpts': ['BP', 'CO'], 'agent_change_report': {'verdict': 'poor', 'total_cpts': 37, 'expected_changed_count': 2, 'expected_changed_cpts': ['HYPOVOLEMIA', 'LVEDVOLUME'], 'agent_changed_count': 2, 'agent_changed_cpts': ['BP', 'CO'], 'matched_expected_count': 0, 'matched_expected_cpts': [], 'missed_expected_count': 2, 'missed_expected_cpts': ['HYPOVOLEMIA', 'LVEDVOLUME'], 'unexpected_changed_count': 2, 'unexpected_changed_cpts': ['BP', 'CO'], 'unflawed_cpt_count': 35, 'untouched_unflawed_count': 33, 'untouched_unflawed_cpts': ['ANAPHYLAXIS', 'ARTCO2', 'CATECHOL', 'CVP', 'DISCONNECT', 'ERRCAUTER', 'ERRLOWOUTPUT', 'EXPCO2', 'FIO2', 'HISTORY', 'HR', 'HRBP', 'HREKG', 'HRSAT', 'INSUFFANESTH', 'INTUBATION', 'KINKEDTUBE', 'LVFAILURE', 'MINVOL', 'MINVOLSET', 'PAP', 'PCWP', 'PRESS', 'PULMEMBOLUS', 'PVSAT', 'SAO2', 'SHUNT', 'STROKEVOLUME', 'TPR', 'VENTALV', 'VENTLUNG', 'VENTMACH', 'VENTTUBE'], 'expected_change_recall': 0.0, 'unexpected_change_rate': 0.0571, 'unflawed_preservation_rate': 0.9429}}
======================================================================
CO                             0.00291313
  Column 6:
    Flawed : [0.8  0.19 0.01]
    Prop   : [0.7  0.28 0.02]
    GT     : [0.8  0.19 0.01]
----------------------------------------------------------------------
HYPOVOLEMIA                    0.07144859
  Column 0:
    Flawed : [0.08 0.92]
    Prop   : [0.08 0.92]
    GT     : [0.2 0.8]
----------------------------------------------------------------------
LVEDVOLUME                     0.14659557
  Column 0:
    Flawed : [0.65 0.33 0.02]
    Prop   : [0.65 0.33 0.02]
    GT     : [0.95 0.04 0.01]
  Column 2:
    Flawed : [0.68 0.3  0.02]
    Prop   : [0.68 0.3  0.02]
    GT     : [0.98 0.01 0.01]
----------------------------------------------------------------------
======================================================================
Overall Average CPT KL = 0.00345479
======================================================================
CO                             RMSE = 0.02596294
  Column 6:
    Flawed : [0.8  0.19 0.01]
    Prop   : [0.7  0.28 0.02]
    GT     : [0.8  0.19 0.01]
----------------------------------------------------------------------
HYPOVOLEMIA                    RMSE = 0.12000000
  Column 0:
    Flawed : [0.08 0.92]
    Prop   : [0.08 0.92]
    GT     : [0.2 0.8]
----------------------------------------------------------------------
LVEDVOLUME                     RMSE = 0.17039171
  Column 0:
    Flawed : [0.65 0.33 0.02]
    Prop   : [0.65 0.33 0.02]
    GT     : [0.95 0.04 0.01]
  Column 2:
    Flawed : [0.68 0.3  0.02]
    Prop   : [0.68 0.3  0.02]
    GT     : [0.98 0.01 0.01]
----------------------------------------------------------------------
======================================================================
Overall CPT RMSE = 0.02556470
======================================================================
CO                             Hellinger = 0.00921294
  Column 6:
    Flawed : [0.8  0.19 0.01]
    Prop   : [0.7  0.28 0.02]
    GT     : [0.8  0.19 0.01]
----------------------------------------------------------------------
HYPOVOLEMIA                    Hellinger = 0.12491785
  Column 0:
    Flawed : [0.08 0.92]
    Prop   : [0.08 0.92]
    GT     : [0.2 0.8]
----------------------------------------------------------------------
LVEDVOLUME                     Hellinger = 0.15764108
  Column 0:
    Flawed : [0.65 0.33 0.02]
    Prop   : [0.65 0.33 0.02]
    GT     : [0.95 0.04 0.01]
  Column 2:
    Flawed : [0.68 0.3  0.02]
    Prop   : [0.68 0.3  0.02]
    GT     : [0.98 0.01 0.01]
----------------------------------------------------------------------
======================================================================
Overall Average Hellinger = 0.00423434
###------------------------------###

Restart 0 finished.
###------------------------------###

==============================
PIPELINE RESTART #1
==============================
Cleared: /home/shamim_ist/AgentBN/workspace/alarm/bn_analysis.json
Cleared: /home/shamim_ist/AgentBN/workspace/alarm/last_proposed_bn.jsonl
Cleared: /home/shamim_ist/AgentBN/workspace/alarm/dangerous_cpt_report.json
Cleared: /home/shamim_ist/AgentBN/workspace/alarm/failure_parameter_statistics.json
Cleared: /home/shamim_ist/AgentBN/workspace/alarm/diagnostic_report.json

===================================================
Dataset: /home/shamim_ist/AgentBN/datasets/alarm/combined_train_scenarios.csv
===================================================
Accuracy: 81.29 %
Total: 294
Successes: 239
Failures: 55
Flawed BN Accuracy: 81.29%
Initial Acceptance Threshold: 86.90%

Initial Generation Attempt 0

Activation trace saved to /home/shamim_ist/AgentBN/workspace/alarm/activation_trace.csv
Failure parameter statistics saved to '/home/shamim_ist/AgentBN/workspace/alarm/failure_parameter_statistics.json'
Valid response received on attempt 1.
Valid response received on attempt 1.

===================================================

Accuracy: 81.29%

Workflow analysis for BN #0 stored in /home/shamim_ist/AgentBN/workspace/alarm/bn_analysis.json
Valid response received on attempt 1.
Selected baseline BN: 0

===================================================
Dataset: /home/shamim_ist/AgentBN/datasets/alarm/combined_train_scenarios.csv
===================================================
Accuracy: 80.95 %
Total: 294
Successes: 238
Failures: 56

Candidate 1: Accuracy = 0.8095, Failures = 56, Successes = 238

===================================================
Dataset: /home/shamim_ist/AgentBN/datasets/alarm/combined_train_scenarios.csv
===================================================
Accuracy: 81.29 %
Total: 294
Successes: 239
Failures: 55

Candidate 2: Accuracy = 0.8129, Failures = 55, Successes = 239

===================================================
Dataset: /home/shamim_ist/AgentBN/datasets/alarm/combined_train_scenarios.csv
===================================================
Accuracy: 80.95 %
Total: 294
Successes: 238
Failures: 56

Candidate 3: Accuracy = 0.8095, Failures = 56, Successes = 238

========================================
BEST REFINEMENT CANDIDATE
========================================
Candidate 2
Accuracy: 0.8129
Failures: 55
Successes: 239

===================================================
Dataset: /home/shamim_ist/AgentBN/datasets/alarm/combined_train_scenarios.csv
===================================================
Accuracy: 81.29 %
Total: 294
Successes: 239
Failures: 55
Accuracy = 81.29%

Initial Generation Attempt 1
Removed workflow analysis for BN #0 from /home/shamim_ist/AgentBN/workspace/alarm/bn_analysis.json

Activation trace saved to /home/shamim_ist/AgentBN/workspace/alarm/activation_trace.csv
Failure parameter statistics saved to '/home/shamim_ist/AgentBN/workspace/alarm/failure_parameter_statistics.json'
Valid response received on attempt 1.
Valid response received on attempt 1.

===================================================

Accuracy: 81.29%

Workflow analysis for BN #0 stored in /home/shamim_ist/AgentBN/workspace/alarm/bn_analysis.json
Valid response received on attempt 1.
Selected baseline BN: 0

===================================================
Dataset: /home/shamim_ist/AgentBN/datasets/alarm/combined_train_scenarios.csv
===================================================
Accuracy: 80.95 %
Total: 294
Successes: 238
Failures: 56

Candidate 1: Accuracy = 0.8095, Failures = 56, Successes = 238

===================================================
Dataset: /home/shamim_ist/AgentBN/datasets/alarm/combined_train_scenarios.csv
===================================================
Accuracy: 81.29 %
Total: 294
Successes: 239
Failures: 55

Candidate 2: Accuracy = 0.8129, Failures = 55, Successes = 239

===================================================
Dataset: /home/shamim_ist/AgentBN/datasets/alarm/combined_train_scenarios.csv
===================================================
Accuracy: 80.95 %
Total: 294
Successes: 238
Failures: 56

Candidate 3: Accuracy = 0.8095, Failures = 56, Successes = 238

========================================
BEST REFINEMENT CANDIDATE
========================================
Candidate 2
Accuracy: 0.8129
Failures: 55
Successes: 239

===================================================
Dataset: /home/shamim_ist/AgentBN/datasets/alarm/combined_train_scenarios.csv
===================================================
Accuracy: 81.29 %
Total: 294
Successes: 239
Failures: 55
Accuracy = 81.29%

Initial Generation Attempt 2
Removed workflow analysis for BN #0 from /home/shamim_ist/AgentBN/workspace/alarm/bn_analysis.json

Activation trace saved to /home/shamim_ist/AgentBN/workspace/alarm/activation_trace.csv
Failure parameter statistics saved to '/home/shamim_ist/AgentBN/workspace/alarm/failure_parameter_statistics.json'
Valid response received on attempt 1.
Valid response received on attempt 1.

===================================================

Accuracy: 81.29%

Workflow analysis for BN #0 stored in /home/shamim_ist/AgentBN/workspace/alarm/bn_analysis.json
Valid response received on attempt 1.
Selected baseline BN: 0

===================================================
Dataset: /home/shamim_ist/AgentBN/datasets/alarm/combined_train_scenarios.csv
===================================================
Accuracy: 80.95 %
Total: 294
Successes: 238
Failures: 56

Candidate 1: Accuracy = 0.8095, Failures = 56, Successes = 238

===================================================
Dataset: /home/shamim_ist/AgentBN/datasets/alarm/combined_train_scenarios.csv
===================================================
Accuracy: 80.95 %
Total: 294
Successes: 238
Failures: 56

Candidate 2: Accuracy = 0.8095, Failures = 56, Successes = 238

===================================================
Dataset: /home/shamim_ist/AgentBN/datasets/alarm/combined_train_scenarios.csv
===================================================
Accuracy: 80.95 %
Total: 294
Successes: 238
Failures: 56

Candidate 3: Accuracy = 0.8095, Failures = 56, Successes = 238

========================================
BEST REFINEMENT CANDIDATE
========================================
Candidate 1
Accuracy: 0.8095
Failures: 56
Successes: 238

===================================================
Dataset: /home/shamim_ist/AgentBN/datasets/alarm/combined_train_scenarios.csv
===================================================
Accuracy: 80.95 %
Total: 294
Successes: 238
Failures: 56
Accuracy = 80.95%
Threshold (86.90%) not reached after 3 attempts. Using best generated BN (81.29%).
Removed workflow analysis for BN #0 from /home/shamim_ist/AgentBN/workspace/alarm/bn_analysis.json

Initial BN generated

===== ITERATION 2 =====

===================================================
Dataset: /home/shamim_ist/AgentBN/datasets/alarm/combined_train_scenarios.csv
===================================================
Accuracy: 81.29 %
Total: 294
Successes: 239
Failures: 55

Activation trace saved to /home/shamim_ist/AgentBN/workspace/alarm/activation_trace.csv
Failure parameter statistics saved to '/home/shamim_ist/AgentBN/workspace/alarm/failure_parameter_statistics.json'
Valid response received on attempt 1.
Valid response received on attempt 1.

===================================================

Accuracy: 81.29%

Workflow analysis for BN #1 stored in /home/shamim_ist/AgentBN/workspace/alarm/bn_analysis.json
Valid response received on attempt 1.
Selected baseline BN: 1

===================================================
Dataset: /home/shamim_ist/AgentBN/datasets/alarm/combined_train_scenarios.csv
===================================================
Accuracy: 81.29 %
Total: 294
Successes: 239
Failures: 55

Candidate 1: Accuracy = 0.8129, Failures = 55, Successes = 239

===================================================
Dataset: /home/shamim_ist/AgentBN/datasets/alarm/combined_train_scenarios.csv
===================================================
Accuracy: 81.29 %
Total: 294
Successes: 239
Failures: 55

Candidate 2: Accuracy = 0.8129, Failures = 55, Successes = 239

===================================================
Dataset: /home/shamim_ist/AgentBN/datasets/alarm/combined_train_scenarios.csv
===================================================
Accuracy: 81.29 %
Total: 294
Successes: 239
Failures: 55

Candidate 3: Accuracy = 0.8129, Failures = 55, Successes = 239

========================================
BEST REFINEMENT CANDIDATE
========================================
Candidate 1
Accuracy: 0.8129
Failures: 55
Successes: 239

===================================================
Dataset: /home/shamim_ist/AgentBN/datasets/alarm/combined_train_scenarios.csv
===================================================
Accuracy: 81.29 %
Total: 294
Successes: 239
Failures: 55

Accuracy did not improve. Need improvement from 81.29% 
Removed 1 record(s) with bn_number=2
Valid response received on attempt 1.
Selected baseline BN: 1

===================================================
Dataset: /home/shamim_ist/AgentBN/datasets/alarm/combined_train_scenarios.csv
===================================================
Accuracy: 81.29 %
Total: 294
Successes: 239
Failures: 55

Candidate 1: Accuracy = 0.8129, Failures = 55, Successes = 239

===================================================
Dataset: /home/shamim_ist/AgentBN/datasets/alarm/combined_train_scenarios.csv
===================================================
Accuracy: 81.29 %
Total: 294
Successes: 239
Failures: 55

Candidate 2: Accuracy = 0.8129, Failures = 55, Successes = 239

===================================================
Dataset: /home/shamim_ist/AgentBN/datasets/alarm/combined_train_scenarios.csv
===================================================
Accuracy: 81.29 %
Total: 294
Successes: 239
Failures: 55

Candidate 3: Accuracy = 0.8129, Failures = 55, Successes = 239

========================================
BEST REFINEMENT CANDIDATE
========================================
Candidate 1
Accuracy: 0.8129
Failures: 55
Successes: 239

===================================================
Dataset: /home/shamim_ist/AgentBN/datasets/alarm/combined_train_scenarios.csv
===================================================
Accuracy: 81.29 %
Total: 294
Successes: 239
Failures: 55
Removed 1 record(s) with bn_number=2
Valid response received on attempt 1.
Selected baseline BN: 1

===================================================
Dataset: /home/shamim_ist/AgentBN/datasets/alarm/combined_train_scenarios.csv
===================================================
Accuracy: 81.29 %
Total: 294
Successes: 239
Failures: 55

Candidate 1: Accuracy = 0.8129, Failures = 55, Successes = 239

===================================================
Dataset: /home/shamim_ist/AgentBN/datasets/alarm/combined_train_scenarios.csv
===================================================
Accuracy: 81.29 %
Total: 294
Successes: 239
Failures: 55

Candidate 2: Accuracy = 0.8129, Failures = 55, Successes = 239

===================================================
Dataset: /home/shamim_ist/AgentBN/datasets/alarm/combined_train_scenarios.csv
===================================================
Accuracy: 81.29 %
Total: 294
Successes: 239
Failures: 55

Candidate 3: Accuracy = 0.8129, Failures = 55, Successes = 239

========================================
BEST REFINEMENT CANDIDATE
========================================
Candidate 1
Accuracy: 0.8129
Failures: 55
Successes: 239

===================================================
Dataset: /home/shamim_ist/AgentBN/datasets/alarm/combined_train_scenarios.csv
===================================================
Accuracy: 81.29 %
Total: 294
Successes: 239
Failures: 55
Removed 1 record(s) with bn_number=2
Valid response received on attempt 1.
Selected baseline BN: 1

===================================================
Dataset: /home/shamim_ist/AgentBN/datasets/alarm/combined_train_scenarios.csv
===================================================
Accuracy: 81.29 %
Total: 294
Successes: 239
Failures: 55

Candidate 1: Accuracy = 0.8129, Failures = 55, Successes = 239

===================================================
Dataset: /home/shamim_ist/AgentBN/datasets/alarm/combined_train_scenarios.csv
===================================================
Accuracy: 81.29 %
Total: 294
Successes: 239
Failures: 55

Candidate 2: Accuracy = 0.8129, Failures = 55, Successes = 239

===================================================
Dataset: /home/shamim_ist/AgentBN/datasets/alarm/combined_train_scenarios.csv
===================================================
Accuracy: 81.29 %
Total: 294
Successes: 239
Failures: 55

Candidate 3: Accuracy = 0.8129, Failures = 55, Successes = 239

========================================
BEST REFINEMENT CANDIDATE
========================================
Candidate 1
Accuracy: 0.8129
Failures: 55
Successes: 239

===================================================
Dataset: /home/shamim_ist/AgentBN/datasets/alarm/combined_train_scenarios.csv
===================================================
Accuracy: 81.29 %
Total: 294
Successes: 239
Failures: 55

No improvement after 3 retries. Selecting best retry candidate (accuracy=81.29%).
Removed 1 record(s) with bn_number=2
Continuing with retry candidate (accuracy=81.29%).

===== ITERATION 3 =====

===================================================
Dataset: /home/shamim_ist/AgentBN/datasets/alarm/combined_train_scenarios.csv
===================================================
Accuracy: 81.29 %
Total: 294
Successes: 239
Failures: 55

Activation trace saved to /home/shamim_ist/AgentBN/workspace/alarm/activation_trace.csv
Failure parameter statistics saved to '/home/shamim_ist/AgentBN/workspace/alarm/failure_parameter_statistics.json'
Valid response received on attempt 1.
Valid response received on attempt 1.

===================================================

Accuracy: 81.29%

Workflow analysis for BN #2 stored in /home/shamim_ist/AgentBN/workspace/alarm/bn_analysis.json
Valid response received on attempt 1.
Selected baseline BN: 1

===================================================
Dataset: /home/shamim_ist/AgentBN/datasets/alarm/combined_train_scenarios.csv
===================================================
Accuracy: 81.29 %
Total: 294
Successes: 239
Failures: 55

Candidate 1: Accuracy = 0.8129, Failures = 55, Successes = 239

===================================================
Dataset: /home/shamim_ist/AgentBN/datasets/alarm/combined_train_scenarios.csv
===================================================
Accuracy: 81.29 %
Total: 294
Successes: 239
Failures: 55

Candidate 2: Accuracy = 0.8129, Failures = 55, Successes = 239

===================================================
Dataset: /home/shamim_ist/AgentBN/datasets/alarm/combined_train_scenarios.csv
===================================================
Accuracy: 81.29 %
Total: 294
Successes: 239
Failures: 55

Candidate 3: Accuracy = 0.8129, Failures = 55, Successes = 239

========================================
BEST REFINEMENT CANDIDATE
========================================
Candidate 1
Accuracy: 0.8129
Failures: 55
Successes: 239

===================================================
Dataset: /home/shamim_ist/AgentBN/datasets/alarm/combined_train_scenarios.csv
===================================================
Accuracy: 81.29 %
Total: 294
Successes: 239
Failures: 55

Accuracy did not improve. Need improvement from 81.29% 
Removed 1 record(s) with bn_number=3
Valid response received on attempt 1.
Selected baseline BN: 1

===================================================
Dataset: /home/shamim_ist/AgentBN/datasets/alarm/combined_train_scenarios.csv
===================================================
Accuracy: 81.29 %
Total: 294
Successes: 239
Failures: 55

Candidate 1: Accuracy = 0.8129, Failures = 55, Successes = 239

===================================================
Dataset: /home/shamim_ist/AgentBN/datasets/alarm/combined_train_scenarios.csv
===================================================
Accuracy: 81.29 %
Total: 294
Successes: 239
Failures: 55

Candidate 2: Accuracy = 0.8129, Failures = 55, Successes = 239

===================================================
Dataset: /home/shamim_ist/AgentBN/datasets/alarm/combined_train_scenarios.csv
===================================================
Accuracy: 81.29 %
Total: 294
Successes: 239
Failures: 55

Candidate 3: Accuracy = 0.8129, Failures = 55, Successes = 239

========================================
BEST REFINEMENT CANDIDATE
========================================
Candidate 1
Accuracy: 0.8129
Failures: 55
Successes: 239

===================================================
Dataset: /home/shamim_ist/AgentBN/datasets/alarm/combined_train_scenarios.csv
===================================================
Accuracy: 81.29 %
Total: 294
Successes: 239
Failures: 55
Removed 1 record(s) with bn_number=3
Valid response received on attempt 1.
Selected baseline BN: 1

===================================================
Dataset: /home/shamim_ist/AgentBN/datasets/alarm/combined_train_scenarios.csv
===================================================
Accuracy: 81.29 %
Total: 294
Successes: 239
Failures: 55

Candidate 1: Accuracy = 0.8129, Failures = 55, Successes = 239

===================================================
Dataset: /home/shamim_ist/AgentBN/datasets/alarm/combined_train_scenarios.csv
===================================================
Accuracy: 81.29 %
Total: 294
Successes: 239
Failures: 55

Candidate 2: Accuracy = 0.8129, Failures = 55, Successes = 239

===================================================
Dataset: /home/shamim_ist/AgentBN/datasets/alarm/combined_train_scenarios.csv
===================================================
Accuracy: 81.29 %
Total: 294
Successes: 239
Failures: 55

Candidate 3: Accuracy = 0.8129, Failures = 55, Successes = 239

========================================
BEST REFINEMENT CANDIDATE
========================================
Candidate 1
Accuracy: 0.8129
Failures: 55
Successes: 239

===================================================
Dataset: /home/shamim_ist/AgentBN/datasets/alarm/combined_train_scenarios.csv
===================================================
Accuracy: 81.29 %
Total: 294
Successes: 239
Failures: 55
Removed 1 record(s) with bn_number=3
Valid response received on attempt 1.
Selected baseline BN: 1

===================================================
Dataset: /home/shamim_ist/AgentBN/datasets/alarm/combined_train_scenarios.csv
===================================================
Accuracy: 81.29 %
Total: 294
Successes: 239
Failures: 55

Candidate 1: Accuracy = 0.8129, Failures = 55, Successes = 239

===================================================
Dataset: /home/shamim_ist/AgentBN/datasets/alarm/combined_train_scenarios.csv
===================================================
Accuracy: 81.29 %
Total: 294
Successes: 239
Failures: 55

Candidate 2: Accuracy = 0.8129, Failures = 55, Successes = 239

===================================================
Dataset: /home/shamim_ist/AgentBN/datasets/alarm/combined_train_scenarios.csv
===================================================
Accuracy: 81.29 %
Total: 294
Successes: 239
Failures: 55

Candidate 3: Accuracy = 0.8129, Failures = 55, Successes = 239

========================================
BEST REFINEMENT CANDIDATE
========================================
Candidate 1
Accuracy: 0.8129
Failures: 55
Successes: 239

===================================================
Dataset: /home/shamim_ist/AgentBN/datasets/alarm/combined_train_scenarios.csv
===================================================
Accuracy: 81.29 %
Total: 294
Successes: 239
Failures: 55

No improvement after 3 retries. Selecting best retry candidate (accuracy=81.29%).
Removed 1 record(s) with bn_number=3
Continuing with retry candidate (accuracy=81.29%).

===== ITERATION 4 =====

===================================================
Dataset: /home/shamim_ist/AgentBN/datasets/alarm/combined_train_scenarios.csv
===================================================
Accuracy: 81.29 %
Total: 294
Successes: 239
Failures: 55

Activation trace saved to /home/shamim_ist/AgentBN/workspace/alarm/activation_trace.csv
Failure parameter statistics saved to '/home/shamim_ist/AgentBN/workspace/alarm/failure_parameter_statistics.json'
Valid response received on attempt 1.
Valid response received on attempt 1.

===================================================

Accuracy: 81.29%

Workflow analysis for BN #3 stored in /home/shamim_ist/AgentBN/workspace/alarm/bn_analysis.json
Valid response received on attempt 1.
Selected baseline BN: 1

===================================================
Dataset: /home/shamim_ist/AgentBN/datasets/alarm/combined_train_scenarios.csv
===================================================
Accuracy: 81.29 %
Total: 294
Successes: 239
Failures: 55

Candidate 1: Accuracy = 0.8129, Failures = 55, Successes = 239

===================================================
Dataset: /home/shamim_ist/AgentBN/datasets/alarm/combined_train_scenarios.csv
===================================================
Accuracy: 81.29 %
Total: 294
Successes: 239
Failures: 55

Candidate 2: Accuracy = 0.8129, Failures = 55, Successes = 239

===================================================
Dataset: /home/shamim_ist/AgentBN/datasets/alarm/combined_train_scenarios.csv
===================================================
Accuracy: 81.29 %
Total: 294
Successes: 239
Failures: 55

Candidate 3: Accuracy = 0.8129, Failures = 55, Successes = 239

========================================
BEST REFINEMENT CANDIDATE
========================================
Candidate 1
Accuracy: 0.8129
Failures: 55
Successes: 239

===================================================
Dataset: /home/shamim_ist/AgentBN/datasets/alarm/combined_train_scenarios.csv
===================================================
Accuracy: 81.29 %
Total: 294
Successes: 239
Failures: 55

Accuracy did not improve. Need improvement from 81.29% 
Removed 1 record(s) with bn_number=4
Valid response received on attempt 1.
Selected baseline BN: 1

===================================================
Dataset: /home/shamim_ist/AgentBN/datasets/alarm/combined_train_scenarios.csv
===================================================
Accuracy: 81.29 %
Total: 294
Successes: 239
Failures: 55

Candidate 1: Accuracy = 0.8129, Failures = 55, Successes = 239

===================================================
Dataset: /home/shamim_ist/AgentBN/datasets/alarm/combined_train_scenarios.csv
===================================================
Accuracy: 81.29 %
Total: 294
Successes: 239
Failures: 55

Candidate 2: Accuracy = 0.8129, Failures = 55, Successes = 239

===================================================
Dataset: /home/shamim_ist/AgentBN/datasets/alarm/combined_train_scenarios.csv
===================================================
Accuracy: 81.29 %
Total: 294
Successes: 239
Failures: 55

Candidate 3: Accuracy = 0.8129, Failures = 55, Successes = 239

========================================
BEST REFINEMENT CANDIDATE
========================================
Candidate 1
Accuracy: 0.8129
Failures: 55
Successes: 239

===================================================
Dataset: /home/shamim_ist/AgentBN/datasets/alarm/combined_train_scenarios.csv
===================================================
Accuracy: 81.29 %
Total: 294
Successes: 239
Failures: 55
Removed 1 record(s) with bn_number=4
Valid response received on attempt 1.
Selected baseline BN: 1

===================================================
Dataset: /home/shamim_ist/AgentBN/datasets/alarm/combined_train_scenarios.csv
===================================================
Accuracy: 81.29 %
Total: 294
Successes: 239
Failures: 55

Candidate 1: Accuracy = 0.8129, Failures = 55, Successes = 239

===================================================
Dataset: /home/shamim_ist/AgentBN/datasets/alarm/combined_train_scenarios.csv
===================================================
Accuracy: 81.29 %
Total: 294
Successes: 239
Failures: 55

Candidate 2: Accuracy = 0.8129, Failures = 55, Successes = 239

===================================================
Dataset: /home/shamim_ist/AgentBN/datasets/alarm/combined_train_scenarios.csv
===================================================
Accuracy: 81.29 %
Total: 294
Successes: 239
Failures: 55

Candidate 3: Accuracy = 0.8129, Failures = 55, Successes = 239

========================================
BEST REFINEMENT CANDIDATE
========================================
Candidate 1
Accuracy: 0.8129
Failures: 55
Successes: 239

===================================================
Dataset: /home/shamim_ist/AgentBN/datasets/alarm/combined_train_scenarios.csv
===================================================
Accuracy: 81.29 %
Total: 294
Successes: 239
Failures: 55
Removed 1 record(s) with bn_number=4
Valid response received on attempt 1.
Selected baseline BN: 1

===================================================
Dataset: /home/shamim_ist/AgentBN/datasets/alarm/combined_train_scenarios.csv
===================================================
Accuracy: 81.29 %
Total: 294
Successes: 239
Failures: 55

Candidate 1: Accuracy = 0.8129, Failures = 55, Successes = 239

===================================================
Dataset: /home/shamim_ist/AgentBN/datasets/alarm/combined_train_scenarios.csv
===================================================
Accuracy: 81.29 %
Total: 294
Successes: 239
Failures: 55

Candidate 2: Accuracy = 0.8129, Failures = 55, Successes = 239

===================================================
Dataset: /home/shamim_ist/AgentBN/datasets/alarm/combined_train_scenarios.csv
===================================================
Accuracy: 81.29 %
Total: 294
Successes: 239
Failures: 55

Candidate 3: Accuracy = 0.8129, Failures = 55, Successes = 239

========================================
BEST REFINEMENT CANDIDATE
========================================
Candidate 1
Accuracy: 0.8129
Failures: 55
Successes: 239

===================================================
Dataset: /home/shamim_ist/AgentBN/datasets/alarm/combined_train_scenarios.csv
===================================================
Accuracy: 81.29 %
Total: 294
Successes: 239
Failures: 55

No improvement after 3 retries. Selecting best retry candidate (accuracy=81.29%).
Removed 1 record(s) with bn_number=4
Continuing with retry candidate (accuracy=81.29%).

===================================================
Dataset: /home/shamim_ist/AgentBN/datasets/alarm/combined_train_scenarios.csv
===================================================
Accuracy: 81.29 %
Total: 294
Successes: 239
Failures: 55

===================================================
Dataset: /home/shamim_ist/AgentBN/datasets/alarm/combined_train_scenarios.csv
===================================================
Accuracy: 81.29 %
Total: 294
Successes: 239
Failures: 55

===================================================
Dataset: /home/shamim_ist/AgentBN/datasets/alarm/combined_train_scenarios.csv
===================================================
Accuracy: 81.29 %
Total: 294
Successes: 239
Failures: 55

===================================================
Dataset: /home/shamim_ist/AgentBN/datasets/alarm/combined_train_scenarios.csv
===================================================
Accuracy: 81.29 %
Total: 294
Successes: 239
Failures: 55

===================================================
Dataset: /home/shamim_ist/AgentBN/datasets/alarm/combined_train_scenarios.csv
===================================================
Accuracy: 81.29 %
Total: 294
Successes: 239
Failures: 55


Best BN Number: 4
Best BN Accuracy: 0.8129251700680272
Saved CPT identity comparison to /home/shamim_ist/AgentBN/workspace/alarm/cpt_comparison_analysis.json
BN number: 4
Agent change verdict: poor
Expected changed CPTs: ['HYPOVOLEMIA', 'LVEDVOLUME']
Agent changed CPTs: []
Unexpected changed CPTs: []
{'bn_number': 4, 'agent_changed_cpt_count': 0, 'agent_changed_cpts': [], 'agent_change_report': {'verdict': 'poor', 'total_cpts': 37, 'expected_changed_count': 2, 'expected_changed_cpts': ['HYPOVOLEMIA', 'LVEDVOLUME'], 'agent_changed_count': 0, 'agent_changed_cpts': [], 'matched_expected_count': 0, 'matched_expected_cpts': [], 'missed_expected_count': 2, 'missed_expected_cpts': ['HYPOVOLEMIA', 'LVEDVOLUME'], 'unexpected_changed_count': 0, 'unexpected_changed_cpts': [], 'unflawed_cpt_count': 35, 'untouched_unflawed_count': 35, 'untouched_unflawed_cpts': ['ANAPHYLAXIS', 'ARTCO2', 'BP', 'CATECHOL', 'CO', 'CVP', 'DISCONNECT', 'ERRCAUTER', 'ERRLOWOUTPUT', 'EXPCO2', 'FIO2', 'HISTORY', 'HR', 'HRBP', 'HREKG', 'HRSAT', 'INSUFFANESTH', 'INTUBATION', 'KINKEDTUBE', 'LVFAILURE', 'MINVOL', 'MINVOLSET', 'PAP', 'PCWP', 'PRESS', 'PULMEMBOLUS', 'PVSAT', 'SAO2', 'SHUNT', 'STROKEVOLUME', 'TPR', 'VENTALV', 'VENTLUNG', 'VENTMACH', 'VENTTUBE'], 'expected_change_recall': 0.0, 'unexpected_change_rate': 0.0, 'unflawed_preservation_rate': 1.0}}
======================================================================
HYPOVOLEMIA                    0.07144859
  Column 0:
    Flawed : [0.08 0.92]
    Prop   : [0.08 0.92]
    GT     : [0.2 0.8]
----------------------------------------------------------------------
LVEDVOLUME                     0.14659557
  Column 0:
    Flawed : [0.65 0.33 0.02]
    Prop   : [0.65 0.33 0.02]
    GT     : [0.95 0.04 0.01]
  Column 2:
    Flawed : [0.68 0.3  0.02]
    Prop   : [0.68 0.3  0.02]
    GT     : [0.98 0.01 0.01]
----------------------------------------------------------------------
======================================================================
Overall Average CPT KL = 0.00332238
======================================================================
HYPOVOLEMIA                    RMSE = 0.12000000
  Column 0:
    Flawed : [0.08 0.92]
    Prop   : [0.08 0.92]
    GT     : [0.2 0.8]
----------------------------------------------------------------------
LVEDVOLUME                     RMSE = 0.17039171
  Column 0:
    Flawed : [0.65 0.33 0.02]
    Prop   : [0.65 0.33 0.02]
    GT     : [0.95 0.04 0.01]
  Column 2:
    Flawed : [0.68 0.3  0.02]
    Prop   : [0.68 0.3  0.02]
    GT     : [0.98 0.01 0.01]
----------------------------------------------------------------------
======================================================================
Overall CPT RMSE = 0.02496940
======================================================================
HYPOVOLEMIA                    Hellinger = 0.12491785
  Column 0:
    Flawed : [0.08 0.92]
    Prop   : [0.08 0.92]
    GT     : [0.2 0.8]
----------------------------------------------------------------------
LVEDVOLUME                     Hellinger = 0.15764108
  Column 0:
    Flawed : [0.65 0.33 0.02]
    Prop   : [0.65 0.33 0.02]
    GT     : [0.95 0.04 0.01]
  Column 2:
    Flawed : [0.68 0.3  0.02]
    Prop   : [0.68 0.3  0.02]
    GT     : [0.98 0.01 0.01]
----------------------------------------------------------------------
======================================================================
Overall Average Hellinger = 0.00381557
###------------------------------###

Restart 1 finished.
###------------------------------###

==============================
PIPELINE RESTART #2
==============================
Cleared: /home/shamim_ist/AgentBN/workspace/alarm/bn_analysis.json
Cleared: /home/shamim_ist/AgentBN/workspace/alarm/last_proposed_bn.jsonl
Cleared: /home/shamim_ist/AgentBN/workspace/alarm/dangerous_cpt_report.json
Cleared: /home/shamim_ist/AgentBN/workspace/alarm/failure_parameter_statistics.json
Cleared: /home/shamim_ist/AgentBN/workspace/alarm/diagnostic_report.json

===================================================
Dataset: /home/shamim_ist/AgentBN/datasets/alarm/combined_train_scenarios.csv
===================================================
Accuracy: 81.29 %
Total: 294
Successes: 239
Failures: 55
Flawed BN Accuracy: 81.29%
Initial Acceptance Threshold: 86.90%

Initial Generation Attempt 0

Activation trace saved to /home/shamim_ist/AgentBN/workspace/alarm/activation_trace.csv
Failure parameter statistics saved to '/home/shamim_ist/AgentBN/workspace/alarm/failure_parameter_statistics.json'
Valid response received on attempt 1.
Valid response received on attempt 1.

===================================================

Accuracy: 81.29%

Workflow analysis for BN #0 stored in /home/shamim_ist/AgentBN/workspace/alarm/bn_analysis.json
Valid response received on attempt 1.
Selected baseline BN: 0

===================================================
Dataset: /home/shamim_ist/AgentBN/datasets/alarm/combined_train_scenarios.csv
===================================================
Accuracy: 80.95 %
Total: 294
Successes: 238
Failures: 56

Candidate 1: Accuracy = 0.8095, Failures = 56, Successes = 238

===================================================
Dataset: /home/shamim_ist/AgentBN/datasets/alarm/combined_train_scenarios.csv
===================================================
Accuracy: 81.29 %
Total: 294
Successes: 239
Failures: 55

Candidate 2: Accuracy = 0.8129, Failures = 55, Successes = 239

===================================================
Dataset: /home/shamim_ist/AgentBN/datasets/alarm/combined_train_scenarios.csv
===================================================
Accuracy: 80.95 %
Total: 294
Successes: 238
Failures: 56

Candidate 3: Accuracy = 0.8095, Failures = 56, Successes = 238

========================================
BEST REFINEMENT CANDIDATE
========================================
Candidate 2
Accuracy: 0.8129
Failures: 55
Successes: 239

===================================================
Dataset: /home/shamim_ist/AgentBN/datasets/alarm/combined_train_scenarios.csv
===================================================
Accuracy: 81.29 %
Total: 294
Successes: 239
Failures: 55
Accuracy = 81.29%

Initial Generation Attempt 1
Removed workflow analysis for BN #0 from /home/shamim_ist/AgentBN/workspace/alarm/bn_analysis.json

Activation trace saved to /home/shamim_ist/AgentBN/workspace/alarm/activation_trace.csv
Failure parameter statistics saved to '/home/shamim_ist/AgentBN/workspace/alarm/failure_parameter_statistics.json'
Valid response received on attempt 1.
Valid response received on attempt 1.

===================================================

Accuracy: 81.29%

Workflow analysis for BN #0 stored in /home/shamim_ist/AgentBN/workspace/alarm/bn_analysis.json
Valid response received on attempt 1.
Selected baseline BN: 0

===================================================
Dataset: /home/shamim_ist/AgentBN/datasets/alarm/combined_train_scenarios.csv
===================================================
Accuracy: 80.95 %
Total: 294
Successes: 238
Failures: 56

Candidate 1: Accuracy = 0.8095, Failures = 56, Successes = 238

===================================================
Dataset: /home/shamim_ist/AgentBN/datasets/alarm/combined_train_scenarios.csv
===================================================
Accuracy: 80.95 %
Total: 294
Successes: 238
Failures: 56

Candidate 2: Accuracy = 0.8095, Failures = 56, Successes = 238

===================================================
Dataset: /home/shamim_ist/AgentBN/datasets/alarm/combined_train_scenarios.csv
===================================================
Accuracy: 80.95 %
Total: 294
Successes: 238
Failures: 56

Candidate 3: Accuracy = 0.8095, Failures = 56, Successes = 238

========================================
BEST REFINEMENT CANDIDATE
========================================
Candidate 1
Accuracy: 0.8095
Failures: 56
Successes: 238

===================================================
Dataset: /home/shamim_ist/AgentBN/datasets/alarm/combined_train_scenarios.csv
===================================================
Accuracy: 80.95 %
Total: 294
Successes: 238
Failures: 56
Accuracy = 80.95%

Initial Generation Attempt 2
Removed workflow analysis for BN #0 from /home/shamim_ist/AgentBN/workspace/alarm/bn_analysis.json

Activation trace saved to /home/shamim_ist/AgentBN/workspace/alarm/activation_trace.csv
Failure parameter statistics saved to '/home/shamim_ist/AgentBN/workspace/alarm/failure_parameter_statistics.json'
Valid response received on attempt 1.
Valid response received on attempt 1.

===================================================

Accuracy: 81.29%

Workflow analysis for BN #0 stored in /home/shamim_ist/AgentBN/workspace/alarm/bn_analysis.json
Valid response received on attempt 1.
Selected baseline BN: 0

===================================================
Dataset: /home/shamim_ist/AgentBN/datasets/alarm/combined_train_scenarios.csv
===================================================
Accuracy: 80.95 %
Total: 294
Successes: 238
Failures: 56

Candidate 1: Accuracy = 0.8095, Failures = 56, Successes = 238

===================================================
Dataset: /home/shamim_ist/AgentBN/datasets/alarm/combined_train_scenarios.csv
===================================================
Accuracy: 81.29 %
Total: 294
Successes: 239
Failures: 55

Candidate 2: Accuracy = 0.8129, Failures = 55, Successes = 239

===================================================
Dataset: /home/shamim_ist/AgentBN/datasets/alarm/combined_train_scenarios.csv
===================================================
Accuracy: 80.95 %
Total: 294
Successes: 238
Failures: 56

Candidate 3: Accuracy = 0.8095, Failures = 56, Successes = 238

========================================
BEST REFINEMENT CANDIDATE
========================================
Candidate 2
Accuracy: 0.8129
Failures: 55
Successes: 239

===================================================
Dataset: /home/shamim_ist/AgentBN/datasets/alarm/combined_train_scenarios.csv
===================================================
Accuracy: 81.29 %
Total: 294
Successes: 239
Failures: 55
Accuracy = 81.29%
Threshold (86.90%) not reached after 3 attempts. Using best generated BN (81.29%).
Removed workflow analysis for BN #0 from /home/shamim_ist/AgentBN/workspace/alarm/bn_analysis.json

Initial BN generated

===== ITERATION 2 =====

===================================================
Dataset: /home/shamim_ist/AgentBN/datasets/alarm/combined_train_scenarios.csv
===================================================
Accuracy: 81.29 %
Total: 294
Successes: 239
Failures: 55

Activation trace saved to /home/shamim_ist/AgentBN/workspace/alarm/activation_trace.csv
Failure parameter statistics saved to '/home/shamim_ist/AgentBN/workspace/alarm/failure_parameter_statistics.json'
Valid response received on attempt 1.
Valid response received on attempt 1.

===================================================

Accuracy: 81.29%

Workflow analysis for BN #1 stored in /home/shamim_ist/AgentBN/workspace/alarm/bn_analysis.json
Valid response received on attempt 1.
Selected baseline BN: 1

===================================================
Dataset: /home/shamim_ist/AgentBN/datasets/alarm/combined_train_scenarios.csv
===================================================
Accuracy: 80.95 %
Total: 294
Successes: 238
Failures: 56

Candidate 1: Accuracy = 0.8095, Failures = 56, Successes = 238

===================================================
Dataset: /home/shamim_ist/AgentBN/datasets/alarm/combined_train_scenarios.csv
===================================================
Accuracy: 81.29 %
Total: 294
Successes: 239
Failures: 55

Candidate 2: Accuracy = 0.8129, Failures = 55, Successes = 239

===================================================
Dataset: /home/shamim_ist/AgentBN/datasets/alarm/combined_train_scenarios.csv
===================================================
Accuracy: 80.95 %
Total: 294
Successes: 238
Failures: 56

Candidate 3: Accuracy = 0.8095, Failures = 56, Successes = 238

========================================
BEST REFINEMENT CANDIDATE
========================================
Candidate 2
Accuracy: 0.8129
Failures: 55
Successes: 239

===================================================
Dataset: /home/shamim_ist/AgentBN/datasets/alarm/combined_train_scenarios.csv
===================================================
Accuracy: 81.29 %
Total: 294
Successes: 239
Failures: 55

Accuracy did not improve. Need improvement from 81.29% 
Removed 1 record(s) with bn_number=2
Valid response received on attempt 1.
Selected baseline BN: 1

===================================================
Dataset: /home/shamim_ist/AgentBN/datasets/alarm/combined_train_scenarios.csv
===================================================
Accuracy: 80.95 %
Total: 294
Successes: 238
Failures: 56

Candidate 1: Accuracy = 0.8095, Failures = 56, Successes = 238

===================================================
Dataset: /home/shamim_ist/AgentBN/datasets/alarm/combined_train_scenarios.csv
===================================================
Accuracy: 80.95 %
Total: 294
Successes: 238
Failures: 56

Candidate 2: Accuracy = 0.8095, Failures = 56, Successes = 238

===================================================
Dataset: /home/shamim_ist/AgentBN/datasets/alarm/combined_train_scenarios.csv
===================================================
Accuracy: 81.29 %
Total: 294
Successes: 239
Failures: 55

Candidate 3: Accuracy = 0.8129, Failures = 55, Successes = 239

========================================
BEST REFINEMENT CANDIDATE
========================================
Candidate 3
Accuracy: 0.8129
Failures: 55
Successes: 239

===================================================
Dataset: /home/shamim_ist/AgentBN/datasets/alarm/combined_train_scenarios.csv
===================================================
Accuracy: 81.29 %
Total: 294
Successes: 239
Failures: 55
Removed 1 record(s) with bn_number=2
Valid response received on attempt 1.
Selected baseline BN: 1

===================================================
Dataset: /home/shamim_ist/AgentBN/datasets/alarm/combined_train_scenarios.csv
===================================================
Accuracy: 80.95 %
Total: 294
Successes: 238
Failures: 56

Candidate 1: Accuracy = 0.8095, Failures = 56, Successes = 238

===================================================
Dataset: /home/shamim_ist/AgentBN/datasets/alarm/combined_train_scenarios.csv
===================================================
Accuracy: 81.29 %
Total: 294
Successes: 239
Failures: 55

Candidate 2: Accuracy = 0.8129, Failures = 55, Successes = 239

===================================================
Dataset: /home/shamim_ist/AgentBN/datasets/alarm/combined_train_scenarios.csv
===================================================
Accuracy: 80.95 %
Total: 294
Successes: 238
Failures: 56

Candidate 3: Accuracy = 0.8095, Failures = 56, Successes = 238

========================================
BEST REFINEMENT CANDIDATE
========================================
Candidate 2
Accuracy: 0.8129
Failures: 55
Successes: 239

===================================================
Dataset: /home/shamim_ist/AgentBN/datasets/alarm/combined_train_scenarios.csv
===================================================
Accuracy: 81.29 %
Total: 294
Successes: 239
Failures: 55
Removed 1 record(s) with bn_number=2
Valid response received on attempt 1.
Selected baseline BN: 1

===================================================
Dataset: /home/shamim_ist/AgentBN/datasets/alarm/combined_train_scenarios.csv
===================================================
Accuracy: 80.95 %
Total: 294
Successes: 238
Failures: 56

Candidate 1: Accuracy = 0.8095, Failures = 56, Successes = 238

===================================================
Dataset: /home/shamim_ist/AgentBN/datasets/alarm/combined_train_scenarios.csv
===================================================
Accuracy: 80.95 %
Total: 294
Successes: 238
Failures: 56

Candidate 2: Accuracy = 0.8095, Failures = 56, Successes = 238

===================================================
Dataset: /home/shamim_ist/AgentBN/datasets/alarm/combined_train_scenarios.csv
===================================================
Accuracy: 81.29 %
Total: 294
Successes: 239
Failures: 55

Candidate 3: Accuracy = 0.8129, Failures = 55, Successes = 239

========================================
BEST REFINEMENT CANDIDATE
========================================
Candidate 3
Accuracy: 0.8129
Failures: 55
Successes: 239

===================================================
Dataset: /home/shamim_ist/AgentBN/datasets/alarm/combined_train_scenarios.csv
===================================================
Accuracy: 81.29 %
Total: 294
Successes: 239
Failures: 55

No improvement after 3 retries. Selecting best retry candidate (accuracy=81.29%).
Removed 1 record(s) with bn_number=2
Continuing with retry candidate (accuracy=81.29%).

===== ITERATION 3 =====

===================================================
Dataset: /home/shamim_ist/AgentBN/datasets/alarm/combined_train_scenarios.csv
===================================================
Accuracy: 81.29 %
Total: 294
Successes: 239
Failures: 55

Activation trace saved to /home/shamim_ist/AgentBN/workspace/alarm/activation_trace.csv
Failure parameter statistics saved to '/home/shamim_ist/AgentBN/workspace/alarm/failure_parameter_statistics.json'
Valid response received on attempt 1.
Valid response received on attempt 1.

===================================================

Accuracy: 81.29%

Workflow analysis for BN #2 stored in /home/shamim_ist/AgentBN/workspace/alarm/bn_analysis.json
Valid response received on attempt 1.
Selected baseline BN: 1

===================================================
Dataset: /home/shamim_ist/AgentBN/datasets/alarm/combined_train_scenarios.csv
===================================================
Accuracy: 80.95 %
Total: 294
Successes: 238
Failures: 56

Candidate 1: Accuracy = 0.8095, Failures = 56, Successes = 238

===================================================
Dataset: /home/shamim_ist/AgentBN/datasets/alarm/combined_train_scenarios.csv
===================================================
Accuracy: 80.95 %
Total: 294
Successes: 238
Failures: 56

Candidate 2: Accuracy = 0.8095, Failures = 56, Successes = 238

===================================================
Dataset: /home/shamim_ist/AgentBN/datasets/alarm/combined_train_scenarios.csv
===================================================
Accuracy: 80.95 %
Total: 294
Successes: 238
Failures: 56

Candidate 3: Accuracy = 0.8095, Failures = 56, Successes = 238

========================================
BEST REFINEMENT CANDIDATE
========================================
Candidate 1
Accuracy: 0.8095
Failures: 56
Successes: 238

===================================================
Dataset: /home/shamim_ist/AgentBN/datasets/alarm/combined_train_scenarios.csv
===================================================
Accuracy: 80.95 %
Total: 294
Successes: 238
Failures: 56

Accuracy did not improve. Need improvement from 81.29% 
Removed 1 record(s) with bn_number=3
Valid response received on attempt 1.
Selected baseline BN: 1

===================================================
Dataset: /home/shamim_ist/AgentBN/datasets/alarm/combined_train_scenarios.csv
===================================================
Accuracy: 80.95 %
Total: 294
Successes: 238
Failures: 56

Candidate 1: Accuracy = 0.8095, Failures = 56, Successes = 238

===================================================
Dataset: /home/shamim_ist/AgentBN/datasets/alarm/combined_train_scenarios.csv
===================================================
Accuracy: 81.29 %
Total: 294
Successes: 239
Failures: 55

Candidate 2: Accuracy = 0.8129, Failures = 55, Successes = 239

===================================================
Dataset: /home/shamim_ist/AgentBN/datasets/alarm/combined_train_scenarios.csv
===================================================
Accuracy: 80.95 %
Total: 294
Successes: 238
Failures: 56

Candidate 3: Accuracy = 0.8095, Failures = 56, Successes = 238

========================================
BEST REFINEMENT CANDIDATE
========================================
Candidate 2
Accuracy: 0.8129
Failures: 55
Successes: 239

===================================================
Dataset: /home/shamim_ist/AgentBN/datasets/alarm/combined_train_scenarios.csv
===================================================
Accuracy: 81.29 %
Total: 294
Successes: 239
Failures: 55
Removed 1 record(s) with bn_number=3
Valid response received on attempt 1.
Selected baseline BN: 1

===================================================
Dataset: /home/shamim_ist/AgentBN/datasets/alarm/combined_train_scenarios.csv
===================================================
Accuracy: 80.95 %
Total: 294
Successes: 238
Failures: 56

Candidate 1: Accuracy = 0.8095, Failures = 56, Successes = 238

===================================================
Dataset: /home/shamim_ist/AgentBN/datasets/alarm/combined_train_scenarios.csv
===================================================
Accuracy: 80.95 %
Total: 294
Successes: 238
Failures: 56

Candidate 2: Accuracy = 0.8095, Failures = 56, Successes = 238

===================================================
Dataset: /home/shamim_ist/AgentBN/datasets/alarm/combined_train_scenarios.csv
===================================================
Accuracy: 80.95 %
Total: 294
Successes: 238
Failures: 56

Candidate 3: Accuracy = 0.8095, Failures = 56, Successes = 238

========================================
BEST REFINEMENT CANDIDATE
========================================
Candidate 1
Accuracy: 0.8095
Failures: 56
Successes: 238

===================================================
Dataset: /home/shamim_ist/AgentBN/datasets/alarm/combined_train_scenarios.csv
===================================================
Accuracy: 80.95 %
Total: 294
Successes: 238
Failures: 56
Removed 1 record(s) with bn_number=3
Valid response received on attempt 1.
Selected baseline BN: 1

===================================================
Dataset: /home/shamim_ist/AgentBN/datasets/alarm/combined_train_scenarios.csv
===================================================
Accuracy: 80.95 %
Total: 294
Successes: 238
Failures: 56

Candidate 1: Accuracy = 0.8095, Failures = 56, Successes = 238

===================================================
Dataset: /home/shamim_ist/AgentBN/datasets/alarm/combined_train_scenarios.csv
===================================================
Accuracy: 81.29 %
Total: 294
Successes: 239
Failures: 55

Candidate 2: Accuracy = 0.8129, Failures = 55, Successes = 239

===================================================
Dataset: /home/shamim_ist/AgentBN/datasets/alarm/combined_train_scenarios.csv
===================================================
Accuracy: 80.95 %
Total: 294
Successes: 238
Failures: 56

Candidate 3: Accuracy = 0.8095, Failures = 56, Successes = 238

========================================
BEST REFINEMENT CANDIDATE
========================================
Candidate 2
Accuracy: 0.8129
Failures: 55
Successes: 239

===================================================
Dataset: /home/shamim_ist/AgentBN/datasets/alarm/combined_train_scenarios.csv
===================================================
Accuracy: 81.29 %
Total: 294
Successes: 239
Failures: 55

No improvement after 3 retries. Selecting best retry candidate (accuracy=81.29%).
Removed 1 record(s) with bn_number=3
Continuing with retry candidate (accuracy=81.29%).

===== ITERATION 4 =====

===================================================
Dataset: /home/shamim_ist/AgentBN/datasets/alarm/combined_train_scenarios.csv
===================================================
Accuracy: 81.29 %
Total: 294
Successes: 239
Failures: 55

Activation trace saved to /home/shamim_ist/AgentBN/workspace/alarm/activation_trace.csv
Failure parameter statistics saved to '/home/shamim_ist/AgentBN/workspace/alarm/failure_parameter_statistics.json'
Valid response received on attempt 1.
Valid response received on attempt 1.

===================================================

Accuracy: 81.29%

Workflow analysis for BN #3 stored in /home/shamim_ist/AgentBN/workspace/alarm/bn_analysis.json
Valid response received on attempt 1.
Selected baseline BN: 1

===================================================
Dataset: /home/shamim_ist/AgentBN/datasets/alarm/combined_train_scenarios.csv
===================================================
Accuracy: 80.95 %
Total: 294
Successes: 238
Failures: 56

Candidate 1: Accuracy = 0.8095, Failures = 56, Successes = 238

===================================================
Dataset: /home/shamim_ist/AgentBN/datasets/alarm/combined_train_scenarios.csv
===================================================
Accuracy: 80.95 %
Total: 294
Successes: 238
Failures: 56

Candidate 2: Accuracy = 0.8095, Failures = 56, Successes = 238

===================================================
Dataset: /home/shamim_ist/AgentBN/datasets/alarm/combined_train_scenarios.csv
===================================================
Accuracy: 80.95 %
Total: 294
Successes: 238
Failures: 56

Candidate 3: Accuracy = 0.8095, Failures = 56, Successes = 238

========================================
BEST REFINEMENT CANDIDATE
========================================
Candidate 1
Accuracy: 0.8095
Failures: 56
Successes: 238

===================================================
Dataset: /home/shamim_ist/AgentBN/datasets/alarm/combined_train_scenarios.csv
===================================================
Accuracy: 80.95 %
Total: 294
Successes: 238
Failures: 56

Accuracy did not improve. Need improvement from 81.29% 
Removed 1 record(s) with bn_number=4
Valid response received on attempt 1.
Selected baseline BN: 1

===================================================
Dataset: /home/shamim_ist/AgentBN/datasets/alarm/combined_train_scenarios.csv
===================================================
Accuracy: 80.95 %
Total: 294
Successes: 238
Failures: 56

Candidate 1: Accuracy = 0.8095, Failures = 56, Successes = 238

===================================================
Dataset: /home/shamim_ist/AgentBN/datasets/alarm/combined_train_scenarios.csv
===================================================
Accuracy: 80.95 %
Total: 294
Successes: 238
Failures: 56

Candidate 2: Accuracy = 0.8095, Failures = 56, Successes = 238

===================================================
Dataset: /home/shamim_ist/AgentBN/datasets/alarm/combined_train_scenarios.csv
===================================================
Accuracy: 80.95 %
Total: 294
Successes: 238
Failures: 56

Candidate 3: Accuracy = 0.8095, Failures = 56, Successes = 238

========================================
BEST REFINEMENT CANDIDATE
========================================
Candidate 1
Accuracy: 0.8095
Failures: 56
Successes: 238

===================================================
Dataset: /home/shamim_ist/AgentBN/datasets/alarm/combined_train_scenarios.csv
===================================================
Accuracy: 80.95 %
Total: 294
Successes: 238
Failures: 56
Removed 1 record(s) with bn_number=4
Valid response received on attempt 1.
Selected baseline BN: 1

===================================================
Dataset: /home/shamim_ist/AgentBN/datasets/alarm/combined_train_scenarios.csv
===================================================
Accuracy: 80.95 %
Total: 294
Successes: 238
Failures: 56

Candidate 1: Accuracy = 0.8095, Failures = 56, Successes = 238

===================================================
Dataset: /home/shamim_ist/AgentBN/datasets/alarm/combined_train_scenarios.csv
===================================================
Accuracy: 80.95 %
Total: 294
Successes: 238
Failures: 56

Candidate 2: Accuracy = 0.8095, Failures = 56, Successes = 238

===================================================
Dataset: /home/shamim_ist/AgentBN/datasets/alarm/combined_train_scenarios.csv
===================================================
Accuracy: 80.95 %
Total: 294
Successes: 238
Failures: 56

Candidate 3: Accuracy = 0.8095, Failures = 56, Successes = 238

========================================
BEST REFINEMENT CANDIDATE
========================================
Candidate 1
Accuracy: 0.8095
Failures: 56
Successes: 238

===================================================
Dataset: /home/shamim_ist/AgentBN/datasets/alarm/combined_train_scenarios.csv
===================================================
Accuracy: 80.95 %
Total: 294
Successes: 238
Failures: 56
Removed 1 record(s) with bn_number=4
Valid response received on attempt 1.
Selected baseline BN: 1

===================================================
Dataset: /home/shamim_ist/AgentBN/datasets/alarm/combined_train_scenarios.csv
===================================================
Accuracy: 80.95 %
Total: 294
Successes: 238
Failures: 56

Candidate 1: Accuracy = 0.8095, Failures = 56, Successes = 238

===================================================
Dataset: /home/shamim_ist/AgentBN/datasets/alarm/combined_train_scenarios.csv
===================================================
Accuracy: 80.95 %
Total: 294
Successes: 238
Failures: 56

Candidate 2: Accuracy = 0.8095, Failures = 56, Successes = 238

===================================================
Dataset: /home/shamim_ist/AgentBN/datasets/alarm/combined_train_scenarios.csv
===================================================
Accuracy: 80.95 %
Total: 294
Successes: 238
Failures: 56

Candidate 3: Accuracy = 0.8095, Failures = 56, Successes = 238

========================================
BEST REFINEMENT CANDIDATE
========================================
Candidate 1
Accuracy: 0.8095
Failures: 56
Successes: 238

===================================================
Dataset: /home/shamim_ist/AgentBN/datasets/alarm/combined_train_scenarios.csv
===================================================
Accuracy: 80.95 %
Total: 294
Successes: 238
Failures: 56

No improvement after 3 retries. Selecting best retry candidate (accuracy=80.95%).
Removed 1 record(s) with bn_number=4
Continuing with retry candidate (accuracy=80.95%).

===================================================
Dataset: /home/shamim_ist/AgentBN/datasets/alarm/combined_train_scenarios.csv
===================================================
Accuracy: 81.29 %
Total: 294
Successes: 239
Failures: 55

===================================================
Dataset: /home/shamim_ist/AgentBN/datasets/alarm/combined_train_scenarios.csv
===================================================
Accuracy: 81.29 %
Total: 294
Successes: 239
Failures: 55

===================================================
Dataset: /home/shamim_ist/AgentBN/datasets/alarm/combined_train_scenarios.csv
===================================================
Accuracy: 81.29 %
Total: 294
Successes: 239
Failures: 55

===================================================
Dataset: /home/shamim_ist/AgentBN/datasets/alarm/combined_train_scenarios.csv
===================================================
Accuracy: 81.29 %
Total: 294
Successes: 239
Failures: 55

===================================================
Dataset: /home/shamim_ist/AgentBN/datasets/alarm/combined_train_scenarios.csv
===================================================
Accuracy: 80.95 %
Total: 294
Successes: 238
Failures: 56


Best BN Number: 3
Best BN Accuracy: 0.8129251700680272
Saved CPT identity comparison to /home/shamim_ist/AgentBN/workspace/alarm/cpt_comparison_analysis.json
BN number: 3
Agent change verdict: poor
Expected changed CPTs: ['HYPOVOLEMIA', 'LVEDVOLUME']
Agent changed CPTs: ['BP', 'CO']
Unexpected changed CPTs: ['BP', 'CO']
{'bn_number': 3, 'agent_changed_cpt_count': 2, 'agent_changed_cpts': ['BP', 'CO'], 'agent_change_report': {'verdict': 'poor', 'total_cpts': 37, 'expected_changed_count': 2, 'expected_changed_cpts': ['HYPOVOLEMIA', 'LVEDVOLUME'], 'agent_changed_count': 2, 'agent_changed_cpts': ['BP', 'CO'], 'matched_expected_count': 0, 'matched_expected_cpts': [], 'missed_expected_count': 2, 'missed_expected_cpts': ['HYPOVOLEMIA', 'LVEDVOLUME'], 'unexpected_changed_count': 2, 'unexpected_changed_cpts': ['BP', 'CO'], 'unflawed_cpt_count': 35, 'untouched_unflawed_count': 33, 'untouched_unflawed_cpts': ['ANAPHYLAXIS', 'ARTCO2', 'CATECHOL', 'CVP', 'DISCONNECT', 'ERRCAUTER', 'ERRLOWOUTPUT', 'EXPCO2', 'FIO2', 'HISTORY', 'HR', 'HRBP', 'HREKG', 'HRSAT', 'INSUFFANESTH', 'INTUBATION', 'KINKEDTUBE', 'LVFAILURE', 'MINVOL', 'MINVOLSET', 'PAP', 'PCWP', 'PRESS', 'PULMEMBOLUS', 'PVSAT', 'SAO2', 'SHUNT', 'STROKEVOLUME', 'TPR', 'VENTALV', 'VENTLUNG', 'VENTMACH', 'VENTTUBE'], 'expected_change_recall': 0.0, 'unexpected_change_rate': 0.0571, 'unflawed_preservation_rate': 0.9429}}
======================================================================
CO                             0.00291313
  Column 6:
    Flawed : [0.8  0.19 0.01]
    Prop   : [0.7  0.28 0.02]
    GT     : [0.8  0.19 0.01]
----------------------------------------------------------------------
HYPOVOLEMIA                    0.07144859
  Column 0:
    Flawed : [0.08 0.92]
    Prop   : [0.08 0.92]
    GT     : [0.2 0.8]
----------------------------------------------------------------------
LVEDVOLUME                     0.14659557
  Column 0:
    Flawed : [0.65 0.33 0.02]
    Prop   : [0.65 0.33 0.02]
    GT     : [0.95 0.04 0.01]
  Column 2:
    Flawed : [0.68 0.3  0.02]
    Prop   : [0.68 0.3  0.02]
    GT     : [0.98 0.01 0.01]
----------------------------------------------------------------------
======================================================================
Overall Average CPT KL = 0.00345479
======================================================================
CO                             RMSE = 0.02596294
  Column 6:
    Flawed : [0.8  0.19 0.01]
    Prop   : [0.7  0.28 0.02]
    GT     : [0.8  0.19 0.01]
----------------------------------------------------------------------
HYPOVOLEMIA                    RMSE = 0.12000000
  Column 0:
    Flawed : [0.08 0.92]
    Prop   : [0.08 0.92]
    GT     : [0.2 0.8]
----------------------------------------------------------------------
LVEDVOLUME                     RMSE = 0.17039171
  Column 0:
    Flawed : [0.65 0.33 0.02]
    Prop   : [0.65 0.33 0.02]
    GT     : [0.95 0.04 0.01]
  Column 2:
    Flawed : [0.68 0.3  0.02]
    Prop   : [0.68 0.3  0.02]
    GT     : [0.98 0.01 0.01]
----------------------------------------------------------------------
======================================================================
Overall CPT RMSE = 0.02556470
======================================================================
CO                             Hellinger = 0.00921294
  Column 6:
    Flawed : [0.8  0.19 0.01]
    Prop   : [0.7  0.28 0.02]
    GT     : [0.8  0.19 0.01]
----------------------------------------------------------------------
HYPOVOLEMIA                    Hellinger = 0.12491785
  Column 0:
    Flawed : [0.08 0.92]
    Prop   : [0.08 0.92]
    GT     : [0.2 0.8]
----------------------------------------------------------------------
LVEDVOLUME                     Hellinger = 0.15764108
  Column 0:
    Flawed : [0.65 0.33 0.02]
    Prop   : [0.65 0.33 0.02]
    GT     : [0.95 0.04 0.01]
  Column 2:
    Flawed : [0.68 0.3  0.02]
    Prop   : [0.68 0.3  0.02]
    GT     : [0.98 0.01 0.01]
----------------------------------------------------------------------
======================================================================
Overall Average Hellinger = 0.00423434
###------------------------------###

Restart 2 finished.
###------------------------------###
Restart: 0
BN keys: dict_keys(['edges', 'nodes'])
Evaluating restart 0

===================================================
Dataset: /home/shamim_ist/AgentBN/datasets/alarm/combined_test_scenarios.csv
===================================================
Accuracy: 76.14 %
Total: 88
Successes: 67
Failures: 21
Restart: 1
BN keys: dict_keys(['edges', 'nodes'])
Evaluating restart 1

===================================================
Dataset: /home/shamim_ist/AgentBN/datasets/alarm/combined_test_scenarios.csv
===================================================
Accuracy: 76.14 %
Total: 88
Successes: 67
Failures: 21
Restart: 2
BN keys: dict_keys(['edges', 'nodes'])
Evaluating restart 2

===================================================
Dataset: /home/shamim_ist/AgentBN/datasets/alarm/combined_test_scenarios.csv
===================================================
Accuracy: 76.14 %
Total: 88
Successes: 67
Failures: 21

===================================
BEST RESTART
===================================
Restart: 0
Accuracy: 0.7613636363636364
Failures: 21
Saved CPT identity comparison to /home/shamim_ist/AgentBN/workspace/alarm/cpt_comparison_analysis.json
BN number: None
Agent change verdict: poor
Expected changed CPTs: ['HYPOVOLEMIA', 'LVEDVOLUME']
Agent changed CPTs: ['BP', 'CO']
Unexpected changed CPTs: ['BP', 'CO']
{'bn_number': None, 'agent_changed_cpt_count': 2, 'agent_changed_cpts': ['BP', 'CO'], 'agent_change_report': {'verdict': 'poor', 'total_cpts': 37, 'expected_changed_count': 2, 'expected_changed_cpts': ['HYPOVOLEMIA', 'LVEDVOLUME'], 'agent_changed_count': 2, 'agent_changed_cpts': ['BP', 'CO'], 'matched_expected_count': 0, 'matched_expected_cpts': [], 'missed_expected_count': 2, 'missed_expected_cpts': ['HYPOVOLEMIA', 'LVEDVOLUME'], 'unexpected_changed_count': 2, 'unexpected_changed_cpts': ['BP', 'CO'], 'unflawed_cpt_count': 35, 'untouched_unflawed_count': 33, 'untouched_unflawed_cpts': ['ANAPHYLAXIS', 'ARTCO2', 'CATECHOL', 'CVP', 'DISCONNECT', 'ERRCAUTER', 'ERRLOWOUTPUT', 'EXPCO2', 'FIO2', 'HISTORY', 'HR', 'HRBP', 'HREKG', 'HRSAT', 'INSUFFANESTH', 'INTUBATION', 'KINKEDTUBE', 'LVFAILURE', 'MINVOL', 'MINVOLSET', 'PAP', 'PCWP', 'PRESS', 'PULMEMBOLUS', 'PVSAT', 'SAO2', 'SHUNT', 'STROKEVOLUME', 'TPR', 'VENTALV', 'VENTLUNG', 'VENTMACH', 'VENTTUBE'], 'expected_change_recall': 0.0, 'unexpected_change_rate': 0.0571, 'unflawed_preservation_rate': 0.9429}}
======================================================================
CO                             0.00291313
  Column 6:
    Flawed : [0.8  0.19 0.01]
    Prop   : [0.7  0.28 0.02]
    GT     : [0.8  0.19 0.01]
----------------------------------------------------------------------
HYPOVOLEMIA                    0.07144859
  Column 0:
    Flawed : [0.08 0.92]
    Prop   : [0.08 0.92]
    GT     : [0.2 0.8]
----------------------------------------------------------------------
LVEDVOLUME                     0.14659557
  Column 0:
    Flawed : [0.65 0.33 0.02]
    Prop   : [0.65 0.33 0.02]
    GT     : [0.95 0.04 0.01]
  Column 2:
    Flawed : [0.68 0.3  0.02]
    Prop   : [0.68 0.3  0.02]
    GT     : [0.98 0.01 0.01]
----------------------------------------------------------------------
======================================================================
Overall Average CPT KL = 0.00345479
======================================================================
CO                             RMSE = 0.02596294
  Column 6:
    Flawed : [0.8  0.19 0.01]
    Prop   : [0.7  0.28 0.02]
    GT     : [0.8  0.19 0.01]
----------------------------------------------------------------------
HYPOVOLEMIA                    RMSE = 0.12000000
  Column 0:
    Flawed : [0.08 0.92]
    Prop   : [0.08 0.92]
    GT     : [0.2 0.8]
----------------------------------------------------------------------
LVEDVOLUME                     RMSE = 0.17039171
  Column 0:
    Flawed : [0.65 0.33 0.02]
    Prop   : [0.65 0.33 0.02]
    GT     : [0.95 0.04 0.01]
  Column 2:
    Flawed : [0.68 0.3  0.02]
    Prop   : [0.68 0.3  0.02]
    GT     : [0.98 0.01 0.01]
----------------------------------------------------------------------
======================================================================
Overall CPT RMSE = 0.02556470
======================================================================
CO                             Hellinger = 0.00921294
  Column 6:
    Flawed : [0.8  0.19 0.01]
    Prop   : [0.7  0.28 0.02]
    GT     : [0.8  0.19 0.01]
----------------------------------------------------------------------
HYPOVOLEMIA                    Hellinger = 0.12491785
  Column 0:
    Flawed : [0.08 0.92]
    Prop   : [0.08 0.92]
    GT     : [0.2 0.8]
----------------------------------------------------------------------
LVEDVOLUME                     Hellinger = 0.15764108
  Column 0:
    Flawed : [0.65 0.33 0.02]
    Prop   : [0.65 0.33 0.02]
    GT     : [0.95 0.04 0.01]
  Column 2:
    Flawed : [0.68 0.3  0.02]
    Prop   : [0.68 0.3  0.02]
    GT     : [0.98 0.01 0.01]
----------------------------------------------------------------------
======================================================================
Overall Average Hellinger = 0.00423434
###------------------------------###

Pipeline finished.
###------------------------------###
