Cleared: /home/shamim_ist/BN_Agent/workspace/alarm/bn_analysis.json
Cleared: /home/shamim_ist/BN_Agent/workspace/alarm/last_proposed_bn.jsonl
Cleared: /home/shamim_ist/BN_Agent/workspace/alarm/dangerous_cpt_report.json
Cleared: /home/shamim_ist/BN_Agent/workspace/alarm/failure_parameter_statistics.json
Cleared: /home/shamim_ist/BN_Agent/workspace/alarm/restart_final_bns.jsonl

==============================
PIPELINE RESTART #0
==============================
Cleared: /home/shamim_ist/BN_Agent/workspace/alarm/bn_analysis.json
Cleared: /home/shamim_ist/BN_Agent/workspace/alarm/last_proposed_bn.jsonl
Cleared: /home/shamim_ist/BN_Agent/workspace/alarm/dangerous_cpt_report.json
Cleared: /home/shamim_ist/BN_Agent/workspace/alarm/failure_parameter_statistics.json

===================================================
Dataset: /home/shamim_ist/BN_Agent/datasets/alarm/combined_train_scenarios.csv
===================================================
Accuracy: 88.0 %
Total: 50
Successes: 44
Failures: 6
Flawed BN Accuracy: 88.00%
Initial Acceptance Threshold: 91.60%

Initial Generation Attempt 0

Additional Parent Nodes Required for CPT Activation (20)

Activation trace saved to /home/shamim_ist/BN_Agent/workspace/alarm/activation_trace.csv
Failure parameter statistics saved to '/home/shamim_ist/BN_Agent/workspace/alarm/failure_parameter_statistics.json'
Valid danger report received on attempt 1.

===================================================

Accuracy: 88.00%

Workflow analysis for BN #0 stored in /home/shamim_ist/BN_Agent/workspace/alarm/bn_analysis.json
Valid response received on attempt 1.
Selected baseline BN: 0

===================================================
Dataset: /home/shamim_ist/BN_Agent/datasets/alarm/combined_train_scenarios.csv
===================================================
Accuracy: 88.0 %
Total: 50
Successes: 44
Failures: 6

Candidate 1: Accuracy = 0.8800, Failures = 6, Successes = 44

===================================================
Dataset: /home/shamim_ist/BN_Agent/datasets/alarm/combined_train_scenarios.csv
===================================================
Accuracy: 88.0 %
Total: 50
Successes: 44
Failures: 6

Candidate 2: Accuracy = 0.8800, Failures = 6, Successes = 44

===================================================
Dataset: /home/shamim_ist/BN_Agent/datasets/alarm/combined_train_scenarios.csv
===================================================
Accuracy: 88.0 %
Total: 50
Successes: 44
Failures: 6

Candidate 3: Accuracy = 0.8800, Failures = 6, Successes = 44

========================================
BEST REFINEMENT CANDIDATE
========================================
Candidate 1
Accuracy: 0.8800
Failures: 6
Successes: 44

===================================================
Dataset: /home/shamim_ist/BN_Agent/datasets/alarm/combined_train_scenarios.csv
===================================================
Accuracy: 88.0 %
Total: 50
Successes: 44
Failures: 6
Accuracy = 88.00%

Initial Generation Attempt 1
Removed workflow analysis for BN #0 from /home/shamim_ist/BN_Agent/workspace/alarm/bn_analysis.json

Additional Parent Nodes Required for CPT Activation (20)

Activation trace saved to /home/shamim_ist/BN_Agent/workspace/alarm/activation_trace.csv
Failure parameter statistics saved to '/home/shamim_ist/BN_Agent/workspace/alarm/failure_parameter_statistics.json'
Valid danger report received on attempt 1.

===================================================

Accuracy: 88.00%

Workflow analysis for BN #0 stored in /home/shamim_ist/BN_Agent/workspace/alarm/bn_analysis.json
Valid response received on attempt 1.
Selected baseline BN: 0

===================================================
Dataset: /home/shamim_ist/BN_Agent/datasets/alarm/combined_train_scenarios.csv
===================================================
Accuracy: 88.0 %
Total: 50
Successes: 44
Failures: 6

Candidate 1: Accuracy = 0.8800, Failures = 6, Successes = 44

===================================================
Dataset: /home/shamim_ist/BN_Agent/datasets/alarm/combined_train_scenarios.csv
===================================================
Accuracy: 88.0 %
Total: 50
Successes: 44
Failures: 6

Candidate 2: Accuracy = 0.8800, Failures = 6, Successes = 44

===================================================
Dataset: /home/shamim_ist/BN_Agent/datasets/alarm/combined_train_scenarios.csv
===================================================
Accuracy: 88.0 %
Total: 50
Successes: 44
Failures: 6

Candidate 3: Accuracy = 0.8800, Failures = 6, Successes = 44

========================================
BEST REFINEMENT CANDIDATE
========================================
Candidate 1
Accuracy: 0.8800
Failures: 6
Successes: 44

===================================================
Dataset: /home/shamim_ist/BN_Agent/datasets/alarm/combined_train_scenarios.csv
===================================================
Accuracy: 88.0 %
Total: 50
Successes: 44
Failures: 6
Accuracy = 88.00%

Initial Generation Attempt 2
Removed workflow analysis for BN #0 from /home/shamim_ist/BN_Agent/workspace/alarm/bn_analysis.json

Additional Parent Nodes Required for CPT Activation (20)

Activation trace saved to /home/shamim_ist/BN_Agent/workspace/alarm/activation_trace.csv
Failure parameter statistics saved to '/home/shamim_ist/BN_Agent/workspace/alarm/failure_parameter_statistics.json'
Valid danger report received on attempt 1.

===================================================

Accuracy: 88.00%

Workflow analysis for BN #0 stored in /home/shamim_ist/BN_Agent/workspace/alarm/bn_analysis.json
Valid response received on attempt 1.
Selected baseline BN: 0

===================================================
Dataset: /home/shamim_ist/BN_Agent/datasets/alarm/combined_train_scenarios.csv
===================================================
Accuracy: 88.0 %
Total: 50
Successes: 44
Failures: 6

Candidate 1: Accuracy = 0.8800, Failures = 6, Successes = 44

===================================================
Dataset: /home/shamim_ist/BN_Agent/datasets/alarm/combined_train_scenarios.csv
===================================================
Accuracy: 88.0 %
Total: 50
Successes: 44
Failures: 6

Candidate 2: Accuracy = 0.8800, Failures = 6, Successes = 44

===================================================
Dataset: /home/shamim_ist/BN_Agent/datasets/alarm/combined_train_scenarios.csv
===================================================
Accuracy: 88.0 %
Total: 50
Successes: 44
Failures: 6

Candidate 3: Accuracy = 0.8800, Failures = 6, Successes = 44

========================================
BEST REFINEMENT CANDIDATE
========================================
Candidate 1
Accuracy: 0.8800
Failures: 6
Successes: 44

===================================================
Dataset: /home/shamim_ist/BN_Agent/datasets/alarm/combined_train_scenarios.csv
===================================================
Accuracy: 88.0 %
Total: 50
Successes: 44
Failures: 6
Accuracy = 88.00%
Threshold (91.60%) not reached after 3 attempts. Using best generated BN (88.00%).
Removed workflow analysis for BN #0 from /home/shamim_ist/BN_Agent/workspace/alarm/bn_analysis.json

Initial BN generated

===== ITERATION 2 =====

===================================================
Dataset: /home/shamim_ist/BN_Agent/datasets/alarm/combined_train_scenarios.csv
===================================================
Accuracy: 88.0 %
Total: 50
Successes: 44
Failures: 6

Additional Parent Nodes Required for CPT Activation (20)

Activation trace saved to /home/shamim_ist/BN_Agent/workspace/alarm/activation_trace.csv
Failure parameter statistics saved to '/home/shamim_ist/BN_Agent/workspace/alarm/failure_parameter_statistics.json'
Valid danger report received on attempt 1.

===================================================

Accuracy: 88.00%

Workflow analysis for BN #1 stored in /home/shamim_ist/BN_Agent/workspace/alarm/bn_analysis.json
Valid response received on attempt 1.
Selected baseline BN: 1

===================================================
Dataset: /home/shamim_ist/BN_Agent/datasets/alarm/combined_train_scenarios.csv
===================================================
Accuracy: 88.0 %
Total: 50
Successes: 44
Failures: 6

Candidate 1: Accuracy = 0.8800, Failures = 6, Successes = 44

===================================================
Dataset: /home/shamim_ist/BN_Agent/datasets/alarm/combined_train_scenarios.csv
===================================================
Accuracy: 88.0 %
Total: 50
Successes: 44
Failures: 6

Candidate 2: Accuracy = 0.8800, Failures = 6, Successes = 44

===================================================
Dataset: /home/shamim_ist/BN_Agent/datasets/alarm/combined_train_scenarios.csv
===================================================
Accuracy: 88.0 %
Total: 50
Successes: 44
Failures: 6

Candidate 3: Accuracy = 0.8800, Failures = 6, Successes = 44

========================================
BEST REFINEMENT CANDIDATE
========================================
Candidate 1
Accuracy: 0.8800
Failures: 6
Successes: 44

===================================================
Dataset: /home/shamim_ist/BN_Agent/datasets/alarm/combined_train_scenarios.csv
===================================================
Accuracy: 88.0 %
Total: 50
Successes: 44
Failures: 6

Accuracy did not improve. Need improvement from 88.00% 
Removed 1 record(s) with bn_number=2
Valid response received on attempt 1.
Selected baseline BN: 1

===================================================
Dataset: /home/shamim_ist/BN_Agent/datasets/alarm/combined_train_scenarios.csv
===================================================
Accuracy: 88.0 %
Total: 50
Successes: 44
Failures: 6

Candidate 1: Accuracy = 0.8800, Failures = 6, Successes = 44

===================================================
Dataset: /home/shamim_ist/BN_Agent/datasets/alarm/combined_train_scenarios.csv
===================================================
Accuracy: 88.0 %
Total: 50
Successes: 44
Failures: 6

Candidate 2: Accuracy = 0.8800, Failures = 6, Successes = 44

===================================================
Dataset: /home/shamim_ist/BN_Agent/datasets/alarm/combined_train_scenarios.csv
===================================================
Accuracy: 88.0 %
Total: 50
Successes: 44
Failures: 6

Candidate 3: Accuracy = 0.8800, Failures = 6, Successes = 44

========================================
BEST REFINEMENT CANDIDATE
========================================
Candidate 1
Accuracy: 0.8800
Failures: 6
Successes: 44

===================================================
Dataset: /home/shamim_ist/BN_Agent/datasets/alarm/combined_train_scenarios.csv
===================================================
Accuracy: 88.0 %
Total: 50
Successes: 44
Failures: 6
Removed 1 record(s) with bn_number=2
Valid response received on attempt 1.
Selected baseline BN: 1

===================================================
Dataset: /home/shamim_ist/BN_Agent/datasets/alarm/combined_train_scenarios.csv
===================================================
Accuracy: 88.0 %
Total: 50
Successes: 44
Failures: 6

Candidate 1: Accuracy = 0.8800, Failures = 6, Successes = 44

===================================================
Dataset: /home/shamim_ist/BN_Agent/datasets/alarm/combined_train_scenarios.csv
===================================================
Accuracy: 88.0 %
Total: 50
Successes: 44
Failures: 6

Candidate 2: Accuracy = 0.8800, Failures = 6, Successes = 44

===================================================
Dataset: /home/shamim_ist/BN_Agent/datasets/alarm/combined_train_scenarios.csv
===================================================
Accuracy: 88.0 %
Total: 50
Successes: 44
Failures: 6

Candidate 3: Accuracy = 0.8800, Failures = 6, Successes = 44

========================================
BEST REFINEMENT CANDIDATE
========================================
Candidate 1
Accuracy: 0.8800
Failures: 6
Successes: 44

===================================================
Dataset: /home/shamim_ist/BN_Agent/datasets/alarm/combined_train_scenarios.csv
===================================================
Accuracy: 88.0 %
Total: 50
Successes: 44
Failures: 6
Removed 1 record(s) with bn_number=2
Valid response received on attempt 1.
Selected baseline BN: 1

===================================================
Dataset: /home/shamim_ist/BN_Agent/datasets/alarm/combined_train_scenarios.csv
===================================================
Accuracy: 88.0 %
Total: 50
Successes: 44
Failures: 6

Candidate 1: Accuracy = 0.8800, Failures = 6, Successes = 44

===================================================
Dataset: /home/shamim_ist/BN_Agent/datasets/alarm/combined_train_scenarios.csv
===================================================
Accuracy: 88.0 %
Total: 50
Successes: 44
Failures: 6

Candidate 2: Accuracy = 0.8800, Failures = 6, Successes = 44

===================================================
Dataset: /home/shamim_ist/BN_Agent/datasets/alarm/combined_train_scenarios.csv
===================================================
Accuracy: 88.0 %
Total: 50
Successes: 44
Failures: 6

Candidate 3: Accuracy = 0.8800, Failures = 6, Successes = 44

========================================
BEST REFINEMENT CANDIDATE
========================================
Candidate 1
Accuracy: 0.8800
Failures: 6
Successes: 44

===================================================
Dataset: /home/shamim_ist/BN_Agent/datasets/alarm/combined_train_scenarios.csv
===================================================
Accuracy: 88.0 %
Total: 50
Successes: 44
Failures: 6

No improvement after 3 retries. Selecting best retry candidate (accuracy=88.00%).
Removed 1 record(s) with bn_number=2
Continuing with retry candidate (accuracy=88.00%).

===== ITERATION 3 =====

===================================================
Dataset: /home/shamim_ist/BN_Agent/datasets/alarm/combined_train_scenarios.csv
===================================================
Accuracy: 88.0 %
Total: 50
Successes: 44
Failures: 6

Additional Parent Nodes Required for CPT Activation (20)

Activation trace saved to /home/shamim_ist/BN_Agent/workspace/alarm/activation_trace.csv
Failure parameter statistics saved to '/home/shamim_ist/BN_Agent/workspace/alarm/failure_parameter_statistics.json'
Valid danger report received on attempt 1.

===================================================

Accuracy: 88.00%

Workflow analysis for BN #2 stored in /home/shamim_ist/BN_Agent/workspace/alarm/bn_analysis.json
Valid response received on attempt 1.
Selected baseline BN: 1

===================================================
Dataset: /home/shamim_ist/BN_Agent/datasets/alarm/combined_train_scenarios.csv
===================================================
Accuracy: 88.0 %
Total: 50
Successes: 44
Failures: 6

Candidate 1: Accuracy = 0.8800, Failures = 6, Successes = 44

===================================================
Dataset: /home/shamim_ist/BN_Agent/datasets/alarm/combined_train_scenarios.csv
===================================================
Accuracy: 88.0 %
Total: 50
Successes: 44
Failures: 6

Candidate 2: Accuracy = 0.8800, Failures = 6, Successes = 44

===================================================
Dataset: /home/shamim_ist/BN_Agent/datasets/alarm/combined_train_scenarios.csv
===================================================
Accuracy: 88.0 %
Total: 50
Successes: 44
Failures: 6

Candidate 3: Accuracy = 0.8800, Failures = 6, Successes = 44

========================================
BEST REFINEMENT CANDIDATE
========================================
Candidate 1
Accuracy: 0.8800
Failures: 6
Successes: 44

===================================================
Dataset: /home/shamim_ist/BN_Agent/datasets/alarm/combined_train_scenarios.csv
===================================================
Accuracy: 88.0 %
Total: 50
Successes: 44
Failures: 6

Accuracy did not improve. Need improvement from 88.00% 
Removed 1 record(s) with bn_number=3
Valid response received on attempt 1.
Selected baseline BN: 1

===================================================
Dataset: /home/shamim_ist/BN_Agent/datasets/alarm/combined_train_scenarios.csv
===================================================
Accuracy: 88.0 %
Total: 50
Successes: 44
Failures: 6

Candidate 1: Accuracy = 0.8800, Failures = 6, Successes = 44

===================================================
Dataset: /home/shamim_ist/BN_Agent/datasets/alarm/combined_train_scenarios.csv
===================================================
Accuracy: 88.0 %
Total: 50
Successes: 44
Failures: 6

Candidate 2: Accuracy = 0.8800, Failures = 6, Successes = 44

===================================================
Dataset: /home/shamim_ist/BN_Agent/datasets/alarm/combined_train_scenarios.csv
===================================================
Accuracy: 88.0 %
Total: 50
Successes: 44
Failures: 6

Candidate 3: Accuracy = 0.8800, Failures = 6, Successes = 44

========================================
BEST REFINEMENT CANDIDATE
========================================
Candidate 1
Accuracy: 0.8800
Failures: 6
Successes: 44

===================================================
Dataset: /home/shamim_ist/BN_Agent/datasets/alarm/combined_train_scenarios.csv
===================================================
Accuracy: 88.0 %
Total: 50
Successes: 44
Failures: 6
Removed 1 record(s) with bn_number=3
Valid response received on attempt 1.
Selected baseline BN: 1

===================================================
Dataset: /home/shamim_ist/BN_Agent/datasets/alarm/combined_train_scenarios.csv
===================================================
Accuracy: 88.0 %
Total: 50
Successes: 44
Failures: 6

Candidate 1: Accuracy = 0.8800, Failures = 6, Successes = 44

===================================================
Dataset: /home/shamim_ist/BN_Agent/datasets/alarm/combined_train_scenarios.csv
===================================================
Accuracy: 88.0 %
Total: 50
Successes: 44
Failures: 6

Candidate 2: Accuracy = 0.8800, Failures = 6, Successes = 44

===================================================
Dataset: /home/shamim_ist/BN_Agent/datasets/alarm/combined_train_scenarios.csv
===================================================
Accuracy: 88.0 %
Total: 50
Successes: 44
Failures: 6

Candidate 3: Accuracy = 0.8800, Failures = 6, Successes = 44

========================================
BEST REFINEMENT CANDIDATE
========================================
Candidate 1
Accuracy: 0.8800
Failures: 6
Successes: 44

===================================================
Dataset: /home/shamim_ist/BN_Agent/datasets/alarm/combined_train_scenarios.csv
===================================================
Accuracy: 88.0 %
Total: 50
Successes: 44
Failures: 6
Removed 1 record(s) with bn_number=3
Valid response received on attempt 1.
Selected baseline BN: 1

===================================================
Dataset: /home/shamim_ist/BN_Agent/datasets/alarm/combined_train_scenarios.csv
===================================================
Accuracy: 88.0 %
Total: 50
Successes: 44
Failures: 6

Candidate 1: Accuracy = 0.8800, Failures = 6, Successes = 44

===================================================
Dataset: /home/shamim_ist/BN_Agent/datasets/alarm/combined_train_scenarios.csv
===================================================
Accuracy: 88.0 %
Total: 50
Successes: 44
Failures: 6

Candidate 2: Accuracy = 0.8800, Failures = 6, Successes = 44

===================================================
Dataset: /home/shamim_ist/BN_Agent/datasets/alarm/combined_train_scenarios.csv
===================================================
Accuracy: 88.0 %
Total: 50
Successes: 44
Failures: 6

Candidate 3: Accuracy = 0.8800, Failures = 6, Successes = 44

========================================
BEST REFINEMENT CANDIDATE
========================================
Candidate 1
Accuracy: 0.8800
Failures: 6
Successes: 44

===================================================
Dataset: /home/shamim_ist/BN_Agent/datasets/alarm/combined_train_scenarios.csv
===================================================
Accuracy: 88.0 %
Total: 50
Successes: 44
Failures: 6

No improvement after 3 retries. Selecting best retry candidate (accuracy=88.00%).
Removed 1 record(s) with bn_number=3
Continuing with retry candidate (accuracy=88.00%).

===== ITERATION 4 =====

===================================================
Dataset: /home/shamim_ist/BN_Agent/datasets/alarm/combined_train_scenarios.csv
===================================================
Accuracy: 88.0 %
Total: 50
Successes: 44
Failures: 6

Additional Parent Nodes Required for CPT Activation (20)

Activation trace saved to /home/shamim_ist/BN_Agent/workspace/alarm/activation_trace.csv
Failure parameter statistics saved to '/home/shamim_ist/BN_Agent/workspace/alarm/failure_parameter_statistics.json'
Valid danger report received on attempt 1.

===================================================

Accuracy: 88.00%

Workflow analysis for BN #3 stored in /home/shamim_ist/BN_Agent/workspace/alarm/bn_analysis.json
Valid response received on attempt 1.
Selected baseline BN: 1

===================================================
Dataset: /home/shamim_ist/BN_Agent/datasets/alarm/combined_train_scenarios.csv
===================================================
Accuracy: 88.0 %
Total: 50
Successes: 44
Failures: 6

Candidate 1: Accuracy = 0.8800, Failures = 6, Successes = 44

===================================================
Dataset: /home/shamim_ist/BN_Agent/datasets/alarm/combined_train_scenarios.csv
===================================================
Accuracy: 88.0 %
Total: 50
Successes: 44
Failures: 6

Candidate 2: Accuracy = 0.8800, Failures = 6, Successes = 44

===================================================
Dataset: /home/shamim_ist/BN_Agent/datasets/alarm/combined_train_scenarios.csv
===================================================
Accuracy: 88.0 %
Total: 50
Successes: 44
Failures: 6

Candidate 3: Accuracy = 0.8800, Failures = 6, Successes = 44

========================================
BEST REFINEMENT CANDIDATE
========================================
Candidate 1
Accuracy: 0.8800
Failures: 6
Successes: 44

===================================================
Dataset: /home/shamim_ist/BN_Agent/datasets/alarm/combined_train_scenarios.csv
===================================================
Accuracy: 88.0 %
Total: 50
Successes: 44
Failures: 6

Accuracy did not improve. Need improvement from 88.00% 
Removed 1 record(s) with bn_number=4
Valid response received on attempt 1.
Selected baseline BN: 1

===================================================
Dataset: /home/shamim_ist/BN_Agent/datasets/alarm/combined_train_scenarios.csv
===================================================
Accuracy: 88.0 %
Total: 50
Successes: 44
Failures: 6

Candidate 1: Accuracy = 0.8800, Failures = 6, Successes = 44

===================================================
Dataset: /home/shamim_ist/BN_Agent/datasets/alarm/combined_train_scenarios.csv
===================================================
Accuracy: 88.0 %
Total: 50
Successes: 44
Failures: 6

Candidate 2: Accuracy = 0.8800, Failures = 6, Successes = 44

===================================================
Dataset: /home/shamim_ist/BN_Agent/datasets/alarm/combined_train_scenarios.csv
===================================================
Accuracy: 88.0 %
Total: 50
Successes: 44
Failures: 6

Candidate 3: Accuracy = 0.8800, Failures = 6, Successes = 44

========================================
BEST REFINEMENT CANDIDATE
========================================
Candidate 1
Accuracy: 0.8800
Failures: 6
Successes: 44

===================================================
Dataset: /home/shamim_ist/BN_Agent/datasets/alarm/combined_train_scenarios.csv
===================================================
Accuracy: 88.0 %
Total: 50
Successes: 44
Failures: 6
Removed 1 record(s) with bn_number=4
Valid response received on attempt 1.
Selected baseline BN: 1

===================================================
Dataset: /home/shamim_ist/BN_Agent/datasets/alarm/combined_train_scenarios.csv
===================================================
Accuracy: 88.0 %
Total: 50
Successes: 44
Failures: 6

Candidate 1: Accuracy = 0.8800, Failures = 6, Successes = 44

===================================================
Dataset: /home/shamim_ist/BN_Agent/datasets/alarm/combined_train_scenarios.csv
===================================================
Accuracy: 88.0 %
Total: 50
Successes: 44
Failures: 6

Candidate 2: Accuracy = 0.8800, Failures = 6, Successes = 44

===================================================
Dataset: /home/shamim_ist/BN_Agent/datasets/alarm/combined_train_scenarios.csv
===================================================
Accuracy: 88.0 %
Total: 50
Successes: 44
Failures: 6

Candidate 3: Accuracy = 0.8800, Failures = 6, Successes = 44

========================================
BEST REFINEMENT CANDIDATE
========================================
Candidate 1
Accuracy: 0.8800
Failures: 6
Successes: 44

===================================================
Dataset: /home/shamim_ist/BN_Agent/datasets/alarm/combined_train_scenarios.csv
===================================================
Accuracy: 88.0 %
Total: 50
Successes: 44
Failures: 6
Removed 1 record(s) with bn_number=4
Valid response received on attempt 1.
Selected baseline BN: 1

===================================================
Dataset: /home/shamim_ist/BN_Agent/datasets/alarm/combined_train_scenarios.csv
===================================================
Accuracy: 88.0 %
Total: 50
Successes: 44
Failures: 6

Candidate 1: Accuracy = 0.8800, Failures = 6, Successes = 44

===================================================
Dataset: /home/shamim_ist/BN_Agent/datasets/alarm/combined_train_scenarios.csv
===================================================
Accuracy: 88.0 %
Total: 50
Successes: 44
Failures: 6

Candidate 2: Accuracy = 0.8800, Failures = 6, Successes = 44

===================================================
Dataset: /home/shamim_ist/BN_Agent/datasets/alarm/combined_train_scenarios.csv
===================================================
Accuracy: 88.0 %
Total: 50
Successes: 44
Failures: 6

Candidate 3: Accuracy = 0.8800, Failures = 6, Successes = 44

========================================
BEST REFINEMENT CANDIDATE
========================================
Candidate 1
Accuracy: 0.8800
Failures: 6
Successes: 44

===================================================
Dataset: /home/shamim_ist/BN_Agent/datasets/alarm/combined_train_scenarios.csv
===================================================
Accuracy: 88.0 %
Total: 50
Successes: 44
Failures: 6

No improvement after 3 retries. Selecting best retry candidate (accuracy=88.00%).
Removed 1 record(s) with bn_number=4
Continuing with retry candidate (accuracy=88.00%).

===================================================
Dataset: /home/shamim_ist/BN_Agent/datasets/alarm/combined_train_scenarios.csv
===================================================
Accuracy: 88.0 %
Total: 50
Successes: 44
Failures: 6

===================================================
Dataset: /home/shamim_ist/BN_Agent/datasets/alarm/combined_train_scenarios.csv
===================================================
Accuracy: 88.0 %
Total: 50
Successes: 44
Failures: 6

===================================================
Dataset: /home/shamim_ist/BN_Agent/datasets/alarm/combined_train_scenarios.csv
===================================================
Accuracy: 88.0 %
Total: 50
Successes: 44
Failures: 6

===================================================
Dataset: /home/shamim_ist/BN_Agent/datasets/alarm/combined_train_scenarios.csv
===================================================
Accuracy: 88.0 %
Total: 50
Successes: 44
Failures: 6

===================================================
Dataset: /home/shamim_ist/BN_Agent/datasets/alarm/combined_train_scenarios.csv
===================================================
Accuracy: 88.0 %
Total: 50
Successes: 44
Failures: 6


Best BN Number: 4
Best BN Accuracy: 0.88
Saved CPT identity comparison to /home/shamim_ist/BN_Agent/workspace/alarm/cpt_comparison_analysis.json
BN number: 4
Agent change verdict: very_good
Expected changed CPTs: ['PCWP']
Actual changed CPTs: ['CVP', 'PCWP']
Unexpected changed CPTs: ['CVP']
{'bn_number': 4, 'non_identical_cpt_count': 2, 'non_identical_cpts': ['CVP', 'PCWP'], 'missing_in_proposed': [], 'agent_change_report': {'verdict': 'very_good', 'total_cpts': 37, 'expected_changed_count': 1, 'expected_changed_cpts': ['PCWP'], 'actual_changed_count': 2, 'actual_changed_cpts': ['CVP', 'PCWP'], 'matched_expected_count': 1, 'matched_expected_cpts': ['PCWP'], 'missed_expected_count': 0, 'missed_expected_cpts': [], 'unexpected_changed_count': 1, 'unexpected_changed_cpts': ['CVP'], 'unflawed_cpt_count': 36, 'untouched_unflawed_count': 35, 'untouched_unflawed_cpts': ['ANAPHYLAXIS', 'ARTCO2', 'BP', 'CATECHOL', 'CO', 'DISCONNECT', 'ERRCAUTER', 'ERRLOWOUTPUT', 'EXPCO2', 'FIO2', 'HISTORY', 'HR', 'HRBP', 'HREKG', 'HRSAT', 'HYPOVOLEMIA', 'INSUFFANESTH', 'INTUBATION', 'KINKEDTUBE', 'LVEDVOLUME', 'LVFAILURE', 'MINVOL', 'MINVOLSET', 'PAP', 'PRESS', 'PULMEMBOLUS', 'PVSAT', 'SAO2', 'SHUNT', 'STROKEVOLUME', 'TPR', 'VENTALV', 'VENTLUNG', 'VENTMACH', 'VENTTUBE'], 'expected_change_recall': 1.0, 'unexpected_change_rate': 0.0278, 'unflawed_preservation_rate': 0.9722}}
======================================================================
ANAPHYLAXIS                    0.00000000
ARTCO2                         0.00000000
BP                             0.00000000
CATECHOL                       0.00000000
CO                             0.00000000
CVP                            0.08349643
DISCONNECT                     0.00000000
ERRCAUTER                      0.00000000
ERRLOWOUTPUT                   0.00000000
EXPCO2                         0.00000000
FIO2                           0.00000000
HISTORY                        0.00000000
HR                             0.00000000
HRBP                           0.00000000
HREKG                          0.00000000
HRSAT                          0.00000000
HYPOVOLEMIA                    0.00000000
INSUFFANESTH                   0.00000000
INTUBATION                     0.00000000
KINKEDTUBE                     0.00000000
LVEDVOLUME                     0.00000000
LVFAILURE                      0.00000000
MINVOL                         0.00000000
MINVOLSET                      0.00000000
PAP                            0.00000000
PCWP                           0.10358026
PRESS                          0.00000000
PULMEMBOLUS                    0.00000000
PVSAT                          0.00000000
SAO2                           0.00000000
SHUNT                          0.00000000
STROKEVOLUME                   0.00000000
TPR                            0.00000000
VENTALV                        0.00000000
VENTLUNG                       0.00000000
VENTMACH                       0.00000000
VENTTUBE                       0.00000000
======================================================================
Overall Average CPT KL = 0.00230959
======================================================================
ANAPHYLAXIS                    RMSE = 0.00000000
ARTCO2                         RMSE = 0.00000000
BP                             RMSE = 0.00000000
CATECHOL                       RMSE = 0.00000000
CO                             RMSE = 0.00000000
CVP                            RMSE = 0.04737557
DISCONNECT                     RMSE = 0.00000000
ERRCAUTER                      RMSE = 0.00000000
ERRLOWOUTPUT                   RMSE = 0.00000000
EXPCO2                         RMSE = 0.00000000
FIO2                           RMSE = 0.00000000
HISTORY                        RMSE = 0.00000000
HR                             RMSE = 0.00000000
HRBP                           RMSE = 0.00000000
HREKG                          RMSE = 0.00000000
HRSAT                          RMSE = 0.00000000
HYPOVOLEMIA                    RMSE = 0.00000000
INSUFFANESTH                   RMSE = 0.00000000
INTUBATION                     RMSE = 0.00000000
KINKEDTUBE                     RMSE = 0.00000000
LVEDVOLUME                     RMSE = 0.00000000
LVFAILURE                      RMSE = 0.00000000
MINVOL                         RMSE = 0.00000000
MINVOLSET                      RMSE = 0.00000000
PAP                            RMSE = 0.00000000
PCWP                           RMSE = 0.10677078
PRESS                          RMSE = 0.00000000
PULMEMBOLUS                    RMSE = 0.00000000
PVSAT                          RMSE = 0.00000000
SAO2                           RMSE = 0.00000000
SHUNT                          RMSE = 0.00000000
STROKEVOLUME                   RMSE = 0.00000000
TPR                            RMSE = 0.00000000
VENTALV                        RMSE = 0.00000000
VENTLUNG                       RMSE = 0.00000000
VENTMACH                       RMSE = 0.00000000
VENTTUBE                       RMSE = 0.00000000
======================================================================
Overall CPT RMSE = 0.01277881
======================================================================
ANAPHYLAXIS                    Hellinger = 0.00000000
ARTCO2                         Hellinger = 0.00000000
BP                             Hellinger = 0.00000000
CATECHOL                       Hellinger = 0.00000000
CO                             Hellinger = 0.00000000
CVP                            Hellinger = 0.05197623
DISCONNECT                     Hellinger = 0.00000000
ERRCAUTER                      Hellinger = 0.00000000
ERRLOWOUTPUT                   Hellinger = 0.00000000
EXPCO2                         Hellinger = 0.00000000
FIO2                           Hellinger = 0.00000000
HISTORY                        Hellinger = 0.00000000
HR                             Hellinger = 0.00000000
HRBP                           Hellinger = 0.00000000
HREKG                          Hellinger = 0.00000000
HRSAT                          Hellinger = 0.00000000
HYPOVOLEMIA                    Hellinger = 0.00000000
INSUFFANESTH                   Hellinger = 0.00000000
INTUBATION                     Hellinger = 0.00000000
KINKEDTUBE                     Hellinger = 0.00000000
LVEDVOLUME                     Hellinger = 0.00000000
LVFAILURE                      Hellinger = 0.00000000
MINVOL                         Hellinger = 0.00000000
MINVOLSET                      Hellinger = 0.00000000
PAP                            Hellinger = 0.00000000
PCWP                           Hellinger = 0.18262497
PRESS                          Hellinger = 0.00000000
PULMEMBOLUS                    Hellinger = 0.00000000
PVSAT                          Hellinger = 0.00000000
SAO2                           Hellinger = 0.00000000
SHUNT                          Hellinger = 0.00000000
STROKEVOLUME                   Hellinger = 0.00000000
TPR                            Hellinger = 0.00000000
VENTALV                        Hellinger = 0.00000000
VENTLUNG                       Hellinger = 0.00000000
VENTMACH                       Hellinger = 0.00000000
VENTTUBE                       Hellinger = 0.00000000
======================================================================
Overall Average Hellinger = 0.00289631
###------------------------------###

Restart 0 finished.
###------------------------------###

==============================
PIPELINE RESTART #1
==============================
Cleared: /home/shamim_ist/BN_Agent/workspace/alarm/bn_analysis.json
Cleared: /home/shamim_ist/BN_Agent/workspace/alarm/last_proposed_bn.jsonl
Cleared: /home/shamim_ist/BN_Agent/workspace/alarm/dangerous_cpt_report.json
Cleared: /home/shamim_ist/BN_Agent/workspace/alarm/failure_parameter_statistics.json

===================================================
Dataset: /home/shamim_ist/BN_Agent/datasets/alarm/combined_train_scenarios.csv
===================================================
Accuracy: 88.0 %
Total: 50
Successes: 44
Failures: 6
Flawed BN Accuracy: 88.00%
Initial Acceptance Threshold: 91.60%

Initial Generation Attempt 0

Additional Parent Nodes Required for CPT Activation (20)

Activation trace saved to /home/shamim_ist/BN_Agent/workspace/alarm/activation_trace.csv
Failure parameter statistics saved to '/home/shamim_ist/BN_Agent/workspace/alarm/failure_parameter_statistics.json'
Valid danger report received on attempt 1.

===================================================

Accuracy: 88.00%

Workflow analysis for BN #0 stored in /home/shamim_ist/BN_Agent/workspace/alarm/bn_analysis.json
Valid response received on attempt 1.
Selected baseline BN: 0

===================================================
Dataset: /home/shamim_ist/BN_Agent/datasets/alarm/combined_train_scenarios.csv
===================================================
Accuracy: 88.0 %
Total: 50
Successes: 44
Failures: 6

Candidate 1: Accuracy = 0.8800, Failures = 6, Successes = 44

===================================================
Dataset: /home/shamim_ist/BN_Agent/datasets/alarm/combined_train_scenarios.csv
===================================================
Accuracy: 88.0 %
Total: 50
Successes: 44
Failures: 6

Candidate 2: Accuracy = 0.8800, Failures = 6, Successes = 44

===================================================
Dataset: /home/shamim_ist/BN_Agent/datasets/alarm/combined_train_scenarios.csv
===================================================
Accuracy: 88.0 %
Total: 50
Successes: 44
Failures: 6

Candidate 3: Accuracy = 0.8800, Failures = 6, Successes = 44

========================================
BEST REFINEMENT CANDIDATE
========================================
Candidate 1
Accuracy: 0.8800
Failures: 6
Successes: 44

===================================================
Dataset: /home/shamim_ist/BN_Agent/datasets/alarm/combined_train_scenarios.csv
===================================================
Accuracy: 88.0 %
Total: 50
Successes: 44
Failures: 6
Accuracy = 88.00%

Initial Generation Attempt 1
Removed workflow analysis for BN #0 from /home/shamim_ist/BN_Agent/workspace/alarm/bn_analysis.json

Additional Parent Nodes Required for CPT Activation (20)

Activation trace saved to /home/shamim_ist/BN_Agent/workspace/alarm/activation_trace.csv
Failure parameter statistics saved to '/home/shamim_ist/BN_Agent/workspace/alarm/failure_parameter_statistics.json'
Valid danger report received on attempt 1.

===================================================

Accuracy: 88.00%

Workflow analysis for BN #0 stored in /home/shamim_ist/BN_Agent/workspace/alarm/bn_analysis.json
Valid response received on attempt 1.
Selected baseline BN: 0

===================================================
Dataset: /home/shamim_ist/BN_Agent/datasets/alarm/combined_train_scenarios.csv
===================================================
Accuracy: 88.0 %
Total: 50
Successes: 44
Failures: 6

Candidate 1: Accuracy = 0.8800, Failures = 6, Successes = 44

===================================================
Dataset: /home/shamim_ist/BN_Agent/datasets/alarm/combined_train_scenarios.csv
===================================================
Accuracy: 88.0 %
Total: 50
Successes: 44
Failures: 6

Candidate 2: Accuracy = 0.8800, Failures = 6, Successes = 44

===================================================
Dataset: /home/shamim_ist/BN_Agent/datasets/alarm/combined_train_scenarios.csv
===================================================
Accuracy: 88.0 %
Total: 50
Successes: 44
Failures: 6

Candidate 3: Accuracy = 0.8800, Failures = 6, Successes = 44

========================================
BEST REFINEMENT CANDIDATE
========================================
Candidate 1
Accuracy: 0.8800
Failures: 6
Successes: 44

===================================================
Dataset: /home/shamim_ist/BN_Agent/datasets/alarm/combined_train_scenarios.csv
===================================================
Accuracy: 88.0 %
Total: 50
Successes: 44
Failures: 6
Accuracy = 88.00%

Initial Generation Attempt 2
Removed workflow analysis for BN #0 from /home/shamim_ist/BN_Agent/workspace/alarm/bn_analysis.json

Additional Parent Nodes Required for CPT Activation (20)

Activation trace saved to /home/shamim_ist/BN_Agent/workspace/alarm/activation_trace.csv
Failure parameter statistics saved to '/home/shamim_ist/BN_Agent/workspace/alarm/failure_parameter_statistics.json'
Valid danger report received on attempt 1.

===================================================

Accuracy: 88.00%

Workflow analysis for BN #0 stored in /home/shamim_ist/BN_Agent/workspace/alarm/bn_analysis.json
Valid response received on attempt 1.
Selected baseline BN: 0

===================================================
Dataset: /home/shamim_ist/BN_Agent/datasets/alarm/combined_train_scenarios.csv
===================================================
Accuracy: 88.0 %
Total: 50
Successes: 44
Failures: 6

Candidate 1: Accuracy = 0.8800, Failures = 6, Successes = 44

===================================================
Dataset: /home/shamim_ist/BN_Agent/datasets/alarm/combined_train_scenarios.csv
===================================================
Accuracy: 88.0 %
Total: 50
Successes: 44
Failures: 6

Candidate 2: Accuracy = 0.8800, Failures = 6, Successes = 44

===================================================
Dataset: /home/shamim_ist/BN_Agent/datasets/alarm/combined_train_scenarios.csv
===================================================
Accuracy: 88.0 %
Total: 50
Successes: 44
Failures: 6

Candidate 3: Accuracy = 0.8800, Failures = 6, Successes = 44

========================================
BEST REFINEMENT CANDIDATE
========================================
Candidate 1
Accuracy: 0.8800
Failures: 6
Successes: 44

===================================================
Dataset: /home/shamim_ist/BN_Agent/datasets/alarm/combined_train_scenarios.csv
===================================================
Accuracy: 88.0 %
Total: 50
Successes: 44
Failures: 6
Accuracy = 88.00%
Threshold (91.60%) not reached after 3 attempts. Using best generated BN (88.00%).
Removed workflow analysis for BN #0 from /home/shamim_ist/BN_Agent/workspace/alarm/bn_analysis.json

Initial BN generated

===== ITERATION 2 =====

===================================================
Dataset: /home/shamim_ist/BN_Agent/datasets/alarm/combined_train_scenarios.csv
===================================================
Accuracy: 88.0 %
Total: 50
Successes: 44
Failures: 6

Additional Parent Nodes Required for CPT Activation (20)

Activation trace saved to /home/shamim_ist/BN_Agent/workspace/alarm/activation_trace.csv
Failure parameter statistics saved to '/home/shamim_ist/BN_Agent/workspace/alarm/failure_parameter_statistics.json'
Valid danger report received on attempt 1.

===================================================

Accuracy: 88.00%

Workflow analysis for BN #1 stored in /home/shamim_ist/BN_Agent/workspace/alarm/bn_analysis.json
Valid response received on attempt 1.
Selected baseline BN: 1

===================================================
Dataset: /home/shamim_ist/BN_Agent/datasets/alarm/combined_train_scenarios.csv
===================================================
Accuracy: 88.0 %
Total: 50
Successes: 44
Failures: 6

Candidate 1: Accuracy = 0.8800, Failures = 6, Successes = 44

===================================================
Dataset: /home/shamim_ist/BN_Agent/datasets/alarm/combined_train_scenarios.csv
===================================================
Accuracy: 88.0 %
Total: 50
Successes: 44
Failures: 6

Candidate 2: Accuracy = 0.8800, Failures = 6, Successes = 44

===================================================
Dataset: /home/shamim_ist/BN_Agent/datasets/alarm/combined_train_scenarios.csv
===================================================
Accuracy: 88.0 %
Total: 50
Successes: 44
Failures: 6

Candidate 3: Accuracy = 0.8800, Failures = 6, Successes = 44

========================================
BEST REFINEMENT CANDIDATE
========================================
Candidate 1
Accuracy: 0.8800
Failures: 6
Successes: 44

===================================================
Dataset: /home/shamim_ist/BN_Agent/datasets/alarm/combined_train_scenarios.csv
===================================================
Accuracy: 88.0 %
Total: 50
Successes: 44
Failures: 6

Accuracy did not improve. Need improvement from 88.00% 
Removed 1 record(s) with bn_number=2
Valid response received on attempt 1.
Selected baseline BN: 1

===================================================
Dataset: /home/shamim_ist/BN_Agent/datasets/alarm/combined_train_scenarios.csv
===================================================
Accuracy: 88.0 %
Total: 50
Successes: 44
Failures: 6

Candidate 1: Accuracy = 0.8800, Failures = 6, Successes = 44

===================================================
Dataset: /home/shamim_ist/BN_Agent/datasets/alarm/combined_train_scenarios.csv
===================================================
Accuracy: 88.0 %
Total: 50
Successes: 44
Failures: 6

Candidate 2: Accuracy = 0.8800, Failures = 6, Successes = 44

===================================================
Dataset: /home/shamim_ist/BN_Agent/datasets/alarm/combined_train_scenarios.csv
===================================================
Accuracy: 88.0 %
Total: 50
Successes: 44
Failures: 6

Candidate 3: Accuracy = 0.8800, Failures = 6, Successes = 44

========================================
BEST REFINEMENT CANDIDATE
========================================
Candidate 1
Accuracy: 0.8800
Failures: 6
Successes: 44

===================================================
Dataset: /home/shamim_ist/BN_Agent/datasets/alarm/combined_train_scenarios.csv
===================================================
Accuracy: 88.0 %
Total: 50
Successes: 44
Failures: 6
Removed 1 record(s) with bn_number=2
Valid response received on attempt 1.
Selected baseline BN: 1

===================================================
Dataset: /home/shamim_ist/BN_Agent/datasets/alarm/combined_train_scenarios.csv
===================================================
Accuracy: 88.0 %
Total: 50
Successes: 44
Failures: 6

Candidate 1: Accuracy = 0.8800, Failures = 6, Successes = 44

===================================================
Dataset: /home/shamim_ist/BN_Agent/datasets/alarm/combined_train_scenarios.csv
===================================================
Accuracy: 88.0 %
Total: 50
Successes: 44
Failures: 6

Candidate 2: Accuracy = 0.8800, Failures = 6, Successes = 44

===================================================
Dataset: /home/shamim_ist/BN_Agent/datasets/alarm/combined_train_scenarios.csv
===================================================
Accuracy: 88.0 %
Total: 50
Successes: 44
Failures: 6

Candidate 3: Accuracy = 0.8800, Failures = 6, Successes = 44

========================================
BEST REFINEMENT CANDIDATE
========================================
Candidate 1
Accuracy: 0.8800
Failures: 6
Successes: 44

===================================================
Dataset: /home/shamim_ist/BN_Agent/datasets/alarm/combined_train_scenarios.csv
===================================================
Accuracy: 88.0 %
Total: 50
Successes: 44
Failures: 6
Removed 1 record(s) with bn_number=2
Valid response received on attempt 1.
Selected baseline BN: 1

===================================================
Dataset: /home/shamim_ist/BN_Agent/datasets/alarm/combined_train_scenarios.csv
===================================================
Accuracy: 88.0 %
Total: 50
Successes: 44
Failures: 6

Candidate 1: Accuracy = 0.8800, Failures = 6, Successes = 44

===================================================
Dataset: /home/shamim_ist/BN_Agent/datasets/alarm/combined_train_scenarios.csv
===================================================
Accuracy: 88.0 %
Total: 50
Successes: 44
Failures: 6

Candidate 2: Accuracy = 0.8800, Failures = 6, Successes = 44

===================================================
Dataset: /home/shamim_ist/BN_Agent/datasets/alarm/combined_train_scenarios.csv
===================================================
Accuracy: 88.0 %
Total: 50
Successes: 44
Failures: 6

Candidate 3: Accuracy = 0.8800, Failures = 6, Successes = 44

========================================
BEST REFINEMENT CANDIDATE
========================================
Candidate 1
Accuracy: 0.8800
Failures: 6
Successes: 44

===================================================
Dataset: /home/shamim_ist/BN_Agent/datasets/alarm/combined_train_scenarios.csv
===================================================
Accuracy: 88.0 %
Total: 50
Successes: 44
Failures: 6

No improvement after 3 retries. Selecting best retry candidate (accuracy=88.00%).
Removed 1 record(s) with bn_number=2
Continuing with retry candidate (accuracy=88.00%).

===== ITERATION 3 =====

===================================================
Dataset: /home/shamim_ist/BN_Agent/datasets/alarm/combined_train_scenarios.csv
===================================================
Accuracy: 88.0 %
Total: 50
Successes: 44
Failures: 6

Additional Parent Nodes Required for CPT Activation (20)

Activation trace saved to /home/shamim_ist/BN_Agent/workspace/alarm/activation_trace.csv
Failure parameter statistics saved to '/home/shamim_ist/BN_Agent/workspace/alarm/failure_parameter_statistics.json'
Valid danger report received on attempt 1.

===================================================

Accuracy: 88.00%

Workflow analysis for BN #2 stored in /home/shamim_ist/BN_Agent/workspace/alarm/bn_analysis.json
Valid response received on attempt 1.
Selected baseline BN: 1

===================================================
Dataset: /home/shamim_ist/BN_Agent/datasets/alarm/combined_train_scenarios.csv
===================================================
Accuracy: 88.0 %
Total: 50
Successes: 44
Failures: 6

Candidate 1: Accuracy = 0.8800, Failures = 6, Successes = 44

===================================================
Dataset: /home/shamim_ist/BN_Agent/datasets/alarm/combined_train_scenarios.csv
===================================================
Accuracy: 88.0 %
Total: 50
Successes: 44
Failures: 6

Candidate 2: Accuracy = 0.8800, Failures = 6, Successes = 44

===================================================
Dataset: /home/shamim_ist/BN_Agent/datasets/alarm/combined_train_scenarios.csv
===================================================
Accuracy: 88.0 %
Total: 50
Successes: 44
Failures: 6

Candidate 3: Accuracy = 0.8800, Failures = 6, Successes = 44

========================================
BEST REFINEMENT CANDIDATE
========================================
Candidate 1
Accuracy: 0.8800
Failures: 6
Successes: 44

===================================================
Dataset: /home/shamim_ist/BN_Agent/datasets/alarm/combined_train_scenarios.csv
===================================================
Accuracy: 88.0 %
Total: 50
Successes: 44
Failures: 6

Accuracy did not improve. Need improvement from 88.00% 
Removed 1 record(s) with bn_number=3
Valid response received on attempt 1.
Selected baseline BN: 1

===================================================
Dataset: /home/shamim_ist/BN_Agent/datasets/alarm/combined_train_scenarios.csv
===================================================
Accuracy: 88.0 %
Total: 50
Successes: 44
Failures: 6

Candidate 1: Accuracy = 0.8800, Failures = 6, Successes = 44

===================================================
Dataset: /home/shamim_ist/BN_Agent/datasets/alarm/combined_train_scenarios.csv
===================================================
Accuracy: 88.0 %
Total: 50
Successes: 44
Failures: 6

Candidate 2: Accuracy = 0.8800, Failures = 6, Successes = 44

===================================================
Dataset: /home/shamim_ist/BN_Agent/datasets/alarm/combined_train_scenarios.csv
===================================================
Accuracy: 88.0 %
Total: 50
Successes: 44
Failures: 6

Candidate 3: Accuracy = 0.8800, Failures = 6, Successes = 44

========================================
BEST REFINEMENT CANDIDATE
========================================
Candidate 1
Accuracy: 0.8800
Failures: 6
Successes: 44

===================================================
Dataset: /home/shamim_ist/BN_Agent/datasets/alarm/combined_train_scenarios.csv
===================================================
Accuracy: 88.0 %
Total: 50
Successes: 44
Failures: 6
Removed 1 record(s) with bn_number=3
Valid response received on attempt 1.
Selected baseline BN: 1

===================================================
Dataset: /home/shamim_ist/BN_Agent/datasets/alarm/combined_train_scenarios.csv
===================================================
Accuracy: 88.0 %
Total: 50
Successes: 44
Failures: 6

Candidate 1: Accuracy = 0.8800, Failures = 6, Successes = 44

===================================================
Dataset: /home/shamim_ist/BN_Agent/datasets/alarm/combined_train_scenarios.csv
===================================================
Accuracy: 88.0 %
Total: 50
Successes: 44
Failures: 6

Candidate 2: Accuracy = 0.8800, Failures = 6, Successes = 44

===================================================
Dataset: /home/shamim_ist/BN_Agent/datasets/alarm/combined_train_scenarios.csv
===================================================
Accuracy: 88.0 %
Total: 50
Successes: 44
Failures: 6

Candidate 3: Accuracy = 0.8800, Failures = 6, Successes = 44

========================================
BEST REFINEMENT CANDIDATE
========================================
Candidate 1
Accuracy: 0.8800
Failures: 6
Successes: 44

===================================================
Dataset: /home/shamim_ist/BN_Agent/datasets/alarm/combined_train_scenarios.csv
===================================================
Accuracy: 88.0 %
Total: 50
Successes: 44
Failures: 6
Removed 1 record(s) with bn_number=3
Valid response received on attempt 1.
Selected baseline BN: 1

===================================================
Dataset: /home/shamim_ist/BN_Agent/datasets/alarm/combined_train_scenarios.csv
===================================================
Accuracy: 88.0 %
Total: 50
Successes: 44
Failures: 6

Candidate 1: Accuracy = 0.8800, Failures = 6, Successes = 44

===================================================
Dataset: /home/shamim_ist/BN_Agent/datasets/alarm/combined_train_scenarios.csv
===================================================
Accuracy: 88.0 %
Total: 50
Successes: 44
Failures: 6

Candidate 2: Accuracy = 0.8800, Failures = 6, Successes = 44

===================================================
Dataset: /home/shamim_ist/BN_Agent/datasets/alarm/combined_train_scenarios.csv
===================================================
Accuracy: 88.0 %
Total: 50
Successes: 44
Failures: 6

Candidate 3: Accuracy = 0.8800, Failures = 6, Successes = 44

========================================
BEST REFINEMENT CANDIDATE
========================================
Candidate 1
Accuracy: 0.8800
Failures: 6
Successes: 44

===================================================
Dataset: /home/shamim_ist/BN_Agent/datasets/alarm/combined_train_scenarios.csv
===================================================
Accuracy: 88.0 %
Total: 50
Successes: 44
Failures: 6

No improvement after 3 retries. Selecting best retry candidate (accuracy=88.00%).
Removed 1 record(s) with bn_number=3
Continuing with retry candidate (accuracy=88.00%).

===== ITERATION 4 =====

===================================================
Dataset: /home/shamim_ist/BN_Agent/datasets/alarm/combined_train_scenarios.csv
===================================================
Accuracy: 88.0 %
Total: 50
Successes: 44
Failures: 6

Additional Parent Nodes Required for CPT Activation (20)

Activation trace saved to /home/shamim_ist/BN_Agent/workspace/alarm/activation_trace.csv
Failure parameter statistics saved to '/home/shamim_ist/BN_Agent/workspace/alarm/failure_parameter_statistics.json'
Valid danger report received on attempt 1.

===================================================

Accuracy: 88.00%

Workflow analysis for BN #3 stored in /home/shamim_ist/BN_Agent/workspace/alarm/bn_analysis.json
Valid response received on attempt 1.
Selected baseline BN: 1

===================================================
Dataset: /home/shamim_ist/BN_Agent/datasets/alarm/combined_train_scenarios.csv
===================================================
Accuracy: 88.0 %
Total: 50
Successes: 44
Failures: 6

Candidate 1: Accuracy = 0.8800, Failures = 6, Successes = 44

===================================================
Dataset: /home/shamim_ist/BN_Agent/datasets/alarm/combined_train_scenarios.csv
===================================================
Accuracy: 88.0 %
Total: 50
Successes: 44
Failures: 6

Candidate 2: Accuracy = 0.8800, Failures = 6, Successes = 44

===================================================
Dataset: /home/shamim_ist/BN_Agent/datasets/alarm/combined_train_scenarios.csv
===================================================
Accuracy: 88.0 %
Total: 50
Successes: 44
Failures: 6

Candidate 3: Accuracy = 0.8800, Failures = 6, Successes = 44

========================================
BEST REFINEMENT CANDIDATE
========================================
Candidate 1
Accuracy: 0.8800
Failures: 6
Successes: 44

===================================================
Dataset: /home/shamim_ist/BN_Agent/datasets/alarm/combined_train_scenarios.csv
===================================================
Accuracy: 88.0 %
Total: 50
Successes: 44
Failures: 6

Accuracy did not improve. Need improvement from 88.00% 
Removed 1 record(s) with bn_number=4
Valid response received on attempt 1.
Selected baseline BN: 1

===================================================
Dataset: /home/shamim_ist/BN_Agent/datasets/alarm/combined_train_scenarios.csv
===================================================
Accuracy: 88.0 %
Total: 50
Successes: 44
Failures: 6

Candidate 1: Accuracy = 0.8800, Failures = 6, Successes = 44

===================================================
Dataset: /home/shamim_ist/BN_Agent/datasets/alarm/combined_train_scenarios.csv
===================================================
Accuracy: 88.0 %
Total: 50
Successes: 44
Failures: 6

Candidate 2: Accuracy = 0.8800, Failures = 6, Successes = 44

===================================================
Dataset: /home/shamim_ist/BN_Agent/datasets/alarm/combined_train_scenarios.csv
===================================================
Accuracy: 88.0 %
Total: 50
Successes: 44
Failures: 6

Candidate 3: Accuracy = 0.8800, Failures = 6, Successes = 44

========================================
BEST REFINEMENT CANDIDATE
========================================
Candidate 1
Accuracy: 0.8800
Failures: 6
Successes: 44

===================================================
Dataset: /home/shamim_ist/BN_Agent/datasets/alarm/combined_train_scenarios.csv
===================================================
Accuracy: 88.0 %
Total: 50
Successes: 44
Failures: 6
Removed 1 record(s) with bn_number=4
Valid response received on attempt 1.
Selected baseline BN: 1

===================================================
Dataset: /home/shamim_ist/BN_Agent/datasets/alarm/combined_train_scenarios.csv
===================================================
Accuracy: 88.0 %
Total: 50
Successes: 44
Failures: 6

Candidate 1: Accuracy = 0.8800, Failures = 6, Successes = 44

===================================================
Dataset: /home/shamim_ist/BN_Agent/datasets/alarm/combined_train_scenarios.csv
===================================================
Accuracy: 88.0 %
Total: 50
Successes: 44
Failures: 6

Candidate 2: Accuracy = 0.8800, Failures = 6, Successes = 44

===================================================
Dataset: /home/shamim_ist/BN_Agent/datasets/alarm/combined_train_scenarios.csv
===================================================
Accuracy: 88.0 %
Total: 50
Successes: 44
Failures: 6

Candidate 3: Accuracy = 0.8800, Failures = 6, Successes = 44

========================================
BEST REFINEMENT CANDIDATE
========================================
Candidate 1
Accuracy: 0.8800
Failures: 6
Successes: 44

===================================================
Dataset: /home/shamim_ist/BN_Agent/datasets/alarm/combined_train_scenarios.csv
===================================================
Accuracy: 88.0 %
Total: 50
Successes: 44
Failures: 6
Removed 1 record(s) with bn_number=4
Valid response received on attempt 1.
Selected baseline BN: 1

===================================================
Dataset: /home/shamim_ist/BN_Agent/datasets/alarm/combined_train_scenarios.csv
===================================================
Accuracy: 88.0 %
Total: 50
Successes: 44
Failures: 6

Candidate 1: Accuracy = 0.8800, Failures = 6, Successes = 44

===================================================
Dataset: /home/shamim_ist/BN_Agent/datasets/alarm/combined_train_scenarios.csv
===================================================
Accuracy: 88.0 %
Total: 50
Successes: 44
Failures: 6

Candidate 2: Accuracy = 0.8800, Failures = 6, Successes = 44

===================================================
Dataset: /home/shamim_ist/BN_Agent/datasets/alarm/combined_train_scenarios.csv
===================================================
Accuracy: 88.0 %
Total: 50
Successes: 44
Failures: 6

Candidate 3: Accuracy = 0.8800, Failures = 6, Successes = 44

========================================
BEST REFINEMENT CANDIDATE
========================================
Candidate 1
Accuracy: 0.8800
Failures: 6
Successes: 44

===================================================
Dataset: /home/shamim_ist/BN_Agent/datasets/alarm/combined_train_scenarios.csv
===================================================
Accuracy: 88.0 %
Total: 50
Successes: 44
Failures: 6

No improvement after 3 retries. Selecting best retry candidate (accuracy=88.00%).
Removed 1 record(s) with bn_number=4
Continuing with retry candidate (accuracy=88.00%).

===================================================
Dataset: /home/shamim_ist/BN_Agent/datasets/alarm/combined_train_scenarios.csv
===================================================
Accuracy: 88.0 %
Total: 50
Successes: 44
Failures: 6

===================================================
Dataset: /home/shamim_ist/BN_Agent/datasets/alarm/combined_train_scenarios.csv
===================================================
Accuracy: 88.0 %
Total: 50
Successes: 44
Failures: 6

===================================================
Dataset: /home/shamim_ist/BN_Agent/datasets/alarm/combined_train_scenarios.csv
===================================================
Accuracy: 88.0 %
Total: 50
Successes: 44
Failures: 6

===================================================
Dataset: /home/shamim_ist/BN_Agent/datasets/alarm/combined_train_scenarios.csv
===================================================
Accuracy: 88.0 %
Total: 50
Successes: 44
Failures: 6

===================================================
Dataset: /home/shamim_ist/BN_Agent/datasets/alarm/combined_train_scenarios.csv
===================================================
Accuracy: 88.0 %
Total: 50
Successes: 44
Failures: 6


Best BN Number: 4
Best BN Accuracy: 0.88
Saved CPT identity comparison to /home/shamim_ist/BN_Agent/workspace/alarm/cpt_comparison_analysis.json
BN number: 4
Agent change verdict: very_good
Expected changed CPTs: ['PCWP']
Actual changed CPTs: ['CVP', 'PCWP']
Unexpected changed CPTs: ['CVP']
{'bn_number': 4, 'non_identical_cpt_count': 2, 'non_identical_cpts': ['CVP', 'PCWP'], 'missing_in_proposed': [], 'agent_change_report': {'verdict': 'very_good', 'total_cpts': 37, 'expected_changed_count': 1, 'expected_changed_cpts': ['PCWP'], 'actual_changed_count': 2, 'actual_changed_cpts': ['CVP', 'PCWP'], 'matched_expected_count': 1, 'matched_expected_cpts': ['PCWP'], 'missed_expected_count': 0, 'missed_expected_cpts': [], 'unexpected_changed_count': 1, 'unexpected_changed_cpts': ['CVP'], 'unflawed_cpt_count': 36, 'untouched_unflawed_count': 35, 'untouched_unflawed_cpts': ['ANAPHYLAXIS', 'ARTCO2', 'BP', 'CATECHOL', 'CO', 'DISCONNECT', 'ERRCAUTER', 'ERRLOWOUTPUT', 'EXPCO2', 'FIO2', 'HISTORY', 'HR', 'HRBP', 'HREKG', 'HRSAT', 'HYPOVOLEMIA', 'INSUFFANESTH', 'INTUBATION', 'KINKEDTUBE', 'LVEDVOLUME', 'LVFAILURE', 'MINVOL', 'MINVOLSET', 'PAP', 'PRESS', 'PULMEMBOLUS', 'PVSAT', 'SAO2', 'SHUNT', 'STROKEVOLUME', 'TPR', 'VENTALV', 'VENTLUNG', 'VENTMACH', 'VENTTUBE'], 'expected_change_recall': 1.0, 'unexpected_change_rate': 0.0278, 'unflawed_preservation_rate': 0.9722}}
======================================================================
ANAPHYLAXIS                    0.00000000
ARTCO2                         0.00000000
BP                             0.00000000
CATECHOL                       0.00000000
CO                             0.00000000
CVP                            0.01023869
DISCONNECT                     0.00000000
ERRCAUTER                      0.00000000
ERRLOWOUTPUT                   0.00000000
EXPCO2                         0.00000000
FIO2                           0.00000000
HISTORY                        0.00000000
HR                             0.00000000
HRBP                           0.00000000
HREKG                          0.00000000
HRSAT                          0.00000000
HYPOVOLEMIA                    0.00000000
INSUFFANESTH                   0.00000000
INTUBATION                     0.00000000
KINKEDTUBE                     0.00000000
LVEDVOLUME                     0.00000000
LVFAILURE                      0.00000000
MINVOL                         0.00000000
MINVOLSET                      0.00000000
PAP                            0.00000000
PCWP                           0.10358026
PRESS                          0.00000000
PULMEMBOLUS                    0.00000000
PVSAT                          0.00000000
SAO2                           0.00000000
SHUNT                          0.00000000
STROKEVOLUME                   0.00000000
TPR                            0.00000000
VENTALV                        0.00000000
VENTLUNG                       0.00000000
VENTMACH                       0.00000000
VENTTUBE                       0.00000000
======================================================================
Overall Average CPT KL = 0.00140517
======================================================================
ANAPHYLAXIS                    RMSE = 0.00000000
ARTCO2                         RMSE = 0.00000000
BP                             RMSE = 0.00000000
CATECHOL                       RMSE = 0.00000000
CO                             RMSE = 0.00000000
CVP                            RMSE = 0.04737557
DISCONNECT                     RMSE = 0.00000000
ERRCAUTER                      RMSE = 0.00000000
ERRLOWOUTPUT                   RMSE = 0.00000000
EXPCO2                         RMSE = 0.00000000
FIO2                           RMSE = 0.00000000
HISTORY                        RMSE = 0.00000000
HR                             RMSE = 0.00000000
HRBP                           RMSE = 0.00000000
HREKG                          RMSE = 0.00000000
HRSAT                          RMSE = 0.00000000
HYPOVOLEMIA                    RMSE = 0.00000000
INSUFFANESTH                   RMSE = 0.00000000
INTUBATION                     RMSE = 0.00000000
KINKEDTUBE                     RMSE = 0.00000000
LVEDVOLUME                     RMSE = 0.00000000
LVFAILURE                      RMSE = 0.00000000
MINVOL                         RMSE = 0.00000000
MINVOLSET                      RMSE = 0.00000000
PAP                            RMSE = 0.00000000
PCWP                           RMSE = 0.10677078
PRESS                          RMSE = 0.00000000
PULMEMBOLUS                    RMSE = 0.00000000
PVSAT                          RMSE = 0.00000000
SAO2                           RMSE = 0.00000000
SHUNT                          RMSE = 0.00000000
STROKEVOLUME                   RMSE = 0.00000000
TPR                            RMSE = 0.00000000
VENTALV                        RMSE = 0.00000000
VENTLUNG                       RMSE = 0.00000000
VENTMACH                       RMSE = 0.00000000
VENTTUBE                       RMSE = 0.00000000
======================================================================
Overall CPT RMSE = 0.01277881
======================================================================
ANAPHYLAXIS                    Hellinger = 0.00000000
ARTCO2                         Hellinger = 0.00000000
BP                             Hellinger = 0.00000000
CATECHOL                       Hellinger = 0.00000000
CO                             Hellinger = 0.00000000
CVP                            Hellinger = 0.03418787
DISCONNECT                     Hellinger = 0.00000000
ERRCAUTER                      Hellinger = 0.00000000
ERRLOWOUTPUT                   Hellinger = 0.00000000
EXPCO2                         Hellinger = 0.00000000
FIO2                           Hellinger = 0.00000000
HISTORY                        Hellinger = 0.00000000
HR                             Hellinger = 0.00000000
HRBP                           Hellinger = 0.00000000
HREKG                          Hellinger = 0.00000000
HRSAT                          Hellinger = 0.00000000
HYPOVOLEMIA                    Hellinger = 0.00000000
INSUFFANESTH                   Hellinger = 0.00000000
INTUBATION                     Hellinger = 0.00000000
KINKEDTUBE                     Hellinger = 0.00000000
LVEDVOLUME                     Hellinger = 0.00000000
LVFAILURE                      Hellinger = 0.00000000
MINVOL                         Hellinger = 0.00000000
MINVOLSET                      Hellinger = 0.00000000
PAP                            Hellinger = 0.00000000
PCWP                           Hellinger = 0.18262497
PRESS                          Hellinger = 0.00000000
PULMEMBOLUS                    Hellinger = 0.00000000
PVSAT                          Hellinger = 0.00000000
SAO2                           Hellinger = 0.00000000
SHUNT                          Hellinger = 0.00000000
STROKEVOLUME                   Hellinger = 0.00000000
TPR                            Hellinger = 0.00000000
VENTALV                        Hellinger = 0.00000000
VENTLUNG                       Hellinger = 0.00000000
VENTMACH                       Hellinger = 0.00000000
VENTTUBE                       Hellinger = 0.00000000
======================================================================
Overall Average Hellinger = 0.00267670
###------------------------------###

Restart 1 finished.
###------------------------------###

==============================
PIPELINE RESTART #2
==============================
Cleared: /home/shamim_ist/BN_Agent/workspace/alarm/bn_analysis.json
Cleared: /home/shamim_ist/BN_Agent/workspace/alarm/last_proposed_bn.jsonl
Cleared: /home/shamim_ist/BN_Agent/workspace/alarm/dangerous_cpt_report.json
Cleared: /home/shamim_ist/BN_Agent/workspace/alarm/failure_parameter_statistics.json

===================================================
Dataset: /home/shamim_ist/BN_Agent/datasets/alarm/combined_train_scenarios.csv
===================================================
Accuracy: 88.0 %
Total: 50
Successes: 44
Failures: 6
Flawed BN Accuracy: 88.00%
Initial Acceptance Threshold: 91.60%

Initial Generation Attempt 0

Additional Parent Nodes Required for CPT Activation (20)

Activation trace saved to /home/shamim_ist/BN_Agent/workspace/alarm/activation_trace.csv
Failure parameter statistics saved to '/home/shamim_ist/BN_Agent/workspace/alarm/failure_parameter_statistics.json'
Valid danger report received on attempt 1.

===================================================

Accuracy: 88.00%

Workflow analysis for BN #0 stored in /home/shamim_ist/BN_Agent/workspace/alarm/bn_analysis.json
Valid response received on attempt 1.
Selected baseline BN: 0

===================================================
Dataset: /home/shamim_ist/BN_Agent/datasets/alarm/combined_train_scenarios.csv
===================================================
Accuracy: 88.0 %
Total: 50
Successes: 44
Failures: 6

Candidate 1: Accuracy = 0.8800, Failures = 6, Successes = 44

===================================================
Dataset: /home/shamim_ist/BN_Agent/datasets/alarm/combined_train_scenarios.csv
===================================================
Accuracy: 88.0 %
Total: 50
Successes: 44
Failures: 6

Candidate 2: Accuracy = 0.8800, Failures = 6, Successes = 44

===================================================
Dataset: /home/shamim_ist/BN_Agent/datasets/alarm/combined_train_scenarios.csv
===================================================
Accuracy: 88.0 %
Total: 50
Successes: 44
Failures: 6

Candidate 3: Accuracy = 0.8800, Failures = 6, Successes = 44

========================================
BEST REFINEMENT CANDIDATE
========================================
Candidate 1
Accuracy: 0.8800
Failures: 6
Successes: 44

===================================================
Dataset: /home/shamim_ist/BN_Agent/datasets/alarm/combined_train_scenarios.csv
===================================================
Accuracy: 88.0 %
Total: 50
Successes: 44
Failures: 6
Accuracy = 88.00%

Initial Generation Attempt 1
Removed workflow analysis for BN #0 from /home/shamim_ist/BN_Agent/workspace/alarm/bn_analysis.json

Additional Parent Nodes Required for CPT Activation (20)

Activation trace saved to /home/shamim_ist/BN_Agent/workspace/alarm/activation_trace.csv
Failure parameter statistics saved to '/home/shamim_ist/BN_Agent/workspace/alarm/failure_parameter_statistics.json'
Valid danger report received on attempt 1.

===================================================

Accuracy: 88.00%

Workflow analysis for BN #0 stored in /home/shamim_ist/BN_Agent/workspace/alarm/bn_analysis.json
Valid response received on attempt 1.
Selected baseline BN: 0

===================================================
Dataset: /home/shamim_ist/BN_Agent/datasets/alarm/combined_train_scenarios.csv
===================================================
Accuracy: 100.0 %
Total: 50
Successes: 50
Failures: 0

No failures!

Candidate 1: Accuracy = 1.0000, Failures = 0, Successes = 50

===================================================
Dataset: /home/shamim_ist/BN_Agent/datasets/alarm/combined_train_scenarios.csv
===================================================
Accuracy: 88.0 %
Total: 50
Successes: 44
Failures: 6

Candidate 2: Accuracy = 0.8800, Failures = 6, Successes = 44

===================================================
Dataset: /home/shamim_ist/BN_Agent/datasets/alarm/combined_train_scenarios.csv
===================================================
Accuracy: 100.0 %
Total: 50
Successes: 50
Failures: 0

No failures!

Candidate 3: Accuracy = 1.0000, Failures = 0, Successes = 50

========================================
BEST REFINEMENT CANDIDATE
========================================
Candidate 1
Accuracy: 1.0000
Failures: 0
Successes: 50

===================================================
Dataset: /home/shamim_ist/BN_Agent/datasets/alarm/combined_train_scenarios.csv
===================================================
Accuracy: 100.0 %
Total: 50
Successes: 50
Failures: 0

No failures!
Accuracy = 100.00%
Initial BN accepted.
Accepted initial BN (100.00%).
Removed workflow analysis for BN #0 from /home/shamim_ist/BN_Agent/workspace/alarm/bn_analysis.json

Initial BN generated

===== ITERATION 2 =====

===================================================
Dataset: /home/shamim_ist/BN_Agent/datasets/alarm/combined_train_scenarios.csv
===================================================
Accuracy: 100.0 %
Total: 50
Successes: 50
Failures: 0

No failures!

Additional Parent Nodes Required for CPT Activation (20)

Activation trace saved to /home/shamim_ist/BN_Agent/workspace/alarm/activation_trace.csv
Failure parameter statistics saved to '/home/shamim_ist/BN_Agent/workspace/alarm/failure_parameter_statistics.json'
Valid danger report received on attempt 1.

===================================================

Accuracy: 100.00%

Workflow analysis for BN #1 stored in /home/shamim_ist/BN_Agent/workspace/alarm/bn_analysis.json
Valid response received on attempt 1.
Selected baseline BN: 1

===================================================
Dataset: /home/shamim_ist/BN_Agent/datasets/alarm/combined_train_scenarios.csv
===================================================
Accuracy: 100.0 %
Total: 50
Successes: 50
Failures: 0

No failures!

Candidate 1: Accuracy = 1.0000, Failures = 0, Successes = 50

===================================================
Dataset: /home/shamim_ist/BN_Agent/datasets/alarm/combined_train_scenarios.csv
===================================================
Accuracy: 100.0 %
Total: 50
Successes: 50
Failures: 0

No failures!

Candidate 2: Accuracy = 1.0000, Failures = 0, Successes = 50

===================================================
Dataset: /home/shamim_ist/BN_Agent/datasets/alarm/combined_train_scenarios.csv
===================================================
Accuracy: 100.0 %
Total: 50
Successes: 50
Failures: 0

No failures!

Candidate 3: Accuracy = 1.0000, Failures = 0, Successes = 50

========================================
BEST REFINEMENT CANDIDATE
========================================
Candidate 1
Accuracy: 1.0000
Failures: 0
Successes: 50

===================================================
Dataset: /home/shamim_ist/BN_Agent/datasets/alarm/combined_train_scenarios.csv
===================================================
Accuracy: 100.0 %
Total: 50
Successes: 50
Failures: 0

No failures!

Accuracy did not improve. Need improvement from 100.00% 
Removed 1 record(s) with bn_number=2
Valid response received on attempt 1.
Selected baseline BN: 1

===================================================
Dataset: /home/shamim_ist/BN_Agent/datasets/alarm/combined_train_scenarios.csv
===================================================
Accuracy: 100.0 %
Total: 50
Successes: 50
Failures: 0

No failures!

Candidate 1: Accuracy = 1.0000, Failures = 0, Successes = 50

===================================================
Dataset: /home/shamim_ist/BN_Agent/datasets/alarm/combined_train_scenarios.csv
===================================================
Accuracy: 100.0 %
Total: 50
Successes: 50
Failures: 0

No failures!

Candidate 2: Accuracy = 1.0000, Failures = 0, Successes = 50

===================================================
Dataset: /home/shamim_ist/BN_Agent/datasets/alarm/combined_train_scenarios.csv
===================================================
Accuracy: 100.0 %
Total: 50
Successes: 50
Failures: 0

No failures!

Candidate 3: Accuracy = 1.0000, Failures = 0, Successes = 50

========================================
BEST REFINEMENT CANDIDATE
========================================
Candidate 1
Accuracy: 1.0000
Failures: 0
Successes: 50

===================================================
Dataset: /home/shamim_ist/BN_Agent/datasets/alarm/combined_train_scenarios.csv
===================================================
Accuracy: 100.0 %
Total: 50
Successes: 50
Failures: 0

No failures!
Removed 1 record(s) with bn_number=2
Valid response received on attempt 1.
Selected baseline BN: 1

===================================================
Dataset: /home/shamim_ist/BN_Agent/datasets/alarm/combined_train_scenarios.csv
===================================================
Accuracy: 100.0 %
Total: 50
Successes: 50
Failures: 0

No failures!

Candidate 1: Accuracy = 1.0000, Failures = 0, Successes = 50

===================================================
Dataset: /home/shamim_ist/BN_Agent/datasets/alarm/combined_train_scenarios.csv
===================================================
Accuracy: 100.0 %
Total: 50
Successes: 50
Failures: 0

No failures!

Candidate 2: Accuracy = 1.0000, Failures = 0, Successes = 50

===================================================
Dataset: /home/shamim_ist/BN_Agent/datasets/alarm/combined_train_scenarios.csv
===================================================
Accuracy: 100.0 %
Total: 50
Successes: 50
Failures: 0

No failures!

Candidate 3: Accuracy = 1.0000, Failures = 0, Successes = 50

========================================
BEST REFINEMENT CANDIDATE
========================================
Candidate 1
Accuracy: 1.0000
Failures: 0
Successes: 50

===================================================
Dataset: /home/shamim_ist/BN_Agent/datasets/alarm/combined_train_scenarios.csv
===================================================
Accuracy: 100.0 %
Total: 50
Successes: 50
Failures: 0

No failures!
Removed 1 record(s) with bn_number=2
Valid response received on attempt 1.
Selected baseline BN: 1

===================================================
Dataset: /home/shamim_ist/BN_Agent/datasets/alarm/combined_train_scenarios.csv
===================================================
Accuracy: 100.0 %
Total: 50
Successes: 50
Failures: 0

No failures!

Candidate 1: Accuracy = 1.0000, Failures = 0, Successes = 50

===================================================
Dataset: /home/shamim_ist/BN_Agent/datasets/alarm/combined_train_scenarios.csv
===================================================
Accuracy: 100.0 %
Total: 50
Successes: 50
Failures: 0

No failures!

Candidate 2: Accuracy = 1.0000, Failures = 0, Successes = 50

===================================================
Dataset: /home/shamim_ist/BN_Agent/datasets/alarm/combined_train_scenarios.csv
===================================================
Accuracy: 100.0 %
Total: 50
Successes: 50
Failures: 0

No failures!

Candidate 3: Accuracy = 1.0000, Failures = 0, Successes = 50

========================================
BEST REFINEMENT CANDIDATE
========================================
Candidate 1
Accuracy: 1.0000
Failures: 0
Successes: 50

===================================================
Dataset: /home/shamim_ist/BN_Agent/datasets/alarm/combined_train_scenarios.csv
===================================================
Accuracy: 100.0 %
Total: 50
Successes: 50
Failures: 0

No failures!

No improvement after 3 retries. Selecting best retry candidate (accuracy=100.00%).
Removed 1 record(s) with bn_number=2
Continuing with retry candidate (accuracy=100.00%).

===== ITERATION 3 =====

===================================================
Dataset: /home/shamim_ist/BN_Agent/datasets/alarm/combined_train_scenarios.csv
===================================================
Accuracy: 100.0 %
Total: 50
Successes: 50
Failures: 0

No failures!

Additional Parent Nodes Required for CPT Activation (20)

Activation trace saved to /home/shamim_ist/BN_Agent/workspace/alarm/activation_trace.csv
Failure parameter statistics saved to '/home/shamim_ist/BN_Agent/workspace/alarm/failure_parameter_statistics.json'
Valid danger report received on attempt 1.

===================================================

Accuracy: 100.00%

Workflow analysis for BN #2 stored in /home/shamim_ist/BN_Agent/workspace/alarm/bn_analysis.json
Valid response received on attempt 1.
Selected baseline BN: 1

===================================================
Dataset: /home/shamim_ist/BN_Agent/datasets/alarm/combined_train_scenarios.csv
===================================================
Accuracy: 100.0 %
Total: 50
Successes: 50
Failures: 0

No failures!

Candidate 1: Accuracy = 1.0000, Failures = 0, Successes = 50

===================================================
Dataset: /home/shamim_ist/BN_Agent/datasets/alarm/combined_train_scenarios.csv
===================================================
Accuracy: 100.0 %
Total: 50
Successes: 50
Failures: 0

No failures!

Candidate 2: Accuracy = 1.0000, Failures = 0, Successes = 50

===================================================
Dataset: /home/shamim_ist/BN_Agent/datasets/alarm/combined_train_scenarios.csv
===================================================
Accuracy: 100.0 %
Total: 50
Successes: 50
Failures: 0

No failures!

Candidate 3: Accuracy = 1.0000, Failures = 0, Successes = 50

========================================
BEST REFINEMENT CANDIDATE
========================================
Candidate 1
Accuracy: 1.0000
Failures: 0
Successes: 50

===================================================
Dataset: /home/shamim_ist/BN_Agent/datasets/alarm/combined_train_scenarios.csv
===================================================
Accuracy: 100.0 %
Total: 50
Successes: 50
Failures: 0

No failures!

Accuracy did not improve. Need improvement from 100.00% 
Removed 1 record(s) with bn_number=3
Valid response received on attempt 1.
Selected baseline BN: 1

===================================================
Dataset: /home/shamim_ist/BN_Agent/datasets/alarm/combined_train_scenarios.csv
===================================================
Accuracy: 100.0 %
Total: 50
Successes: 50
Failures: 0

No failures!

Candidate 1: Accuracy = 1.0000, Failures = 0, Successes = 50

===================================================
Dataset: /home/shamim_ist/BN_Agent/datasets/alarm/combined_train_scenarios.csv
===================================================
Accuracy: 100.0 %
Total: 50
Successes: 50
Failures: 0

No failures!

Candidate 2: Accuracy = 1.0000, Failures = 0, Successes = 50

===================================================
Dataset: /home/shamim_ist/BN_Agent/datasets/alarm/combined_train_scenarios.csv
===================================================
Accuracy: 100.0 %
Total: 50
Successes: 50
Failures: 0

No failures!

Candidate 3: Accuracy = 1.0000, Failures = 0, Successes = 50

========================================
BEST REFINEMENT CANDIDATE
========================================
Candidate 1
Accuracy: 1.0000
Failures: 0
Successes: 50

===================================================
Dataset: /home/shamim_ist/BN_Agent/datasets/alarm/combined_train_scenarios.csv
===================================================
Accuracy: 100.0 %
Total: 50
Successes: 50
Failures: 0

No failures!
Removed 1 record(s) with bn_number=3
Valid response received on attempt 1.
Selected baseline BN: 1

===================================================
Dataset: /home/shamim_ist/BN_Agent/datasets/alarm/combined_train_scenarios.csv
===================================================
Accuracy: 100.0 %
Total: 50
Successes: 50
Failures: 0

No failures!

Candidate 1: Accuracy = 1.0000, Failures = 0, Successes = 50

===================================================
Dataset: /home/shamim_ist/BN_Agent/datasets/alarm/combined_train_scenarios.csv
===================================================
Accuracy: 100.0 %
Total: 50
Successes: 50
Failures: 0

No failures!

Candidate 2: Accuracy = 1.0000, Failures = 0, Successes = 50

===================================================
Dataset: /home/shamim_ist/BN_Agent/datasets/alarm/combined_train_scenarios.csv
===================================================
Accuracy: 100.0 %
Total: 50
Successes: 50
Failures: 0

No failures!

Candidate 3: Accuracy = 1.0000, Failures = 0, Successes = 50

========================================
BEST REFINEMENT CANDIDATE
========================================
Candidate 1
Accuracy: 1.0000
Failures: 0
Successes: 50

===================================================
Dataset: /home/shamim_ist/BN_Agent/datasets/alarm/combined_train_scenarios.csv
===================================================
Accuracy: 100.0 %
Total: 50
Successes: 50
Failures: 0

No failures!
Removed 1 record(s) with bn_number=3
Valid response received on attempt 1.
Selected baseline BN: 1

===================================================
Dataset: /home/shamim_ist/BN_Agent/datasets/alarm/combined_train_scenarios.csv
===================================================
Accuracy: 100.0 %
Total: 50
Successes: 50
Failures: 0

No failures!

Candidate 1: Accuracy = 1.0000, Failures = 0, Successes = 50

===================================================
Dataset: /home/shamim_ist/BN_Agent/datasets/alarm/combined_train_scenarios.csv
===================================================
Accuracy: 100.0 %
Total: 50
Successes: 50
Failures: 0

No failures!

Candidate 2: Accuracy = 1.0000, Failures = 0, Successes = 50

===================================================
Dataset: /home/shamim_ist/BN_Agent/datasets/alarm/combined_train_scenarios.csv
===================================================
Accuracy: 100.0 %
Total: 50
Successes: 50
Failures: 0

No failures!

Candidate 3: Accuracy = 1.0000, Failures = 0, Successes = 50

========================================
BEST REFINEMENT CANDIDATE
========================================
Candidate 1
Accuracy: 1.0000
Failures: 0
Successes: 50

===================================================
Dataset: /home/shamim_ist/BN_Agent/datasets/alarm/combined_train_scenarios.csv
===================================================
Accuracy: 100.0 %
Total: 50
Successes: 50
Failures: 0

No failures!

No improvement after 3 retries. Selecting best retry candidate (accuracy=100.00%).
Removed 1 record(s) with bn_number=3
Continuing with retry candidate (accuracy=100.00%).

===== ITERATION 4 =====

===================================================
Dataset: /home/shamim_ist/BN_Agent/datasets/alarm/combined_train_scenarios.csv
===================================================
Accuracy: 100.0 %
Total: 50
Successes: 50
Failures: 0

No failures!

Additional Parent Nodes Required for CPT Activation (20)

Activation trace saved to /home/shamim_ist/BN_Agent/workspace/alarm/activation_trace.csv
Failure parameter statistics saved to '/home/shamim_ist/BN_Agent/workspace/alarm/failure_parameter_statistics.json'
Valid danger report received on attempt 1.

===================================================

Accuracy: 100.00%

Workflow analysis for BN #3 stored in /home/shamim_ist/BN_Agent/workspace/alarm/bn_analysis.json
Valid response received on attempt 1.
Selected baseline BN: 1

===================================================
Dataset: /home/shamim_ist/BN_Agent/datasets/alarm/combined_train_scenarios.csv
===================================================
Accuracy: 100.0 %
Total: 50
Successes: 50
Failures: 0

No failures!

Candidate 1: Accuracy = 1.0000, Failures = 0, Successes = 50

===================================================
Dataset: /home/shamim_ist/BN_Agent/datasets/alarm/combined_train_scenarios.csv
===================================================
Accuracy: 100.0 %
Total: 50
Successes: 50
Failures: 0

No failures!

Candidate 2: Accuracy = 1.0000, Failures = 0, Successes = 50

===================================================
Dataset: /home/shamim_ist/BN_Agent/datasets/alarm/combined_train_scenarios.csv
===================================================
Accuracy: 100.0 %
Total: 50
Successes: 50
Failures: 0

No failures!

Candidate 3: Accuracy = 1.0000, Failures = 0, Successes = 50

========================================
BEST REFINEMENT CANDIDATE
========================================
Candidate 1
Accuracy: 1.0000
Failures: 0
Successes: 50

===================================================
Dataset: /home/shamim_ist/BN_Agent/datasets/alarm/combined_train_scenarios.csv
===================================================
Accuracy: 100.0 %
Total: 50
Successes: 50
Failures: 0

No failures!

Accuracy did not improve. Need improvement from 100.00% 
Removed 1 record(s) with bn_number=4
Valid response received on attempt 1.
Selected baseline BN: 1

===================================================
Dataset: /home/shamim_ist/BN_Agent/datasets/alarm/combined_train_scenarios.csv
===================================================
Accuracy: 100.0 %
Total: 50
Successes: 50
Failures: 0

No failures!

Candidate 1: Accuracy = 1.0000, Failures = 0, Successes = 50

===================================================
Dataset: /home/shamim_ist/BN_Agent/datasets/alarm/combined_train_scenarios.csv
===================================================
Accuracy: 100.0 %
Total: 50
Successes: 50
Failures: 0

No failures!

Candidate 2: Accuracy = 1.0000, Failures = 0, Successes = 50

===================================================
Dataset: /home/shamim_ist/BN_Agent/datasets/alarm/combined_train_scenarios.csv
===================================================
Accuracy: 100.0 %
Total: 50
Successes: 50
Failures: 0

No failures!

Candidate 3: Accuracy = 1.0000, Failures = 0, Successes = 50

========================================
BEST REFINEMENT CANDIDATE
========================================
Candidate 1
Accuracy: 1.0000
Failures: 0
Successes: 50

===================================================
Dataset: /home/shamim_ist/BN_Agent/datasets/alarm/combined_train_scenarios.csv
===================================================
Accuracy: 100.0 %
Total: 50
Successes: 50
Failures: 0

No failures!
Removed 1 record(s) with bn_number=4
Valid response received on attempt 1.
Selected baseline BN: 1

===================================================
Dataset: /home/shamim_ist/BN_Agent/datasets/alarm/combined_train_scenarios.csv
===================================================
Accuracy: 100.0 %
Total: 50
Successes: 50
Failures: 0

No failures!

Candidate 1: Accuracy = 1.0000, Failures = 0, Successes = 50

===================================================
Dataset: /home/shamim_ist/BN_Agent/datasets/alarm/combined_train_scenarios.csv
===================================================
Accuracy: 100.0 %
Total: 50
Successes: 50
Failures: 0

No failures!

Candidate 2: Accuracy = 1.0000, Failures = 0, Successes = 50

===================================================
Dataset: /home/shamim_ist/BN_Agent/datasets/alarm/combined_train_scenarios.csv
===================================================
Accuracy: 100.0 %
Total: 50
Successes: 50
Failures: 0

No failures!

Candidate 3: Accuracy = 1.0000, Failures = 0, Successes = 50

========================================
BEST REFINEMENT CANDIDATE
========================================
Candidate 1
Accuracy: 1.0000
Failures: 0
Successes: 50

===================================================
Dataset: /home/shamim_ist/BN_Agent/datasets/alarm/combined_train_scenarios.csv
===================================================
Accuracy: 100.0 %
Total: 50
Successes: 50
Failures: 0

No failures!
Removed 1 record(s) with bn_number=4
Valid response received on attempt 1.
Selected baseline BN: 1

===================================================
Dataset: /home/shamim_ist/BN_Agent/datasets/alarm/combined_train_scenarios.csv
===================================================
Accuracy: 100.0 %
Total: 50
Successes: 50
Failures: 0

No failures!

Candidate 1: Accuracy = 1.0000, Failures = 0, Successes = 50

===================================================
Dataset: /home/shamim_ist/BN_Agent/datasets/alarm/combined_train_scenarios.csv
===================================================
Accuracy: 100.0 %
Total: 50
Successes: 50
Failures: 0

No failures!

Candidate 2: Accuracy = 1.0000, Failures = 0, Successes = 50

===================================================
Dataset: /home/shamim_ist/BN_Agent/datasets/alarm/combined_train_scenarios.csv
===================================================
Accuracy: 100.0 %
Total: 50
Successes: 50
Failures: 0

No failures!

Candidate 3: Accuracy = 1.0000, Failures = 0, Successes = 50

========================================
BEST REFINEMENT CANDIDATE
========================================
Candidate 1
Accuracy: 1.0000
Failures: 0
Successes: 50

===================================================
Dataset: /home/shamim_ist/BN_Agent/datasets/alarm/combined_train_scenarios.csv
===================================================
Accuracy: 100.0 %
Total: 50
Successes: 50
Failures: 0

No failures!

No improvement after 3 retries. Selecting best retry candidate (accuracy=100.00%).
Removed 1 record(s) with bn_number=4
Continuing with retry candidate (accuracy=100.00%).

===================================================
Dataset: /home/shamim_ist/BN_Agent/datasets/alarm/combined_train_scenarios.csv
===================================================
Accuracy: 88.0 %
Total: 50
Successes: 44
Failures: 6

===================================================
Dataset: /home/shamim_ist/BN_Agent/datasets/alarm/combined_train_scenarios.csv
===================================================
Accuracy: 100.0 %
Total: 50
Successes: 50
Failures: 0

No failures!

===================================================
Dataset: /home/shamim_ist/BN_Agent/datasets/alarm/combined_train_scenarios.csv
===================================================
Accuracy: 100.0 %
Total: 50
Successes: 50
Failures: 0

No failures!

===================================================
Dataset: /home/shamim_ist/BN_Agent/datasets/alarm/combined_train_scenarios.csv
===================================================
Accuracy: 100.0 %
Total: 50
Successes: 50
Failures: 0

No failures!

===================================================
Dataset: /home/shamim_ist/BN_Agent/datasets/alarm/combined_train_scenarios.csv
===================================================
Accuracy: 100.0 %
Total: 50
Successes: 50
Failures: 0

No failures!


Best BN Number: 4
Best BN Accuracy: 1.0
Saved CPT identity comparison to /home/shamim_ist/BN_Agent/workspace/alarm/cpt_comparison_analysis.json
BN number: 4
Agent change verdict: very_good
Expected changed CPTs: ['PCWP']
Actual changed CPTs: ['CVP', 'PCWP']
Unexpected changed CPTs: ['CVP']
{'bn_number': 4, 'non_identical_cpt_count': 2, 'non_identical_cpts': ['CVP', 'PCWP'], 'missing_in_proposed': [], 'agent_change_report': {'verdict': 'very_good', 'total_cpts': 37, 'expected_changed_count': 1, 'expected_changed_cpts': ['PCWP'], 'actual_changed_count': 2, 'actual_changed_cpts': ['CVP', 'PCWP'], 'matched_expected_count': 1, 'matched_expected_cpts': ['PCWP'], 'missed_expected_count': 0, 'missed_expected_cpts': [], 'unexpected_changed_count': 1, 'unexpected_changed_cpts': ['CVP'], 'unflawed_cpt_count': 36, 'untouched_unflawed_count': 35, 'untouched_unflawed_cpts': ['ANAPHYLAXIS', 'ARTCO2', 'BP', 'CATECHOL', 'CO', 'DISCONNECT', 'ERRCAUTER', 'ERRLOWOUTPUT', 'EXPCO2', 'FIO2', 'HISTORY', 'HR', 'HRBP', 'HREKG', 'HRSAT', 'HYPOVOLEMIA', 'INSUFFANESTH', 'INTUBATION', 'KINKEDTUBE', 'LVEDVOLUME', 'LVFAILURE', 'MINVOL', 'MINVOLSET', 'PAP', 'PRESS', 'PULMEMBOLUS', 'PVSAT', 'SAO2', 'SHUNT', 'STROKEVOLUME', 'TPR', 'VENTALV', 'VENTLUNG', 'VENTMACH', 'VENTTUBE'], 'expected_change_recall': 1.0, 'unexpected_change_rate': 0.0278, 'unflawed_preservation_rate': 0.9722}}
======================================================================
ANAPHYLAXIS                    0.00000000
ARTCO2                         0.00000000
BP                             0.00000000
CATECHOL                       0.00000000
CO                             0.00000000
CVP                            0.00773538
DISCONNECT                     0.00000000
ERRCAUTER                      0.00000000
ERRLOWOUTPUT                   0.00000000
EXPCO2                         0.00000000
FIO2                           0.00000000
HISTORY                        0.00000000
HR                             0.00000000
HRBP                           0.00000000
HREKG                          0.00000000
HRSAT                          0.00000000
HYPOVOLEMIA                    0.00000000
INSUFFANESTH                   0.00000000
INTUBATION                     0.00000000
KINKEDTUBE                     0.00000000
LVEDVOLUME                     0.00000000
LVFAILURE                      0.00000000
MINVOL                         0.00000000
MINVOLSET                      0.00000000
PAP                            0.00000000
PCWP                           0.10358026
PRESS                          0.00000000
PULMEMBOLUS                    0.00000000
PVSAT                          0.00000000
SAO2                           0.00000000
SHUNT                          0.00000000
STROKEVOLUME                   0.00000000
TPR                            0.00000000
VENTALV                        0.00000000
VENTLUNG                       0.00000000
VENTMACH                       0.00000000
VENTTUBE                       0.00000000
======================================================================
Overall Average CPT KL = 0.00137427
======================================================================
ANAPHYLAXIS                    RMSE = 0.00000000
ARTCO2                         RMSE = 0.00000000
BP                             RMSE = 0.00000000
CATECHOL                       RMSE = 0.00000000
CO                             RMSE = 0.00000000
CVP                            RMSE = 0.02748737
DISCONNECT                     RMSE = 0.00000000
ERRCAUTER                      RMSE = 0.00000000
ERRLOWOUTPUT                   RMSE = 0.00000000
EXPCO2                         RMSE = 0.00000000
FIO2                           RMSE = 0.00000000
HISTORY                        RMSE = 0.00000000
HR                             RMSE = 0.00000000
HRBP                           RMSE = 0.00000000
HREKG                          RMSE = 0.00000000
HRSAT                          RMSE = 0.00000000
HYPOVOLEMIA                    RMSE = 0.00000000
INSUFFANESTH                   RMSE = 0.00000000
INTUBATION                     RMSE = 0.00000000
KINKEDTUBE                     RMSE = 0.00000000
LVEDVOLUME                     RMSE = 0.00000000
LVFAILURE                      RMSE = 0.00000000
MINVOL                         RMSE = 0.00000000
MINVOLSET                      RMSE = 0.00000000
PAP                            RMSE = 0.00000000
PCWP                           RMSE = 0.10677078
PRESS                          RMSE = 0.00000000
PULMEMBOLUS                    RMSE = 0.00000000
PVSAT                          RMSE = 0.00000000
SAO2                           RMSE = 0.00000000
SHUNT                          RMSE = 0.00000000
STROKEVOLUME                   RMSE = 0.00000000
TPR                            RMSE = 0.00000000
VENTALV                        RMSE = 0.00000000
VENTLUNG                       RMSE = 0.00000000
VENTMACH                       RMSE = 0.00000000
VENTTUBE                       RMSE = 0.00000000
======================================================================
Overall CPT RMSE = 0.01206146
======================================================================
ANAPHYLAXIS                    Hellinger = 0.00000000
ARTCO2                         Hellinger = 0.00000000
BP                             Hellinger = 0.00000000
CATECHOL                       Hellinger = 0.00000000
CO                             Hellinger = 0.00000000
CVP                            Hellinger = 0.03723973
DISCONNECT                     Hellinger = 0.00000000
ERRCAUTER                      Hellinger = 0.00000000
ERRLOWOUTPUT                   Hellinger = 0.00000000
EXPCO2                         Hellinger = 0.00000000
FIO2                           Hellinger = 0.00000000
HISTORY                        Hellinger = 0.00000000
HR                             Hellinger = 0.00000000
HRBP                           Hellinger = 0.00000000
HREKG                          Hellinger = 0.00000000
HRSAT                          Hellinger = 0.00000000
HYPOVOLEMIA                    Hellinger = 0.00000000
INSUFFANESTH                   Hellinger = 0.00000000
INTUBATION                     Hellinger = 0.00000000
KINKEDTUBE                     Hellinger = 0.00000000
LVEDVOLUME                     Hellinger = 0.00000000
LVFAILURE                      Hellinger = 0.00000000
MINVOL                         Hellinger = 0.00000000
MINVOLSET                      Hellinger = 0.00000000
PAP                            Hellinger = 0.00000000
PCWP                           Hellinger = 0.18262497
PRESS                          Hellinger = 0.00000000
PULMEMBOLUS                    Hellinger = 0.00000000
PVSAT                          Hellinger = 0.00000000
SAO2                           Hellinger = 0.00000000
SHUNT                          Hellinger = 0.00000000
STROKEVOLUME                   Hellinger = 0.00000000
TPR                            Hellinger = 0.00000000
VENTALV                        Hellinger = 0.00000000
VENTLUNG                       Hellinger = 0.00000000
VENTMACH                       Hellinger = 0.00000000
VENTTUBE                       Hellinger = 0.00000000
======================================================================
Overall Average Hellinger = 0.00271438
###------------------------------###

Restart 2 finished.
###------------------------------###
Restart: 0
BN keys: dict_keys(['edges', 'nodes'])
Evaluating restart 0

===================================================
Dataset: /home/shamim_ist/BN_Agent/datasets/alarm/combined_test_scenarios.csv
===================================================
Accuracy: 61.54 %
Total: 13
Successes: 8
Failures: 5
Restart: 1
BN keys: dict_keys(['edges', 'nodes'])
Evaluating restart 1

===================================================
Dataset: /home/shamim_ist/BN_Agent/datasets/alarm/combined_test_scenarios.csv
===================================================
Accuracy: 61.54 %
Total: 13
Successes: 8
Failures: 5
Restart: 2
BN keys: dict_keys(['edges', 'nodes'])
Evaluating restart 2

===================================================
Dataset: /home/shamim_ist/BN_Agent/datasets/alarm/combined_test_scenarios.csv
===================================================
Accuracy: 100.0 %
Total: 13
Successes: 13
Failures: 0

No failures!

===================================
BEST RESTART
===================================
Restart: 2
Accuracy: 1.0
Failures: 0
Saved CPT identity comparison to /home/shamim_ist/BN_Agent/workspace/alarm/cpt_comparison_analysis.json
BN number: None
Agent change verdict: very_good
Expected changed CPTs: ['PCWP']
Actual changed CPTs: ['CVP', 'PCWP']
Unexpected changed CPTs: ['CVP']
{'bn_number': None, 'non_identical_cpt_count': 2, 'non_identical_cpts': ['CVP', 'PCWP'], 'missing_in_proposed': [], 'agent_change_report': {'verdict': 'very_good', 'total_cpts': 37, 'expected_changed_count': 1, 'expected_changed_cpts': ['PCWP'], 'actual_changed_count': 2, 'actual_changed_cpts': ['CVP', 'PCWP'], 'matched_expected_count': 1, 'matched_expected_cpts': ['PCWP'], 'missed_expected_count': 0, 'missed_expected_cpts': [], 'unexpected_changed_count': 1, 'unexpected_changed_cpts': ['CVP'], 'unflawed_cpt_count': 36, 'untouched_unflawed_count': 35, 'untouched_unflawed_cpts': ['ANAPHYLAXIS', 'ARTCO2', 'BP', 'CATECHOL', 'CO', 'DISCONNECT', 'ERRCAUTER', 'ERRLOWOUTPUT', 'EXPCO2', 'FIO2', 'HISTORY', 'HR', 'HRBP', 'HREKG', 'HRSAT', 'HYPOVOLEMIA', 'INSUFFANESTH', 'INTUBATION', 'KINKEDTUBE', 'LVEDVOLUME', 'LVFAILURE', 'MINVOL', 'MINVOLSET', 'PAP', 'PRESS', 'PULMEMBOLUS', 'PVSAT', 'SAO2', 'SHUNT', 'STROKEVOLUME', 'TPR', 'VENTALV', 'VENTLUNG', 'VENTMACH', 'VENTTUBE'], 'expected_change_recall': 1.0, 'unexpected_change_rate': 0.0278, 'unflawed_preservation_rate': 0.9722}}
======================================================================
ANAPHYLAXIS                    0.00000000
ARTCO2                         0.00000000
BP                             0.00000000
CATECHOL                       0.00000000
CO                             0.00000000
CVP                            0.00773538
DISCONNECT                     0.00000000
ERRCAUTER                      0.00000000
ERRLOWOUTPUT                   0.00000000
EXPCO2                         0.00000000
FIO2                           0.00000000
HISTORY                        0.00000000
HR                             0.00000000
HRBP                           0.00000000
HREKG                          0.00000000
HRSAT                          0.00000000
HYPOVOLEMIA                    0.00000000
INSUFFANESTH                   0.00000000
INTUBATION                     0.00000000
KINKEDTUBE                     0.00000000
LVEDVOLUME                     0.00000000
LVFAILURE                      0.00000000
MINVOL                         0.00000000
MINVOLSET                      0.00000000
PAP                            0.00000000
PCWP                           0.10358026
PRESS                          0.00000000
PULMEMBOLUS                    0.00000000
PVSAT                          0.00000000
SAO2                           0.00000000
SHUNT                          0.00000000
STROKEVOLUME                   0.00000000
TPR                            0.00000000
VENTALV                        0.00000000
VENTLUNG                       0.00000000
VENTMACH                       0.00000000
VENTTUBE                       0.00000000
======================================================================
Overall Average CPT KL = 0.00137427
======================================================================
ANAPHYLAXIS                    RMSE = 0.00000000
ARTCO2                         RMSE = 0.00000000
BP                             RMSE = 0.00000000
CATECHOL                       RMSE = 0.00000000
CO                             RMSE = 0.00000000
CVP                            RMSE = 0.02748737
DISCONNECT                     RMSE = 0.00000000
ERRCAUTER                      RMSE = 0.00000000
ERRLOWOUTPUT                   RMSE = 0.00000000
EXPCO2                         RMSE = 0.00000000
FIO2                           RMSE = 0.00000000
HISTORY                        RMSE = 0.00000000
HR                             RMSE = 0.00000000
HRBP                           RMSE = 0.00000000
HREKG                          RMSE = 0.00000000
HRSAT                          RMSE = 0.00000000
HYPOVOLEMIA                    RMSE = 0.00000000
INSUFFANESTH                   RMSE = 0.00000000
INTUBATION                     RMSE = 0.00000000
KINKEDTUBE                     RMSE = 0.00000000
LVEDVOLUME                     RMSE = 0.00000000
LVFAILURE                      RMSE = 0.00000000
MINVOL                         RMSE = 0.00000000
MINVOLSET                      RMSE = 0.00000000
PAP                            RMSE = 0.00000000
PCWP                           RMSE = 0.10677078
PRESS                          RMSE = 0.00000000
PULMEMBOLUS                    RMSE = 0.00000000
PVSAT                          RMSE = 0.00000000
SAO2                           RMSE = 0.00000000
SHUNT                          RMSE = 0.00000000
STROKEVOLUME                   RMSE = 0.00000000
TPR                            RMSE = 0.00000000
VENTALV                        RMSE = 0.00000000
VENTLUNG                       RMSE = 0.00000000
VENTMACH                       RMSE = 0.00000000
VENTTUBE                       RMSE = 0.00000000
======================================================================
Overall CPT RMSE = 0.01206146
======================================================================
ANAPHYLAXIS                    Hellinger = 0.00000000
ARTCO2                         Hellinger = 0.00000000
BP                             Hellinger = 0.00000000
CATECHOL                       Hellinger = 0.00000000
CO                             Hellinger = 0.00000000
CVP                            Hellinger = 0.03723973
DISCONNECT                     Hellinger = 0.00000000
ERRCAUTER                      Hellinger = 0.00000000
ERRLOWOUTPUT                   Hellinger = 0.00000000
EXPCO2                         Hellinger = 0.00000000
FIO2                           Hellinger = 0.00000000
HISTORY                        Hellinger = 0.00000000
HR                             Hellinger = 0.00000000
HRBP                           Hellinger = 0.00000000
HREKG                          Hellinger = 0.00000000
HRSAT                          Hellinger = 0.00000000
HYPOVOLEMIA                    Hellinger = 0.00000000
INSUFFANESTH                   Hellinger = 0.00000000
INTUBATION                     Hellinger = 0.00000000
KINKEDTUBE                     Hellinger = 0.00000000
LVEDVOLUME                     Hellinger = 0.00000000
LVFAILURE                      Hellinger = 0.00000000
MINVOL                         Hellinger = 0.00000000
MINVOLSET                      Hellinger = 0.00000000
PAP                            Hellinger = 0.00000000
PCWP                           Hellinger = 0.18262497
PRESS                          Hellinger = 0.00000000
PULMEMBOLUS                    Hellinger = 0.00000000
PVSAT                          Hellinger = 0.00000000
SAO2                           Hellinger = 0.00000000
SHUNT                          Hellinger = 0.00000000
STROKEVOLUME                   Hellinger = 0.00000000
TPR                            Hellinger = 0.00000000
VENTALV                        Hellinger = 0.00000000
VENTLUNG                       Hellinger = 0.00000000
VENTMACH                       Hellinger = 0.00000000
VENTTUBE                       Hellinger = 0.00000000
======================================================================
Overall Average Hellinger = 0.00271438
###------------------------------###

Pipeline finished.
###------------------------------###
