AgentBN subset 1: 330 scenarios
Cleared: /home/shamim_ist/AgentBN/workspace/alarm/bn_analysis.json
Cleared: /home/shamim_ist/AgentBN/workspace/alarm/last_proposed_bn.jsonl
Cleared: /home/shamim_ist/AgentBN/workspace/alarm/path_diagnostic_report.json
Cleared: /home/shamim_ist/AgentBN/workspace/alarm/cpt_localization_report.json
Cleared: /home/shamim_ist/AgentBN/workspace/alarm/refinement_recommendation.json
Cleared: /home/shamim_ist/AgentBN/workspace/alarm/failure_parameter_statistics.json
Cleared: /home/shamim_ist/AgentBN/workspace/alarm/restart_final_bns.jsonl
Cleared: /home/shamim_ist/AgentBN/workspace/alarm/restart_bn_analysis.jsonl

==============================
PIPELINE RESTART #0
==============================
Cleared: /home/shamim_ist/AgentBN/workspace/alarm/bn_analysis.json
Cleared: /home/shamim_ist/AgentBN/workspace/alarm/last_proposed_bn.jsonl
Cleared: /home/shamim_ist/AgentBN/workspace/alarm/path_diagnostic_report.json
Cleared: /home/shamim_ist/AgentBN/workspace/alarm/cpt_localization_report.json
Cleared: /home/shamim_ist/AgentBN/workspace/alarm/refinement_recommendation.json
Cleared: /home/shamim_ist/AgentBN/workspace/alarm/failure_parameter_statistics.json

===================================================
Dataset: agentbn_train_subset_1.csv
===================================================
Accuracy: 76.06 %
Total: 330
Successes: 251
Failures: 79
Flawed BN Accuracy: 76.06%
Initial Acceptance Threshold: 83.24%

Initial Generation Attempt 0

Activation trace saved to /home/shamim_ist/AgentBN/workspace/alarm/activation_trace.csv
Failure parameter statistics saved to '/home/shamim_ist/AgentBN/workspace/alarm/failure_parameter_statistics.json'
Valid response received on attempt 1.
Valid response received on attempt 1.
Valid response received on attempt 1.

===================================================

Accuracy: 76.06%

Workflow analysis for BN #0 stored in /home/shamim_ist/AgentBN/workspace/alarm/bn_analysis.json
Valid response received on attempt 1.
Selected baseline BN: 0

===================================================
Dataset: agentbn_train_subset_1.csv
===================================================
Accuracy: 79.39 %
Total: 330
Successes: 262
Failures: 68

Candidate 1: Accuracy = 0.7939, Failures = 68, Successes = 262
Patch:
[
  {
    "name": "STROKEVOLUME",
    "cpt": {
      "parent_state_order": {
        "HYPOVOLEMIA": [
          "Hypovolemia",
          "No_Hypovolemia"
        ],
        "LVFAILURE": [
          "TRUE",
          "FALSE"
        ]
      },
      "values": [
        [
          0.98,
          0.7,
          0.95,
          0.05
        ],
        [
          0.01,
          0.29,
          0.04,
          0.9
        ],
        [
          0.01,
          0.01,
          0.01,
          0.05
        ]
      ]
    }
  }
]

===================================================
Dataset: agentbn_train_subset_1.csv
===================================================
Accuracy: 78.79 %
Total: 330
Successes: 260
Failures: 70

Candidate 2: Accuracy = 0.7879, Failures = 70, Successes = 260
Patch:
[
  {
    "name": "STROKEVOLUME",
    "cpt": {
      "parent_state_order": {
        "HYPOVOLEMIA": [
          "Hypovolemia",
          "No_Hypovolemia"
        ],
        "LVFAILURE": [
          "TRUE",
          "FALSE"
        ]
      },
      "values": [
        [
          0.98,
          0.8,
          0.95,
          0.05
        ],
        [
          0.01,
          0.19,
          0.04,
          0.9
        ],
        [
          0.01,
          0.01,
          0.01,
          0.05
        ]
      ]
    }
  },
  {
    "name": "CO",
    "cpt": {
      "parent_state_order": {
        "HR": [
          "LOW",
          "NORMAL",
          "HIGH"
        ],
        "STROKEVOLUME": [
          "LOW",
          "NORMAL",
          "HIGH"
        ]
      },
      "values": [
        [
          0.98,
          0.95,
          0.3,
          0.95,
          0.04,
          0.01,
          0.9,
          0.01,
          0.01
        ],
        [
          0.01,
          0.04,
          0.69,
          0.04,
          0.95,
          0.3,
          0.09,
          0.04,
          0.01
        ],
        [
          0.01,
          0.01,
          0.01,
          0.01,
          0.01,
          0.69,
          0.01,
          0.95,
          0.98
        ]
      ]
    }
  }
]

===================================================
Dataset: agentbn_train_subset_1.csv
===================================================
Accuracy: 78.48 %
Total: 330
Successes: 259
Failures: 71

Candidate 3: Accuracy = 0.7848, Failures = 71, Successes = 259
Patch:
[
  {
    "name": "STROKEVOLUME",
    "cpt": {
      "parent_state_order": {
        "HYPOVOLEMIA": [
          "Hypovolemia",
          "No_Hypovolemia"
        ],
        "LVFAILURE": [
          "TRUE",
          "FALSE"
        ]
      },
      "values": [
        [
          0.98,
          0.9,
          0.95,
          0.05
        ],
        [
          0.01,
          0.09,
          0.04,
          0.9
        ],
        [
          0.01,
          0.01,
          0.01,
          0.05
        ]
      ]
    }
  },
  {
    "name": "CO",
    "cpt": {
      "parent_state_order": {
        "HR": [
          "LOW",
          "NORMAL",
          "HIGH"
        ],
        "STROKEVOLUME": [
          "LOW",
          "NORMAL",
          "HIGH"
        ]
      },
      "values": [
        [
          0.98,
          0.95,
          0.3,
          0.95,
          0.04,
          0.01,
          0.95,
          0.01,
          0.01
        ],
        [
          0.01,
          0.04,
          0.69,
          0.04,
          0.95,
          0.3,
          0.04,
          0.04,
          0.01
        ],
        [
          0.01,
          0.01,
          0.01,
          0.01,
          0.01,
          0.69,
          0.01,
          0.95,
          0.98
        ]
      ]
    }
  }
]

========================================
BEST REFINEMENT CANDIDATE
========================================
Candidate 1
Accuracy: 0.7939
Failures: 68
Successes: 262

===================================================
Dataset: agentbn_train_subset_1.csv
===================================================
Accuracy: 79.39 %
Total: 330
Successes: 262
Failures: 68
Accuracy = 79.39%

Initial Generation Attempt 1
Removed workflow analysis for BN #0 from /home/shamim_ist/AgentBN/workspace/alarm/bn_analysis.json

Activation trace saved to /home/shamim_ist/AgentBN/workspace/alarm/activation_trace.csv
Failure parameter statistics saved to '/home/shamim_ist/AgentBN/workspace/alarm/failure_parameter_statistics.json'
Valid response received on attempt 1.
Valid response received on attempt 1.
Valid response received on attempt 1.

===================================================

Accuracy: 76.06%

Workflow analysis for BN #0 stored in /home/shamim_ist/AgentBN/workspace/alarm/bn_analysis.json
Valid response received on attempt 1.
Selected baseline BN: 0

===================================================
Dataset: agentbn_train_subset_1.csv
===================================================
Accuracy: 79.39 %
Total: 330
Successes: 262
Failures: 68

Candidate 1: Accuracy = 0.7939, Failures = 68, Successes = 262
Patch:
[
  {
    "name": "STROKEVOLUME",
    "cpt": {
      "parent_state_order": {
        "HYPOVOLEMIA": [
          "Hypovolemia",
          "No_Hypovolemia"
        ],
        "LVFAILURE": [
          "TRUE",
          "FALSE"
        ]
      },
      "values": [
        [
          0.98,
          0.7,
          0.95,
          0.05
        ],
        [
          0.01,
          0.29,
          0.04,
          0.9
        ],
        [
          0.01,
          0.01,
          0.01,
          0.05
        ]
      ]
    }
  }
]

===================================================
Dataset: agentbn_train_subset_1.csv
===================================================
Accuracy: 75.15 %
Total: 330
Successes: 248
Failures: 82

Candidate 2: Accuracy = 0.7515, Failures = 82, Successes = 248
Patch:
[
  {
    "name": "CO",
    "cpt": {
      "parent_state_order": {
        "HR": [
          "LOW",
          "NORMAL",
          "HIGH"
        ],
        "STROKEVOLUME": [
          "LOW",
          "NORMAL",
          "HIGH"
        ]
      },
      "values": [
        [
          0.98,
          0.95,
          0.3,
          0.95,
          0.04,
          0.01,
          0.88,
          0.01,
          0.01
        ],
        [
          0.01,
          0.04,
          0.69,
          0.04,
          0.95,
          0.3,
          0.11,
          0.04,
          0.01
        ],
        [
          0.01,
          0.01,
          0.01,
          0.01,
          0.01,
          0.69,
          0.01,
          0.95,
          0.98
        ]
      ]
    }
  }
]

===================================================
Dataset: agentbn_train_subset_1.csv
===================================================
Accuracy: 78.48 %
Total: 330
Successes: 259
Failures: 71

Candidate 3: Accuracy = 0.7848, Failures = 71, Successes = 259
Patch:
[
  {
    "name": "STROKEVOLUME",
    "cpt": {
      "parent_state_order": {
        "HYPOVOLEMIA": [
          "Hypovolemia",
          "No_Hypovolemia"
        ],
        "LVFAILURE": [
          "TRUE",
          "FALSE"
        ]
      },
      "values": [
        [
          0.98,
          0.78,
          0.95,
          0.05
        ],
        [
          0.01,
          0.21,
          0.04,
          0.9
        ],
        [
          0.01,
          0.01,
          0.01,
          0.05
        ]
      ]
    }
  },
  {
    "name": "CO",
    "cpt": {
      "parent_state_order": {
        "HR": [
          "LOW",
          "NORMAL",
          "HIGH"
        ],
        "STROKEVOLUME": [
          "LOW",
          "NORMAL",
          "HIGH"
        ]
      },
      "values": [
        [
          0.98,
          0.95,
          0.3,
          0.95,
          0.04,
          0.01,
          0.93,
          0.01,
          0.01
        ],
        [
          0.01,
          0.04,
          0.69,
          0.04,
          0.95,
          0.3,
          0.06,
          0.04,
          0.01
        ],
        [
          0.01,
          0.01,
          0.01,
          0.01,
          0.01,
          0.69,
          0.01,
          0.95,
          0.98
        ]
      ]
    }
  }
]

========================================
BEST REFINEMENT CANDIDATE
========================================
Candidate 1
Accuracy: 0.7939
Failures: 68
Successes: 262

===================================================
Dataset: agentbn_train_subset_1.csv
===================================================
Accuracy: 79.39 %
Total: 330
Successes: 262
Failures: 68
Accuracy = 79.39%

Initial Generation Attempt 2
Removed workflow analysis for BN #0 from /home/shamim_ist/AgentBN/workspace/alarm/bn_analysis.json

Activation trace saved to /home/shamim_ist/AgentBN/workspace/alarm/activation_trace.csv
Failure parameter statistics saved to '/home/shamim_ist/AgentBN/workspace/alarm/failure_parameter_statistics.json'
Valid response received on attempt 1.
Valid response received on attempt 1.
Valid response received on attempt 1.

===================================================

Accuracy: 76.06%

Workflow analysis for BN #0 stored in /home/shamim_ist/AgentBN/workspace/alarm/bn_analysis.json
Valid response received on attempt 1.
Selected baseline BN: 0

===================================================
Dataset: agentbn_train_subset_1.csv
===================================================
Accuracy: 76.67 %
Total: 330
Successes: 253
Failures: 77

Candidate 1: Accuracy = 0.7667, Failures = 77, Successes = 253
Patch:
[
  {
    "name": "STROKEVOLUME",
    "cpt": {
      "parent_state_order": {
        "HYPOVOLEMIA": [
          "Hypovolemia",
          "No_Hypovolemia"
        ],
        "LVFAILURE": [
          "TRUE",
          "FALSE"
        ]
      },
      "values": [
        [
          0.98,
          0.4,
          0.95,
          0.05
        ],
        [
          0.01,
          0.58,
          0.04,
          0.9
        ],
        [
          0.01,
          0.02,
          0.01,
          0.05
        ]
      ]
    }
  }
]

===================================================
Dataset: agentbn_train_subset_1.csv
===================================================
Accuracy: 76.67 %
Total: 330
Successes: 253
Failures: 77

Candidate 2: Accuracy = 0.7667, Failures = 77, Successes = 253
Patch:
[
  {
    "name": "STROKEVOLUME",
    "cpt": {
      "parent_state_order": {
        "HYPOVOLEMIA": [
          "Hypovolemia",
          "No_Hypovolemia"
        ],
        "LVFAILURE": [
          "TRUE",
          "FALSE"
        ]
      },
      "values": [
        [
          0.98,
          0.3,
          0.95,
          0.05
        ],
        [
          0.01,
          0.67,
          0.04,
          0.9
        ],
        [
          0.01,
          0.03,
          0.01,
          0.05
        ]
      ]
    }
  }
]

===================================================
Dataset: agentbn_train_subset_1.csv
===================================================
Accuracy: 76.67 %
Total: 330
Successes: 253
Failures: 77

Candidate 3: Accuracy = 0.7667, Failures = 77, Successes = 253
Patch:
[
  {
    "name": "STROKEVOLUME",
    "cpt": {
      "parent_state_order": {
        "HYPOVOLEMIA": [
          "Hypovolemia",
          "No_Hypovolemia"
        ],
        "LVFAILURE": [
          "TRUE",
          "FALSE"
        ]
      },
      "values": [
        [
          0.98,
          0.2,
          0.95,
          0.05
        ],
        [
          0.01,
          0.75,
          0.04,
          0.9
        ],
        [
          0.01,
          0.05,
          0.01,
          0.05
        ]
      ]
    }
  }
]

========================================
BEST REFINEMENT CANDIDATE
========================================
Candidate 1
Accuracy: 0.7667
Failures: 77
Successes: 253

===================================================
Dataset: agentbn_train_subset_1.csv
===================================================
Accuracy: 76.67 %
Total: 330
Successes: 253
Failures: 77
Accuracy = 76.67%
Threshold (83.24%) not reached after 3 attempts. Using best generated BN (79.39%).
Removed workflow analysis for BN #0 from /home/shamim_ist/AgentBN/workspace/alarm/bn_analysis.json

Initial BN generated

===== ITERATION 1 =====

===================================================
Dataset: agentbn_train_subset_1.csv
===================================================
Accuracy: 79.39 %
Total: 330
Successes: 262
Failures: 68

Activation trace saved to /home/shamim_ist/AgentBN/workspace/alarm/activation_trace.csv
Failure parameter statistics saved to '/home/shamim_ist/AgentBN/workspace/alarm/failure_parameter_statistics.json'
Valid response received on attempt 1.
Valid response received on attempt 1.
Valid response received on attempt 1.

===================================================

Accuracy: 79.39%

Workflow analysis for BN #1 stored in /home/shamim_ist/AgentBN/workspace/alarm/bn_analysis.json
Valid response received on attempt 1.
Selected baseline BN: 1

===================================================
Dataset: agentbn_train_subset_1.csv
===================================================
Accuracy: 79.39 %
Total: 330
Successes: 262
Failures: 68

Candidate 1: Accuracy = 0.7939, Failures = 68, Successes = 262
Patch:
[
  {
    "name": "BP",
    "cpt": {
      "parent_state_order": {
        "CO": [
          "LOW",
          "NORMAL",
          "HIGH"
        ],
        "TPR": [
          "LOW",
          "NORMAL",
          "HIGH"
        ]
      },
      "values": [
        [
          0.85,
          0.98,
          0.3,
          0.98,
          0.1,
          0.05,
          0.9,
          0.05,
          0.01
        ],
        [
          0.01,
          0.01,
          0.6,
          0.01,
          0.85,
          0.4,
          0.09,
          0.2,
          0.09
        ],
        [
          0.14,
          0.01,
          0.1,
          0.01,
          0.05,
          0.55,
          0.01,
          0.75,
          0.9
        ]
      ]
    }
  }
]

===================================================
Dataset: agentbn_train_subset_1.csv
===================================================
Accuracy: 76.67 %
Total: 330
Successes: 253
Failures: 77

Candidate 2: Accuracy = 0.7667, Failures = 77, Successes = 253
Patch:
[
  {
    "name": "STROKEVOLUME",
    "cpt": {
      "parent_state_order": {
        "HYPOVOLEMIA": [
          "Hypovolemia",
          "No_Hypovolemia"
        ],
        "LVFAILURE": [
          "TRUE",
          "FALSE"
        ]
      },
      "values": [
        [
          0.98,
          0.55,
          0.95,
          0.05
        ],
        [
          0.01,
          0.4,
          0.04,
          0.9
        ],
        [
          0.01,
          0.05,
          0.01,
          0.05
        ]
      ]
    }
  },
  {
    "name": "CO",
    "cpt": {
      "parent_state_order": {
        "HR": [
          "LOW",
          "NORMAL",
          "HIGH"
        ],
        "STROKEVOLUME": [
          "LOW",
          "NORMAL",
          "HIGH"
        ]
      },
      "values": [
        [
          0.98,
          0.95,
          0.3,
          0.95,
          0.04,
          0.65,
          0.8,
          0.01,
          0.01
        ],
        [
          0.01,
          0.04,
          0.69,
          0.04,
          0.95,
          0.33,
          0.19,
          0.04,
          0.01
        ],
        [
          0.01,
          0.01,
          0.01,
          0.01,
          0.01,
          0.02,
          0.01,
          0.95,
          0.98
        ]
      ]
    }
  },
  {
    "name": "BP",
    "cpt": {
      "parent_state_order": {
        "CO": [
          "LOW",
          "NORMAL",
          "HIGH"
        ],
        "TPR": [
          "LOW",
          "NORMAL",
          "HIGH"
        ]
      },
      "values": [
        [
          0.9,
          0.98,
          0.3,
          0.98,
          0.1,
          0.05,
          0.9,
          0.05,
          0.01
        ],
        [
          0.01,
          0.01,
          0.6,
          0.01,
          0.85,
          0.4,
          0.09,
          0.2,
          0.09
        ],
        [
          0.09,
          0.01,
          0.1,
          0.01,
          0.05,
          0.55,
          0.01,
          0.75,
          0.9
        ]
      ]
    }
  }
]

===================================================
Dataset: agentbn_train_subset_1.csv
===================================================
Accuracy: 76.06 %
Total: 330
Successes: 251
Failures: 79

Candidate 3: Accuracy = 0.7606, Failures = 79, Successes = 251
Patch:
[
  {
    "name": "STROKEVOLUME",
    "cpt": {
      "parent_state_order": {
        "HYPOVOLEMIA": [
          "Hypovolemia",
          "No_Hypovolemia"
        ],
        "LVFAILURE": [
          "TRUE",
          "FALSE"
        ]
      },
      "values": [
        [
          0.98,
          0.62,
          0.95,
          0.05
        ],
        [
          0.01,
          0.34,
          0.04,
          0.9
        ],
        [
          0.01,
          0.04,
          0.01,
          0.05
        ]
      ]
    }
  },
  {
    "name": "CO",
    "cpt": {
      "parent_state_order": {
        "HR": [
          "LOW",
          "NORMAL",
          "HIGH"
        ],
        "STROKEVOLUME": [
          "LOW",
          "NORMAL",
          "HIGH"
        ]
      },
      "values": [
        [
          0.98,
          0.95,
          0.3,
          0.95,
          0.04,
          0.72,
          0.8,
          0.01,
          0.01
        ],
        [
          0.01,
          0.04,
          0.69,
          0.04,
          0.95,
          0.26,
          0.19,
          0.04,
          0.01
        ],
        [
          0.01,
          0.01,
          0.01,
          0.01,
          0.01,
          0.02,
          0.01,
          0.95,
          0.98
        ]
      ]
    }
  },
  {
    "name": "BP",
    "cpt": {
      "parent_state_order": {
        "CO": [
          "LOW",
          "NORMAL",
          "HIGH"
        ],
        "TPR": [
          "LOW",
          "NORMAL",
          "HIGH"
        ]
      },
      "values": [
        [
          0.78,
          0.98,
          0.3,
          0.98,
          0.1,
          0.05,
          0.9,
          0.05,
          0.01
        ],
        [
          0.01,
          0.01,
          0.6,
          0.01,
          0.85,
          0.4,
          0.09,
          0.2,
          0.09
        ],
        [
          0.21,
          0.01,
          0.1,
          0.01,
          0.05,
          0.55,
          0.01,
          0.75,
          0.9
        ]
      ]
    }
  }
]

========================================
BEST REFINEMENT CANDIDATE
========================================
Candidate 1
Accuracy: 0.7939
Failures: 68
Successes: 262

===================================================
Dataset: agentbn_train_subset_1.csv
===================================================
Accuracy: 79.39 %
Total: 330
Successes: 262
Failures: 68

Accuracy did not improve. Need improvement from 79.39% 
Removed 1 record(s) with bn_number=2
Valid response received on attempt 1.
Selected baseline BN: 1

===================================================
Dataset: agentbn_train_subset_1.csv
===================================================
Accuracy: 79.39 %
Total: 330
Successes: 262
Failures: 68

Candidate 1: Accuracy = 0.7939, Failures = 68, Successes = 262
Patch:
[
  {
    "name": "BP",
    "cpt": {
      "parent_state_order": {
        "CO": [
          "LOW",
          "NORMAL",
          "HIGH"
        ],
        "TPR": [
          "LOW",
          "NORMAL",
          "HIGH"
        ]
      },
      "values": [
        [
          0.85,
          0.98,
          0.3,
          0.98,
          0.1,
          0.05,
          0.9,
          0.05,
          0.01
        ],
        [
          0.05,
          0.01,
          0.6,
          0.01,
          0.85,
          0.4,
          0.09,
          0.2,
          0.09
        ],
        [
          0.1,
          0.01,
          0.1,
          0.01,
          0.05,
          0.55,
          0.01,
          0.75,
          0.9
        ]
      ]
    }
  }
]

===================================================
Dataset: agentbn_train_subset_1.csv
===================================================
Accuracy: 76.67 %
Total: 330
Successes: 253
Failures: 77

Candidate 2: Accuracy = 0.7667, Failures = 77, Successes = 253
Patch:
[
  {
    "name": "STROKEVOLUME",
    "cpt": {
      "parent_state_order": {
        "HYPOVOLEMIA": [
          "Hypovolemia",
          "No_Hypovolemia"
        ],
        "LVFAILURE": [
          "TRUE",
          "FALSE"
        ]
      },
      "values": [
        [
          0.98,
          0.55,
          0.95,
          0.05
        ],
        [
          0.01,
          0.42,
          0.04,
          0.9
        ],
        [
          0.01,
          0.03,
          0.01,
          0.05
        ]
      ]
    }
  },
  {
    "name": "CO",
    "cpt": {
      "parent_state_order": {
        "HR": [
          "LOW",
          "NORMAL",
          "HIGH"
        ],
        "STROKEVOLUME": [
          "LOW",
          "NORMAL",
          "HIGH"
        ]
      },
      "values": [
        [
          0.98,
          0.95,
          0.3,
          0.95,
          0.04,
          0.65,
          0.8,
          0.01,
          0.01
        ],
        [
          0.01,
          0.04,
          0.69,
          0.04,
          0.95,
          0.33,
          0.19,
          0.04,
          0.01
        ],
        [
          0.01,
          0.01,
          0.01,
          0.01,
          0.01,
          0.02,
          0.01,
          0.95,
          0.98
        ]
      ]
    }
  },
  {
    "name": "BP",
    "cpt": {
      "parent_state_order": {
        "CO": [
          "LOW",
          "NORMAL",
          "HIGH"
        ],
        "TPR": [
          "LOW",
          "NORMAL",
          "HIGH"
        ]
      },
      "values": [
        [
          0.8,
          0.98,
          0.3,
          0.98,
          0.1,
          0.05,
          0.9,
          0.05,
          0.01
        ],
        [
          0.08,
          0.01,
          0.6,
          0.01,
          0.85,
          0.4,
          0.09,
          0.2,
          0.09
        ],
        [
          0.12,
          0.01,
          0.1,
          0.01,
          0.05,
          0.55,
          0.01,
          0.75,
          0.9
        ]
      ]
    }
  }
]

===================================================
Dataset: agentbn_train_subset_1.csv
===================================================
Accuracy: 78.79 %
Total: 330
Successes: 260
Failures: 70

Candidate 3: Accuracy = 0.7879, Failures = 70, Successes = 260
Patch:
[
  {
    "name": "STROKEVOLUME",
    "cpt": {
      "parent_state_order": {
        "HYPOVOLEMIA": [
          "Hypovolemia",
          "No_Hypovolemia"
        ],
        "LVFAILURE": [
          "TRUE",
          "FALSE"
        ]
      },
      "values": [
        [
          0.98,
          0.62,
          0.95,
          0.05
        ],
        [
          0.01,
          0.35,
          0.04,
          0.9
        ],
        [
          0.01,
          0.03,
          0.01,
          0.05
        ]
      ]
    }
  },
  {
    "name": "CO",
    "cpt": {
      "parent_state_order": {
        "HR": [
          "LOW",
          "NORMAL",
          "HIGH"
        ],
        "STROKEVOLUME": [
          "LOW",
          "NORMAL",
          "HIGH"
        ]
      },
      "values": [
        [
          0.98,
          0.95,
          0.3,
          0.95,
          0.04,
          0.72,
          0.8,
          0.01,
          0.01
        ],
        [
          0.01,
          0.04,
          0.69,
          0.04,
          0.95,
          0.26,
          0.19,
          0.04,
          0.01
        ],
        [
          0.01,
          0.01,
          0.01,
          0.01,
          0.01,
          0.02,
          0.01,
          0.95,
          0.98
        ]
      ]
    }
  }
]

========================================
BEST REFINEMENT CANDIDATE
========================================
Candidate 1
Accuracy: 0.7939
Failures: 68
Successes: 262

===================================================
Dataset: agentbn_train_subset_1.csv
===================================================
Accuracy: 79.39 %
Total: 330
Successes: 262
Failures: 68
Removed 1 record(s) with bn_number=2
Valid response received on attempt 1.
Selected baseline BN: 1

===================================================
Dataset: agentbn_train_subset_1.csv
===================================================
Accuracy: 79.39 %
Total: 330
Successes: 262
Failures: 68

Candidate 1: Accuracy = 0.7939, Failures = 68, Successes = 262
Patch:
[
  {
    "name": "BP",
    "cpt": {
      "parent_state_order": {
        "CO": [
          "LOW",
          "NORMAL",
          "HIGH"
        ],
        "TPR": [
          "LOW",
          "NORMAL",
          "HIGH"
        ]
      },
      "values": [
        [
          0.85,
          0.98,
          0.3,
          0.98,
          0.1,
          0.05,
          0.9,
          0.05,
          0.01
        ],
        [
          0.05,
          0.01,
          0.6,
          0.01,
          0.85,
          0.4,
          0.09,
          0.2,
          0.09
        ],
        [
          0.1,
          0.01,
          0.1,
          0.01,
          0.05,
          0.55,
          0.01,
          0.75,
          0.9
        ]
      ]
    }
  }
]

===================================================
Dataset: agentbn_train_subset_1.csv
===================================================
Accuracy: 76.06 %
Total: 330
Successes: 251
Failures: 79

Candidate 2: Accuracy = 0.7606, Failures = 79, Successes = 251
Patch:
[
  {
    "name": "STROKEVOLUME",
    "cpt": {
      "parent_state_order": {
        "HYPOVOLEMIA": [
          "Hypovolemia",
          "No_Hypovolemia"
        ],
        "LVFAILURE": [
          "TRUE",
          "FALSE"
        ]
      },
      "values": [
        [
          0.98,
          0.55,
          0.95,
          0.05
        ],
        [
          0.01,
          0.43,
          0.04,
          0.9
        ],
        [
          0.01,
          0.02,
          0.01,
          0.05
        ]
      ]
    }
  },
  {
    "name": "CO",
    "cpt": {
      "parent_state_order": {
        "HR": [
          "LOW",
          "NORMAL",
          "HIGH"
        ],
        "STROKEVOLUME": [
          "LOW",
          "NORMAL",
          "HIGH"
        ]
      },
      "values": [
        [
          0.98,
          0.95,
          0.3,
          0.95,
          0.04,
          0.65,
          0.8,
          0.01,
          0.01
        ],
        [
          0.01,
          0.04,
          0.69,
          0.04,
          0.95,
          0.33,
          0.19,
          0.04,
          0.01
        ],
        [
          0.01,
          0.01,
          0.01,
          0.01,
          0.01,
          0.02,
          0.01,
          0.95,
          0.98
        ]
      ]
    }
  }
]

===================================================
Dataset: agentbn_train_subset_1.csv
===================================================
Accuracy: 76.67 %
Total: 330
Successes: 253
Failures: 77

Candidate 3: Accuracy = 0.7667, Failures = 77, Successes = 253
Patch:
[
  {
    "name": "BP",
    "cpt": {
      "parent_state_order": {
        "CO": [
          "LOW",
          "NORMAL",
          "HIGH"
        ],
        "TPR": [
          "LOW",
          "NORMAL",
          "HIGH"
        ]
      },
      "values": [
        [
          0.75,
          0.98,
          0.3,
          0.98,
          0.1,
          0.05,
          0.9,
          0.05,
          0.01
        ],
        [
          0.1,
          0.01,
          0.6,
          0.01,
          0.85,
          0.4,
          0.09,
          0.2,
          0.09
        ],
        [
          0.15,
          0.01,
          0.1,
          0.01,
          0.05,
          0.55,
          0.01,
          0.75,
          0.9
        ]
      ]
    }
  },
  {
    "name": "STROKEVOLUME",
    "cpt": {
      "parent_state_order": {
        "HYPOVOLEMIA": [
          "Hypovolemia",
          "No_Hypovolemia"
        ],
        "LVFAILURE": [
          "TRUE",
          "FALSE"
        ]
      },
      "values": [
        [
          0.98,
          0.6,
          0.95,
          0.05
        ],
        [
          0.01,
          0.38,
          0.04,
          0.9
        ],
        [
          0.01,
          0.02,
          0.01,
          0.05
        ]
      ]
    }
  },
  {
    "name": "CO",
    "cpt": {
      "parent_state_order": {
        "HR": [
          "LOW",
          "NORMAL",
          "HIGH"
        ],
        "STROKEVOLUME": [
          "LOW",
          "NORMAL",
          "HIGH"
        ]
      },
      "values": [
        [
          0.98,
          0.95,
          0.3,
          0.95,
          0.04,
          0.7,
          0.8,
          0.01,
          0.01
        ],
        [
          0.01,
          0.04,
          0.69,
          0.04,
          0.95,
          0.28,
          0.19,
          0.04,
          0.01
        ],
        [
          0.01,
          0.01,
          0.01,
          0.01,
          0.01,
          0.02,
          0.01,
          0.95,
          0.98
        ]
      ]
    }
  }
]

========================================
BEST REFINEMENT CANDIDATE
========================================
Candidate 1
Accuracy: 0.7939
Failures: 68
Successes: 262

===================================================
Dataset: agentbn_train_subset_1.csv
===================================================
Accuracy: 79.39 %
Total: 330
Successes: 262
Failures: 68
Removed 1 record(s) with bn_number=2
Valid response received on attempt 1.
Selected baseline BN: 1

===================================================
Dataset: agentbn_train_subset_1.csv
===================================================
Accuracy: 79.39 %
Total: 330
Successes: 262
Failures: 68

Candidate 1: Accuracy = 0.7939, Failures = 68, Successes = 262
Patch:
[
  {
    "name": "BP",
    "cpt": {
      "parent_state_order": {
        "CO": [
          "LOW",
          "NORMAL",
          "HIGH"
        ],
        "TPR": [
          "LOW",
          "NORMAL",
          "HIGH"
        ]
      },
      "values": [
        [
          0.85,
          0.98,
          0.3,
          0.98,
          0.1,
          0.05,
          0.9,
          0.05,
          0.01
        ],
        [
          0.05,
          0.01,
          0.6,
          0.01,
          0.85,
          0.4,
          0.09,
          0.2,
          0.09
        ],
        [
          0.1,
          0.01,
          0.1,
          0.01,
          0.05,
          0.55,
          0.01,
          0.75,
          0.9
        ]
      ]
    }
  }
]

===================================================
Dataset: agentbn_train_subset_1.csv
===================================================
Accuracy: 76.67 %
Total: 330
Successes: 253
Failures: 77

Candidate 2: Accuracy = 0.7667, Failures = 77, Successes = 253
Patch:
[
  {
    "name": "STROKEVOLUME",
    "cpt": {
      "parent_state_order": {
        "HYPOVOLEMIA": [
          "Hypovolemia",
          "No_Hypovolemia"
        ],
        "LVFAILURE": [
          "TRUE",
          "FALSE"
        ]
      },
      "values": [
        [
          0.98,
          0.55,
          0.95,
          0.05
        ],
        [
          0.01,
          0.4,
          0.04,
          0.9
        ],
        [
          0.01,
          0.05,
          0.01,
          0.05
        ]
      ]
    }
  },
  {
    "name": "CO",
    "cpt": {
      "parent_state_order": {
        "HR": [
          "LOW",
          "NORMAL",
          "HIGH"
        ],
        "STROKEVOLUME": [
          "LOW",
          "NORMAL",
          "HIGH"
        ]
      },
      "values": [
        [
          0.98,
          0.95,
          0.3,
          0.95,
          0.04,
          0.01,
          0.65,
          0.01,
          0.01
        ],
        [
          0.01,
          0.04,
          0.69,
          0.04,
          0.95,
          0.3,
          0.34,
          0.04,
          0.01
        ],
        [
          0.01,
          0.01,
          0.01,
          0.01,
          0.01,
          0.69,
          0.01,
          0.95,
          0.98
        ]
      ]
    }
  }
]

===================================================
Dataset: agentbn_train_subset_1.csv
===================================================
Accuracy: 76.67 %
Total: 330
Successes: 253
Failures: 77

Candidate 3: Accuracy = 0.7667, Failures = 77, Successes = 253
Patch:
[
  {
    "name": "BP",
    "cpt": {
      "parent_state_order": {
        "CO": [
          "LOW",
          "NORMAL",
          "HIGH"
        ],
        "TPR": [
          "LOW",
          "NORMAL",
          "HIGH"
        ]
      },
      "values": [
        [
          0.78,
          0.98,
          0.3,
          0.98,
          0.1,
          0.05,
          0.9,
          0.05,
          0.01
        ],
        [
          0.07,
          0.01,
          0.6,
          0.01,
          0.85,
          0.4,
          0.09,
          0.2,
          0.09
        ],
        [
          0.15,
          0.01,
          0.1,
          0.01,
          0.05,
          0.55,
          0.01,
          0.75,
          0.9
        ]
      ]
    }
  },
  {
    "name": "STROKEVOLUME",
    "cpt": {
      "parent_state_order": {
        "HYPOVOLEMIA": [
          "Hypovolemia",
          "No_Hypovolemia"
        ],
        "LVFAILURE": [
          "TRUE",
          "FALSE"
        ]
      },
      "values": [
        [
          0.98,
          0.6,
          0.95,
          0.05
        ],
        [
          0.01,
          0.35,
          0.04,
          0.9
        ],
        [
          0.01,
          0.05,
          0.01,
          0.05
        ]
      ]
    }
  },
  {
    "name": "CO",
    "cpt": {
      "parent_state_order": {
        "HR": [
          "LOW",
          "NORMAL",
          "HIGH"
        ],
        "STROKEVOLUME": [
          "LOW",
          "NORMAL",
          "HIGH"
        ]
      },
      "values": [
        [
          0.98,
          0.95,
          0.3,
          0.95,
          0.04,
          0.01,
          0.7,
          0.01,
          0.01
        ],
        [
          0.01,
          0.04,
          0.69,
          0.04,
          0.95,
          0.3,
          0.29,
          0.04,
          0.01
        ],
        [
          0.01,
          0.01,
          0.01,
          0.01,
          0.01,
          0.69,
          0.01,
          0.95,
          0.98
        ]
      ]
    }
  }
]

========================================
BEST REFINEMENT CANDIDATE
========================================
Candidate 1
Accuracy: 0.7939
Failures: 68
Successes: 262

===================================================
Dataset: agentbn_train_subset_1.csv
===================================================
Accuracy: 79.39 %
Total: 330
Successes: 262
Failures: 68

No improvement after 3 retries. Selecting best retry candidate (accuracy=79.39%).
Removed 1 record(s) with bn_number=2
Continuing with retry candidate (accuracy=79.39%).

===== ITERATION 2 =====

===================================================
Dataset: agentbn_train_subset_1.csv
===================================================
Accuracy: 79.39 %
Total: 330
Successes: 262
Failures: 68

Activation trace saved to /home/shamim_ist/AgentBN/workspace/alarm/activation_trace.csv
Failure parameter statistics saved to '/home/shamim_ist/AgentBN/workspace/alarm/failure_parameter_statistics.json'
Valid response received on attempt 1.
Valid response received on attempt 1.
Valid response received on attempt 1.

===================================================

Accuracy: 79.39%

Workflow analysis for BN #2 stored in /home/shamim_ist/AgentBN/workspace/alarm/bn_analysis.json
Valid response received on attempt 1.
Selected baseline BN: 1

===================================================
Dataset: agentbn_train_subset_1.csv
===================================================
Accuracy: 79.39 %
Total: 330
Successes: 262
Failures: 68

Candidate 1: Accuracy = 0.7939, Failures = 68, Successes = 262
Patch:
[
  {
    "name": "BP",
    "cpt": {
      "parent_state_order": {
        "CO": [
          "LOW",
          "NORMAL",
          "HIGH"
        ],
        "TPR": [
          "LOW",
          "NORMAL",
          "HIGH"
        ]
      },
      "values": [
        [
          0.85,
          0.98,
          0.3,
          0.98,
          0.1,
          0.05,
          0.9,
          0.05,
          0.01
        ],
        [
          0.05,
          0.01,
          0.6,
          0.01,
          0.85,
          0.4,
          0.09,
          0.2,
          0.09
        ],
        [
          0.1,
          0.01,
          0.1,
          0.01,
          0.05,
          0.55,
          0.01,
          0.75,
          0.9
        ]
      ]
    }
  }
]

===================================================
Dataset: agentbn_train_subset_1.csv
===================================================
Accuracy: 76.67 %
Total: 330
Successes: 253
Failures: 77

Candidate 2: Accuracy = 0.7667, Failures = 77, Successes = 253
Patch:
[
  {
    "name": "STROKEVOLUME",
    "cpt": {
      "parent_state_order": {
        "HYPOVOLEMIA": [
          "Hypovolemia",
          "No_Hypovolemia"
        ],
        "LVFAILURE": [
          "TRUE",
          "FALSE"
        ]
      },
      "values": [
        [
          0.98,
          0.55,
          0.95,
          0.05
        ],
        [
          0.01,
          0.4,
          0.04,
          0.9
        ],
        [
          0.01,
          0.05,
          0.01,
          0.05
        ]
      ]
    }
  },
  {
    "name": "CO",
    "cpt": {
      "parent_state_order": {
        "HR": [
          "LOW",
          "NORMAL",
          "HIGH"
        ],
        "STROKEVOLUME": [
          "LOW",
          "NORMAL",
          "HIGH"
        ]
      },
      "values": [
        [
          0.98,
          0.95,
          0.3,
          0.95,
          0.04,
          0.01,
          0.65,
          0.01,
          0.01
        ],
        [
          0.01,
          0.04,
          0.69,
          0.04,
          0.95,
          0.3,
          0.3,
          0.04,
          0.01
        ],
        [
          0.01,
          0.01,
          0.01,
          0.01,
          0.01,
          0.69,
          0.05,
          0.95,
          0.98
        ]
      ]
    }
  },
  {
    "name": "BP",
    "cpt": {
      "parent_state_order": {
        "CO": [
          "LOW",
          "NORMAL",
          "HIGH"
        ],
        "TPR": [
          "LOW",
          "NORMAL",
          "HIGH"
        ]
      },
      "values": [
        [
          0.88,
          0.98,
          0.3,
          0.98,
          0.1,
          0.05,
          0.9,
          0.05,
          0.01
        ],
        [
          0.04,
          0.01,
          0.6,
          0.01,
          0.85,
          0.4,
          0.09,
          0.2,
          0.09
        ],
        [
          0.08,
          0.01,
          0.1,
          0.01,
          0.05,
          0.55,
          0.01,
          0.75,
          0.9
        ]
      ]
    }
  }
]

===================================================
Dataset: agentbn_train_subset_1.csv
===================================================
Accuracy: 76.67 %
Total: 330
Successes: 253
Failures: 77

Candidate 3: Accuracy = 0.7667, Failures = 77, Successes = 253
Patch:
[
  {
    "name": "STROKEVOLUME",
    "cpt": {
      "parent_state_order": {
        "HYPOVOLEMIA": [
          "Hypovolemia",
          "No_Hypovolemia"
        ],
        "LVFAILURE": [
          "TRUE",
          "FALSE"
        ]
      },
      "values": [
        [
          0.98,
          0.45,
          0.95,
          0.05
        ],
        [
          0.01,
          0.48,
          0.04,
          0.9
        ],
        [
          0.01,
          0.07,
          0.01,
          0.05
        ]
      ]
    }
  },
  {
    "name": "CO",
    "cpt": {
      "parent_state_order": {
        "HR": [
          "LOW",
          "NORMAL",
          "HIGH"
        ],
        "STROKEVOLUME": [
          "LOW",
          "NORMAL",
          "HIGH"
        ]
      },
      "values": [
        [
          0.98,
          0.95,
          0.3,
          0.95,
          0.04,
          0.01,
          0.5,
          0.01,
          0.01
        ],
        [
          0.01,
          0.04,
          0.69,
          0.04,
          0.95,
          0.3,
          0.4,
          0.04,
          0.01
        ],
        [
          0.01,
          0.01,
          0.01,
          0.01,
          0.01,
          0.69,
          0.1,
          0.95,
          0.98
        ]
      ]
    }
  },
  {
    "name": "BP",
    "cpt": {
      "parent_state_order": {
        "CO": [
          "LOW",
          "NORMAL",
          "HIGH"
        ],
        "TPR": [
          "LOW",
          "NORMAL",
          "HIGH"
        ]
      },
      "values": [
        [
          0.75,
          0.98,
          0.3,
          0.98,
          0.1,
          0.05,
          0.9,
          0.05,
          0.01
        ],
        [
          0.08,
          0.01,
          0.6,
          0.01,
          0.85,
          0.4,
          0.09,
          0.2,
          0.09
        ],
        [
          0.17,
          0.01,
          0.1,
          0.01,
          0.05,
          0.55,
          0.01,
          0.75,
          0.9
        ]
      ]
    }
  }
]

========================================
BEST REFINEMENT CANDIDATE
========================================
Candidate 1
Accuracy: 0.7939
Failures: 68
Successes: 262

===================================================
Dataset: agentbn_train_subset_1.csv
===================================================
Accuracy: 79.39 %
Total: 330
Successes: 262
Failures: 68

Accuracy did not improve. Need improvement from 79.39% 
Removed 1 record(s) with bn_number=3
Valid response received on attempt 1.
Selected baseline BN: 1

===================================================
Dataset: agentbn_train_subset_1.csv
===================================================
Accuracy: 79.39 %
Total: 330
Successes: 262
Failures: 68

Candidate 1: Accuracy = 0.7939, Failures = 68, Successes = 262
Patch:
[
  {
    "name": "BP",
    "cpt": {
      "parent_state_order": {
        "CO": [
          "LOW",
          "NORMAL",
          "HIGH"
        ],
        "TPR": [
          "LOW",
          "NORMAL",
          "HIGH"
        ]
      },
      "values": [
        [
          0.85,
          0.98,
          0.3,
          0.98,
          0.1,
          0.05,
          0.9,
          0.05,
          0.01
        ],
        [
          0.01,
          0.01,
          0.6,
          0.01,
          0.85,
          0.4,
          0.09,
          0.2,
          0.09
        ],
        [
          0.14,
          0.01,
          0.1,
          0.01,
          0.05,
          0.55,
          0.01,
          0.75,
          0.9
        ]
      ]
    }
  }
]

===================================================
Dataset: agentbn_train_subset_1.csv
===================================================
Accuracy: 76.06 %
Total: 330
Successes: 251
Failures: 79

Candidate 2: Accuracy = 0.7606, Failures = 79, Successes = 251
Patch:
[
  {
    "name": "BP",
    "cpt": {
      "parent_state_order": {
        "CO": [
          "LOW",
          "NORMAL",
          "HIGH"
        ],
        "TPR": [
          "LOW",
          "NORMAL",
          "HIGH"
        ]
      },
      "values": [
        [
          0.78,
          0.98,
          0.3,
          0.98,
          0.1,
          0.05,
          0.9,
          0.05,
          0.01
        ],
        [
          0.01,
          0.01,
          0.6,
          0.01,
          0.85,
          0.4,
          0.09,
          0.2,
          0.09
        ],
        [
          0.21,
          0.01,
          0.1,
          0.01,
          0.05,
          0.55,
          0.01,
          0.75,
          0.9
        ]
      ]
    }
  },
  {
    "name": "STROKEVOLUME",
    "cpt": {
      "parent_state_order": {
        "HYPOVOLEMIA": [
          "Hypovolemia",
          "No_Hypovolemia"
        ],
        "LVFAILURE": [
          "TRUE",
          "FALSE"
        ]
      },
      "values": [
        [
          0.98,
          0.55,
          0.95,
          0.05
        ],
        [
          0.01,
          0.43,
          0.04,
          0.9
        ],
        [
          0.01,
          0.02,
          0.01,
          0.05
        ]
      ]
    }
  }
]

===================================================
Dataset: agentbn_train_subset_1.csv
===================================================
Accuracy: 76.67 %
Total: 330
Successes: 253
Failures: 77

Candidate 3: Accuracy = 0.7667, Failures = 77, Successes = 253
Patch:
[
  {
    "name": "BP",
    "cpt": {
      "parent_state_order": {
        "CO": [
          "LOW",
          "NORMAL",
          "HIGH"
        ],
        "TPR": [
          "LOW",
          "NORMAL",
          "HIGH"
        ]
      },
      "values": [
        [
          0.82,
          0.98,
          0.3,
          0.98,
          0.1,
          0.05,
          0.9,
          0.05,
          0.01
        ],
        [
          0.01,
          0.01,
          0.6,
          0.01,
          0.85,
          0.4,
          0.09,
          0.2,
          0.09
        ],
        [
          0.17,
          0.01,
          0.1,
          0.01,
          0.05,
          0.55,
          0.01,
          0.75,
          0.9
        ]
      ]
    }
  },
  {
    "name": "STROKEVOLUME",
    "cpt": {
      "parent_state_order": {
        "HYPOVOLEMIA": [
          "Hypovolemia",
          "No_Hypovolemia"
        ],
        "LVFAILURE": [
          "TRUE",
          "FALSE"
        ]
      },
      "values": [
        [
          0.98,
          0.6,
          0.95,
          0.05
        ],
        [
          0.01,
          0.38,
          0.04,
          0.9
        ],
        [
          0.01,
          0.02,
          0.01,
          0.05
        ]
      ]
    }
  },
  {
    "name": "CO",
    "cpt": {
      "parent_state_order": {
        "HR": [
          "LOW",
          "NORMAL",
          "HIGH"
        ],
        "STROKEVOLUME": [
          "LOW",
          "NORMAL",
          "HIGH"
        ]
      },
      "values": [
        [
          0.98,
          0.95,
          0.3,
          0.95,
          0.04,
          0.01,
          0.68,
          0.01,
          0.01
        ],
        [
          0.01,
          0.04,
          0.69,
          0.04,
          0.95,
          0.3,
          0.31,
          0.04,
          0.01
        ],
        [
          0.01,
          0.01,
          0.01,
          0.01,
          0.01,
          0.69,
          0.01,
          0.95,
          0.98
        ]
      ]
    }
  }
]

========================================
BEST REFINEMENT CANDIDATE
========================================
Candidate 1
Accuracy: 0.7939
Failures: 68
Successes: 262

===================================================
Dataset: agentbn_train_subset_1.csv
===================================================
Accuracy: 79.39 %
Total: 330
Successes: 262
Failures: 68
Removed 1 record(s) with bn_number=3
Valid response received on attempt 1.
Selected baseline BN: 1

===================================================
Dataset: agentbn_train_subset_1.csv
===================================================
Accuracy: 79.39 %
Total: 330
Successes: 262
Failures: 68

Candidate 1: Accuracy = 0.7939, Failures = 68, Successes = 262
Patch:
[
  {
    "name": "BP",
    "cpt": {
      "parent_state_order": {
        "CO": [
          "LOW",
          "NORMAL",
          "HIGH"
        ],
        "TPR": [
          "LOW",
          "NORMAL",
          "HIGH"
        ]
      },
      "values": [
        [
          0.85,
          0.98,
          0.3,
          0.98,
          0.1,
          0.05,
          0.9,
          0.05,
          0.01
        ],
        [
          0.05,
          0.01,
          0.6,
          0.01,
          0.85,
          0.4,
          0.09,
          0.2,
          0.09
        ],
        [
          0.1,
          0.01,
          0.1,
          0.01,
          0.05,
          0.55,
          0.01,
          0.75,
          0.9
        ]
      ]
    }
  }
]

===================================================
Dataset: agentbn_train_subset_1.csv
===================================================
Accuracy: 76.67 %
Total: 330
Successes: 253
Failures: 77

Candidate 2: Accuracy = 0.7667, Failures = 77, Successes = 253
Patch:
[
  {
    "name": "BP",
    "cpt": {
      "parent_state_order": {
        "CO": [
          "LOW",
          "NORMAL",
          "HIGH"
        ],
        "TPR": [
          "LOW",
          "NORMAL",
          "HIGH"
        ]
      },
      "values": [
        [
          0.75,
          0.98,
          0.3,
          0.98,
          0.1,
          0.05,
          0.9,
          0.05,
          0.01
        ],
        [
          0.1,
          0.01,
          0.6,
          0.01,
          0.85,
          0.4,
          0.09,
          0.2,
          0.09
        ],
        [
          0.15,
          0.01,
          0.1,
          0.01,
          0.05,
          0.55,
          0.01,
          0.75,
          0.9
        ]
      ]
    }
  },
  {
    "name": "STROKEVOLUME",
    "cpt": {
      "parent_state_order": {
        "HYPOVOLEMIA": [
          "Hypovolemia",
          "No_Hypovolemia"
        ],
        "LVFAILURE": [
          "TRUE",
          "FALSE"
        ]
      },
      "values": [
        [
          0.98,
          0.55,
          0.95,
          0.05
        ],
        [
          0.01,
          0.4,
          0.04,
          0.9
        ],
        [
          0.01,
          0.05,
          0.01,
          0.05
        ]
      ]
    }
  }
]

===================================================
Dataset: agentbn_train_subset_1.csv
===================================================
Accuracy: 77.27 %
Total: 330
Successes: 255
Failures: 75

Candidate 3: Accuracy = 0.7727, Failures = 75, Successes = 255
Patch:
[
  {
    "name": "BP",
    "cpt": {
      "parent_state_order": {
        "CO": [
          "LOW",
          "NORMAL",
          "HIGH"
        ],
        "TPR": [
          "LOW",
          "NORMAL",
          "HIGH"
        ]
      },
      "values": [
        [
          0.8,
          0.98,
          0.3,
          0.98,
          0.1,
          0.05,
          0.9,
          0.05,
          0.01
        ],
        [
          0.05,
          0.01,
          0.6,
          0.01,
          0.85,
          0.4,
          0.09,
          0.2,
          0.09
        ],
        [
          0.15,
          0.01,
          0.1,
          0.01,
          0.05,
          0.55,
          0.01,
          0.75,
          0.9
        ]
      ]
    }
  },
  {
    "name": "STROKEVOLUME",
    "cpt": {
      "parent_state_order": {
        "HYPOVOLEMIA": [
          "Hypovolemia",
          "No_Hypovolemia"
        ],
        "LVFAILURE": [
          "TRUE",
          "FALSE"
        ]
      },
      "values": [
        [
          0.98,
          0.6,
          0.95,
          0.05
        ],
        [
          0.01,
          0.35,
          0.04,
          0.9
        ],
        [
          0.01,
          0.05,
          0.01,
          0.05
        ]
      ]
    }
  },
  {
    "name": "CO",
    "cpt": {
      "parent_state_order": {
        "HR": [
          "LOW",
          "NORMAL",
          "HIGH"
        ],
        "STROKEVOLUME": [
          "LOW",
          "NORMAL",
          "HIGH"
        ]
      },
      "values": [
        [
          0.98,
          0.95,
          0.3,
          0.95,
          0.04,
          0.01,
          0.65,
          0.01,
          0.01
        ],
        [
          0.01,
          0.04,
          0.69,
          0.04,
          0.95,
          0.3,
          0.3,
          0.04,
          0.01
        ],
        [
          0.01,
          0.01,
          0.01,
          0.01,
          0.01,
          0.69,
          0.05,
          0.95,
          0.98
        ]
      ]
    }
  }
]

========================================
BEST REFINEMENT CANDIDATE
========================================
Candidate 1
Accuracy: 0.7939
Failures: 68
Successes: 262

===================================================
Dataset: agentbn_train_subset_1.csv
===================================================
Accuracy: 79.39 %
Total: 330
Successes: 262
Failures: 68
Removed 1 record(s) with bn_number=3
Valid response received on attempt 1.
Selected baseline BN: 1

===================================================
Dataset: agentbn_train_subset_1.csv
===================================================
Accuracy: 79.39 %
Total: 330
Successes: 262
Failures: 68

Candidate 1: Accuracy = 0.7939, Failures = 68, Successes = 262
Patch:
[
  {
    "name": "BP",
    "cpt": {
      "parent_state_order": {
        "CO": [
          "LOW",
          "NORMAL",
          "HIGH"
        ],
        "TPR": [
          "LOW",
          "NORMAL",
          "HIGH"
        ]
      },
      "values": [
        [
          0.85,
          0.98,
          0.3,
          0.98,
          0.1,
          0.05,
          0.9,
          0.05,
          0.01
        ],
        [
          0.05,
          0.01,
          0.6,
          0.01,
          0.85,
          0.4,
          0.09,
          0.2,
          0.09
        ],
        [
          0.1,
          0.01,
          0.1,
          0.01,
          0.05,
          0.55,
          0.01,
          0.75,
          0.9
        ]
      ]
    }
  }
]

===================================================
Dataset: agentbn_train_subset_1.csv
===================================================
Accuracy: 76.36 %
Total: 330
Successes: 252
Failures: 78

Candidate 2: Accuracy = 0.7636, Failures = 78, Successes = 252
Patch:
[
  {
    "name": "BP",
    "cpt": {
      "parent_state_order": {
        "CO": [
          "LOW",
          "NORMAL",
          "HIGH"
        ],
        "TPR": [
          "LOW",
          "NORMAL",
          "HIGH"
        ]
      },
      "values": [
        [
          0.75,
          0.98,
          0.3,
          0.98,
          0.1,
          0.05,
          0.9,
          0.05,
          0.01
        ],
        [
          0.1,
          0.01,
          0.6,
          0.01,
          0.85,
          0.4,
          0.09,
          0.2,
          0.09
        ],
        [
          0.15,
          0.01,
          0.1,
          0.01,
          0.05,
          0.55,
          0.01,
          0.75,
          0.9
        ]
      ]
    }
  },
  {
    "name": "STROKEVOLUME",
    "cpt": {
      "parent_state_order": {
        "HYPOVOLEMIA": [
          "Hypovolemia",
          "No_Hypovolemia"
        ],
        "LVFAILURE": [
          "TRUE",
          "FALSE"
        ]
      },
      "values": [
        [
          0.98,
          0.6,
          0.95,
          0.05
        ],
        [
          0.01,
          0.39,
          0.04,
          0.9
        ],
        [
          0.01,
          0.01,
          0.01,
          0.05
        ]
      ]
    }
  }
]

===================================================
Dataset: agentbn_train_subset_1.csv
===================================================
Accuracy: 76.67 %
Total: 330
Successes: 253
Failures: 77

Candidate 3: Accuracy = 0.7667, Failures = 77, Successes = 253
Patch:
[
  {
    "name": "BP",
    "cpt": {
      "parent_state_order": {
        "CO": [
          "LOW",
          "NORMAL",
          "HIGH"
        ],
        "TPR": [
          "LOW",
          "NORMAL",
          "HIGH"
        ]
      },
      "values": [
        [
          0.8,
          0.98,
          0.3,
          0.98,
          0.1,
          0.05,
          0.9,
          0.05,
          0.01
        ],
        [
          0.08,
          0.01,
          0.6,
          0.01,
          0.85,
          0.4,
          0.09,
          0.2,
          0.09
        ],
        [
          0.12,
          0.01,
          0.1,
          0.01,
          0.05,
          0.55,
          0.01,
          0.75,
          0.9
        ]
      ]
    }
  },
  {
    "name": "STROKEVOLUME",
    "cpt": {
      "parent_state_order": {
        "HYPOVOLEMIA": [
          "Hypovolemia",
          "No_Hypovolemia"
        ],
        "LVFAILURE": [
          "TRUE",
          "FALSE"
        ]
      },
      "values": [
        [
          0.98,
          0.5,
          0.95,
          0.05
        ],
        [
          0.01,
          0.49,
          0.04,
          0.9
        ],
        [
          0.01,
          0.01,
          0.01,
          0.05
        ]
      ]
    }
  },
  {
    "name": "CO",
    "cpt": {
      "parent_state_order": {
        "HR": [
          "LOW",
          "NORMAL",
          "HIGH"
        ],
        "STROKEVOLUME": [
          "LOW",
          "NORMAL",
          "HIGH"
        ]
      },
      "values": [
        [
          0.98,
          0.95,
          0.3,
          0.95,
          0.04,
          0.01,
          0.7,
          0.01,
          0.01
        ],
        [
          0.01,
          0.04,
          0.69,
          0.04,
          0.95,
          0.3,
          0.29,
          0.04,
          0.01
        ],
        [
          0.01,
          0.01,
          0.01,
          0.01,
          0.01,
          0.69,
          0.01,
          0.95,
          0.98
        ]
      ]
    }
  }
]

========================================
BEST REFINEMENT CANDIDATE
========================================
Candidate 1
Accuracy: 0.7939
Failures: 68
Successes: 262

===================================================
Dataset: agentbn_train_subset_1.csv
===================================================
Accuracy: 79.39 %
Total: 330
Successes: 262
Failures: 68

No improvement after 3 retries. Selecting best retry candidate (accuracy=79.39%).
Removed 1 record(s) with bn_number=3
Continuing with retry candidate (accuracy=79.39%).

===== ITERATION 3 =====

===================================================
Dataset: agentbn_train_subset_1.csv
===================================================
Accuracy: 79.39 %
Total: 330
Successes: 262
Failures: 68

Activation trace saved to /home/shamim_ist/AgentBN/workspace/alarm/activation_trace.csv
Failure parameter statistics saved to '/home/shamim_ist/AgentBN/workspace/alarm/failure_parameter_statistics.json'
Valid response received on attempt 1.
Valid response received on attempt 1.
Valid response received on attempt 1.

===================================================

Accuracy: 79.39%

Workflow analysis for BN #3 stored in /home/shamim_ist/AgentBN/workspace/alarm/bn_analysis.json
Valid response received on attempt 1.
Selected baseline BN: 1

===================================================
Dataset: agentbn_train_subset_1.csv
===================================================
Accuracy: 79.39 %
Total: 330
Successes: 262
Failures: 68

Candidate 1: Accuracy = 0.7939, Failures = 68, Successes = 262
Patch:
[
  {
    "name": "BP",
    "cpt": {
      "parent_state_order": {
        "CO": [
          "LOW",
          "NORMAL",
          "HIGH"
        ],
        "TPR": [
          "LOW",
          "NORMAL",
          "HIGH"
        ]
      },
      "values": [
        [
          0.9,
          0.98,
          0.3,
          0.98,
          0.1,
          0.05,
          0.9,
          0.05,
          0.01
        ],
        [
          0.05,
          0.01,
          0.6,
          0.01,
          0.85,
          0.4,
          0.09,
          0.2,
          0.09
        ],
        [
          0.05,
          0.01,
          0.1,
          0.01,
          0.05,
          0.55,
          0.01,
          0.75,
          0.9
        ]
      ]
    }
  }
]

===================================================
Dataset: agentbn_train_subset_1.csv
===================================================
Accuracy: 76.67 %
Total: 330
Successes: 253
Failures: 77

Candidate 2: Accuracy = 0.7667, Failures = 77, Successes = 253
Patch:
[
  {
    "name": "BP",
    "cpt": {
      "parent_state_order": {
        "CO": [
          "LOW",
          "NORMAL",
          "HIGH"
        ],
        "TPR": [
          "LOW",
          "NORMAL",
          "HIGH"
        ]
      },
      "values": [
        [
          0.82,
          0.98,
          0.3,
          0.98,
          0.1,
          0.05,
          0.9,
          0.05,
          0.01
        ],
        [
          0.08,
          0.01,
          0.6,
          0.01,
          0.85,
          0.4,
          0.09,
          0.2,
          0.09
        ],
        [
          0.1,
          0.01,
          0.1,
          0.01,
          0.05,
          0.55,
          0.01,
          0.75,
          0.9
        ]
      ]
    }
  },
  {
    "name": "STROKEVOLUME",
    "cpt": {
      "parent_state_order": {
        "HYPOVOLEMIA": [
          "Hypovolemia",
          "No_Hypovolemia"
        ],
        "LVFAILURE": [
          "TRUE",
          "FALSE"
        ]
      },
      "values": [
        [
          0.98,
          0.55,
          0.95,
          0.05
        ],
        [
          0.01,
          0.4,
          0.04,
          0.9
        ],
        [
          0.01,
          0.05,
          0.01,
          0.05
        ]
      ]
    }
  }
]

===================================================
Dataset: agentbn_train_subset_1.csv
===================================================
Accuracy: 76.67 %
Total: 330
Successes: 253
Failures: 77

Candidate 3: Accuracy = 0.7667, Failures = 77, Successes = 253
Patch:
[
  {
    "name": "BP",
    "cpt": {
      "parent_state_order": {
        "CO": [
          "LOW",
          "NORMAL",
          "HIGH"
        ],
        "TPR": [
          "LOW",
          "NORMAL",
          "HIGH"
        ]
      },
      "values": [
        [
          0.78,
          0.98,
          0.3,
          0.98,
          0.1,
          0.05,
          0.9,
          0.05,
          0.01
        ],
        [
          0.1,
          0.01,
          0.6,
          0.01,
          0.85,
          0.4,
          0.09,
          0.2,
          0.09
        ],
        [
          0.12,
          0.01,
          0.1,
          0.01,
          0.05,
          0.55,
          0.01,
          0.75,
          0.9
        ]
      ]
    }
  },
  {
    "name": "STROKEVOLUME",
    "cpt": {
      "parent_state_order": {
        "HYPOVOLEMIA": [
          "Hypovolemia",
          "No_Hypovolemia"
        ],
        "LVFAILURE": [
          "TRUE",
          "FALSE"
        ]
      },
      "values": [
        [
          0.98,
          0.45,
          0.95,
          0.05
        ],
        [
          0.01,
          0.48,
          0.04,
          0.9
        ],
        [
          0.01,
          0.07,
          0.01,
          0.05
        ]
      ]
    }
  },
  {
    "name": "CO",
    "cpt": {
      "parent_state_order": {
        "HR": [
          "LOW",
          "NORMAL",
          "HIGH"
        ],
        "STROKEVOLUME": [
          "LOW",
          "NORMAL",
          "HIGH"
        ]
      },
      "values": [
        [
          0.98,
          0.95,
          0.3,
          0.95,
          0.04,
          0.01,
          0.65,
          0.01,
          0.01
        ],
        [
          0.01,
          0.04,
          0.69,
          0.04,
          0.95,
          0.3,
          0.3,
          0.04,
          0.01
        ],
        [
          0.01,
          0.01,
          0.01,
          0.01,
          0.01,
          0.69,
          0.05,
          0.95,
          0.98
        ]
      ]
    }
  }
]

========================================
BEST REFINEMENT CANDIDATE
========================================
Candidate 1
Accuracy: 0.7939
Failures: 68
Successes: 262

===================================================
Dataset: agentbn_train_subset_1.csv
===================================================
Accuracy: 79.39 %
Total: 330
Successes: 262
Failures: 68

Accuracy did not improve. Need improvement from 79.39% 
Removed 1 record(s) with bn_number=4
Valid response received on attempt 1.
Selected baseline BN: 1

===================================================
Dataset: agentbn_train_subset_1.csv
===================================================
Accuracy: 79.39 %
Total: 330
Successes: 262
Failures: 68

Candidate 1: Accuracy = 0.7939, Failures = 68, Successes = 262
Patch:
[
  {
    "name": "BP",
    "cpt": {
      "parent_state_order": {
        "CO": [
          "LOW",
          "NORMAL",
          "HIGH"
        ],
        "TPR": [
          "LOW",
          "NORMAL",
          "HIGH"
        ]
      },
      "values": [
        [
          0.9,
          0.98,
          0.3,
          0.98,
          0.1,
          0.05,
          0.9,
          0.05,
          0.01
        ],
        [
          0.01,
          0.01,
          0.6,
          0.01,
          0.85,
          0.4,
          0.09,
          0.2,
          0.09
        ],
        [
          0.09,
          0.01,
          0.1,
          0.01,
          0.05,
          0.55,
          0.01,
          0.75,
          0.9
        ]
      ]
    }
  }
]

===================================================
Dataset: agentbn_train_subset_1.csv
===================================================
Accuracy: 76.06 %
Total: 330
Successes: 251
Failures: 79

Candidate 2: Accuracy = 0.7606, Failures = 79, Successes = 251
Patch:
[
  {
    "name": "BP",
    "cpt": {
      "parent_state_order": {
        "CO": [
          "LOW",
          "NORMAL",
          "HIGH"
        ],
        "TPR": [
          "LOW",
          "NORMAL",
          "HIGH"
        ]
      },
      "values": [
        [
          0.82,
          0.98,
          0.3,
          0.98,
          0.1,
          0.05,
          0.9,
          0.05,
          0.01
        ],
        [
          0.01,
          0.01,
          0.6,
          0.01,
          0.85,
          0.4,
          0.09,
          0.2,
          0.09
        ],
        [
          0.17,
          0.01,
          0.1,
          0.01,
          0.05,
          0.55,
          0.01,
          0.75,
          0.9
        ]
      ]
    }
  },
  {
    "name": "STROKEVOLUME",
    "cpt": {
      "parent_state_order": {
        "HYPOVOLEMIA": [
          "Hypovolemia",
          "No_Hypovolemia"
        ],
        "LVFAILURE": [
          "TRUE",
          "FALSE"
        ]
      },
      "values": [
        [
          0.98,
          0.55,
          0.95,
          0.05
        ],
        [
          0.01,
          0.42,
          0.04,
          0.9
        ],
        [
          0.01,
          0.03,
          0.01,
          0.05
        ]
      ]
    }
  }
]

===================================================
Dataset: agentbn_train_subset_1.csv
===================================================
Accuracy: 76.97 %
Total: 330
Successes: 254
Failures: 76

Candidate 3: Accuracy = 0.7697, Failures = 76, Successes = 254
Patch:
[
  {
    "name": "BP",
    "cpt": {
      "parent_state_order": {
        "CO": [
          "LOW",
          "NORMAL",
          "HIGH"
        ],
        "TPR": [
          "LOW",
          "NORMAL",
          "HIGH"
        ]
      },
      "values": [
        [
          0.88,
          0.98,
          0.3,
          0.98,
          0.1,
          0.05,
          0.9,
          0.05,
          0.01
        ],
        [
          0.01,
          0.01,
          0.6,
          0.01,
          0.85,
          0.4,
          0.09,
          0.2,
          0.09
        ],
        [
          0.11,
          0.01,
          0.1,
          0.01,
          0.05,
          0.55,
          0.01,
          0.75,
          0.9
        ]
      ]
    }
  },
  {
    "name": "STROKEVOLUME",
    "cpt": {
      "parent_state_order": {
        "HYPOVOLEMIA": [
          "Hypovolemia",
          "No_Hypovolemia"
        ],
        "LVFAILURE": [
          "TRUE",
          "FALSE"
        ]
      },
      "values": [
        [
          0.98,
          0.6,
          0.95,
          0.05
        ],
        [
          0.01,
          0.37,
          0.04,
          0.9
        ],
        [
          0.01,
          0.03,
          0.01,
          0.05
        ]
      ]
    }
  },
  {
    "name": "CO",
    "cpt": {
      "parent_state_order": {
        "HR": [
          "LOW",
          "NORMAL",
          "HIGH"
        ],
        "STROKEVOLUME": [
          "LOW",
          "NORMAL",
          "HIGH"
        ]
      },
      "values": [
        [
          0.98,
          0.95,
          0.3,
          0.95,
          0.04,
          0.01,
          0.7,
          0.01,
          0.01
        ],
        [
          0.01,
          0.04,
          0.69,
          0.04,
          0.95,
          0.3,
          0.29,
          0.04,
          0.01
        ],
        [
          0.01,
          0.01,
          0.01,
          0.01,
          0.01,
          0.69,
          0.01,
          0.95,
          0.98
        ]
      ]
    }
  }
]

========================================
BEST REFINEMENT CANDIDATE
========================================
Candidate 1
Accuracy: 0.7939
Failures: 68
Successes: 262

===================================================
Dataset: agentbn_train_subset_1.csv
===================================================
Accuracy: 79.39 %
Total: 330
Successes: 262
Failures: 68
Removed 1 record(s) with bn_number=4
Valid response received on attempt 1.
Selected baseline BN: 1

===================================================
Dataset: agentbn_train_subset_1.csv
===================================================
Accuracy: 79.39 %
Total: 330
Successes: 262
Failures: 68

Candidate 1: Accuracy = 0.7939, Failures = 68, Successes = 262
Patch:
[
  {
    "name": "BP",
    "cpt": {
      "parent_state_order": {
        "CO": [
          "LOW",
          "NORMAL",
          "HIGH"
        ],
        "TPR": [
          "LOW",
          "NORMAL",
          "HIGH"
        ]
      },
      "values": [
        [
          0.9,
          0.98,
          0.3,
          0.98,
          0.1,
          0.05,
          0.9,
          0.05,
          0.01
        ],
        [
          0.05,
          0.01,
          0.6,
          0.01,
          0.85,
          0.4,
          0.09,
          0.2,
          0.09
        ],
        [
          0.05,
          0.01,
          0.1,
          0.01,
          0.05,
          0.55,
          0.01,
          0.75,
          0.9
        ]
      ]
    }
  }
]

===================================================
Dataset: agentbn_train_subset_1.csv
===================================================
Accuracy: 76.67 %
Total: 330
Successes: 253
Failures: 77

Candidate 2: Accuracy = 0.7667, Failures = 77, Successes = 253
Patch:
[
  {
    "name": "STROKEVOLUME",
    "cpt": {
      "parent_state_order": {
        "HYPOVOLEMIA": [
          "Hypovolemia",
          "No_Hypovolemia"
        ],
        "LVFAILURE": [
          "TRUE",
          "FALSE"
        ]
      },
      "values": [
        [
          0.98,
          0.55,
          0.95,
          0.05
        ],
        [
          0.01,
          0.4,
          0.04,
          0.9
        ],
        [
          0.01,
          0.05,
          0.01,
          0.05
        ]
      ]
    }
  },
  {
    "name": "CO",
    "cpt": {
      "parent_state_order": {
        "HR": [
          "LOW",
          "NORMAL",
          "HIGH"
        ],
        "STROKEVOLUME": [
          "LOW",
          "NORMAL",
          "HIGH"
        ]
      },
      "values": [
        [
          0.98,
          0.95,
          0.3,
          0.95,
          0.04,
          0.01,
          0.65,
          0.01,
          0.01
        ],
        [
          0.01,
          0.04,
          0.69,
          0.04,
          0.95,
          0.3,
          0.3,
          0.04,
          0.01
        ],
        [
          0.01,
          0.01,
          0.01,
          0.01,
          0.01,
          0.69,
          0.05,
          0.95,
          0.98
        ]
      ]
    }
  },
  {
    "name": "BP",
    "cpt": {
      "parent_state_order": {
        "CO": [
          "LOW",
          "NORMAL",
          "HIGH"
        ],
        "TPR": [
          "LOW",
          "NORMAL",
          "HIGH"
        ]
      },
      "values": [
        [
          0.88,
          0.98,
          0.3,
          0.98,
          0.1,
          0.05,
          0.9,
          0.05,
          0.01
        ],
        [
          0.06,
          0.01,
          0.6,
          0.01,
          0.85,
          0.4,
          0.09,
          0.2,
          0.09
        ],
        [
          0.06,
          0.01,
          0.1,
          0.01,
          0.05,
          0.55,
          0.01,
          0.75,
          0.9
        ]
      ]
    }
  }
]

===================================================
Dataset: agentbn_train_subset_1.csv
===================================================
Accuracy: 76.67 %
Total: 330
Successes: 253
Failures: 77

Candidate 3: Accuracy = 0.7667, Failures = 77, Successes = 253
Patch:
[
  {
    "name": "STROKEVOLUME",
    "cpt": {
      "parent_state_order": {
        "HYPOVOLEMIA": [
          "Hypovolemia",
          "No_Hypovolemia"
        ],
        "LVFAILURE": [
          "TRUE",
          "FALSE"
        ]
      },
      "values": [
        [
          0.98,
          0.45,
          0.95,
          0.05
        ],
        [
          0.01,
          0.45,
          0.04,
          0.9
        ],
        [
          0.01,
          0.1,
          0.01,
          0.05
        ]
      ]
    }
  },
  {
    "name": "CO",
    "cpt": {
      "parent_state_order": {
        "HR": [
          "LOW",
          "NORMAL",
          "HIGH"
        ],
        "STROKEVOLUME": [
          "LOW",
          "NORMAL",
          "HIGH"
        ]
      },
      "values": [
        [
          0.98,
          0.95,
          0.3,
          0.95,
          0.04,
          0.01,
          0.5,
          0.01,
          0.01
        ],
        [
          0.01,
          0.04,
          0.69,
          0.04,
          0.95,
          0.3,
          0.35,
          0.04,
          0.01
        ],
        [
          0.01,
          0.01,
          0.01,
          0.01,
          0.01,
          0.69,
          0.15,
          0.95,
          0.98
        ]
      ]
    }
  },
  {
    "name": "BP",
    "cpt": {
      "parent_state_order": {
        "CO": [
          "LOW",
          "NORMAL",
          "HIGH"
        ],
        "TPR": [
          "LOW",
          "NORMAL",
          "HIGH"
        ]
      },
      "values": [
        [
          0.75,
          0.98,
          0.3,
          0.98,
          0.1,
          0.05,
          0.9,
          0.05,
          0.01
        ],
        [
          0.1,
          0.01,
          0.6,
          0.01,
          0.85,
          0.4,
          0.09,
          0.2,
          0.09
        ],
        [
          0.15,
          0.01,
          0.1,
          0.01,
          0.05,
          0.55,
          0.01,
          0.75,
          0.9
        ]
      ]
    }
  }
]

========================================
BEST REFINEMENT CANDIDATE
========================================
Candidate 1
Accuracy: 0.7939
Failures: 68
Successes: 262

===================================================
Dataset: agentbn_train_subset_1.csv
===================================================
Accuracy: 79.39 %
Total: 330
Successes: 262
Failures: 68
Removed 1 record(s) with bn_number=4
Valid response received on attempt 1.
Selected baseline BN: 1

===================================================
Dataset: agentbn_train_subset_1.csv
===================================================
Accuracy: 79.39 %
Total: 330
Successes: 262
Failures: 68

Candidate 1: Accuracy = 0.7939, Failures = 68, Successes = 262
Patch:
[
  {
    "name": "BP",
    "cpt": {
      "parent_state_order": {
        "CO": [
          "LOW",
          "NORMAL",
          "HIGH"
        ],
        "TPR": [
          "LOW",
          "NORMAL",
          "HIGH"
        ]
      },
      "values": [
        [
          0.85,
          0.98,
          0.3,
          0.98,
          0.1,
          0.05,
          0.9,
          0.05,
          0.01
        ],
        [
          0.01,
          0.01,
          0.6,
          0.01,
          0.85,
          0.4,
          0.09,
          0.2,
          0.09
        ],
        [
          0.14,
          0.01,
          0.1,
          0.01,
          0.05,
          0.55,
          0.01,
          0.75,
          0.9
        ]
      ]
    }
  }
]

===================================================
Dataset: agentbn_train_subset_1.csv
===================================================
Accuracy: 76.67 %
Total: 330
Successes: 253
Failures: 77

Candidate 2: Accuracy = 0.7667, Failures = 77, Successes = 253
Patch:
[
  {
    "name": "STROKEVOLUME",
    "cpt": {
      "parent_state_order": {
        "HYPOVOLEMIA": [
          "Hypovolemia",
          "No_Hypovolemia"
        ],
        "LVFAILURE": [
          "TRUE",
          "FALSE"
        ]
      },
      "values": [
        [
          0.98,
          0.55,
          0.95,
          0.05
        ],
        [
          0.01,
          0.4,
          0.04,
          0.9
        ],
        [
          0.01,
          0.05,
          0.01,
          0.05
        ]
      ]
    }
  },
  {
    "name": "CO",
    "cpt": {
      "parent_state_order": {
        "HR": [
          "LOW",
          "NORMAL",
          "HIGH"
        ],
        "STROKEVOLUME": [
          "LOW",
          "NORMAL",
          "HIGH"
        ]
      },
      "values": [
        [
          0.98,
          0.95,
          0.3,
          0.95,
          0.04,
          0.65,
          0.8,
          0.01,
          0.01
        ],
        [
          0.01,
          0.04,
          0.69,
          0.04,
          0.95,
          0.34,
          0.19,
          0.04,
          0.01
        ],
        [
          0.01,
          0.01,
          0.01,
          0.01,
          0.01,
          0.01,
          0.01,
          0.95,
          0.98
        ]
      ]
    }
  },
  {
    "name": "BP",
    "cpt": {
      "parent_state_order": {
        "CO": [
          "LOW",
          "NORMAL",
          "HIGH"
        ],
        "TPR": [
          "LOW",
          "NORMAL",
          "HIGH"
        ]
      },
      "values": [
        [
          0.88,
          0.98,
          0.3,
          0.98,
          0.1,
          0.05,
          0.9,
          0.05,
          0.01
        ],
        [
          0.01,
          0.01,
          0.6,
          0.01,
          0.85,
          0.4,
          0.09,
          0.2,
          0.09
        ],
        [
          0.11,
          0.01,
          0.1,
          0.01,
          0.05,
          0.55,
          0.01,
          0.75,
          0.9
        ]
      ]
    }
  }
]

===================================================
Dataset: agentbn_train_subset_1.csv
===================================================
Accuracy: 76.67 %
Total: 330
Successes: 253
Failures: 77

Candidate 3: Accuracy = 0.7667, Failures = 77, Successes = 253
Patch:
[
  {
    "name": "STROKEVOLUME",
    "cpt": {
      "parent_state_order": {
        "HYPOVOLEMIA": [
          "Hypovolemia",
          "No_Hypovolemia"
        ],
        "LVFAILURE": [
          "TRUE",
          "FALSE"
        ]
      },
      "values": [
        [
          0.98,
          0.45,
          0.95,
          0.05
        ],
        [
          0.01,
          0.48,
          0.04,
          0.9
        ],
        [
          0.01,
          0.07,
          0.01,
          0.05
        ]
      ]
    }
  },
  {
    "name": "CO",
    "cpt": {
      "parent_state_order": {
        "HR": [
          "LOW",
          "NORMAL",
          "HIGH"
        ],
        "STROKEVOLUME": [
          "LOW",
          "NORMAL",
          "HIGH"
        ]
      },
      "values": [
        [
          0.98,
          0.95,
          0.3,
          0.95,
          0.04,
          0.5,
          0.8,
          0.01,
          0.01
        ],
        [
          0.01,
          0.04,
          0.69,
          0.04,
          0.95,
          0.45,
          0.19,
          0.04,
          0.01
        ],
        [
          0.01,
          0.01,
          0.01,
          0.01,
          0.01,
          0.05,
          0.01,
          0.95,
          0.98
        ]
      ]
    }
  },
  {
    "name": "BP",
    "cpt": {
      "parent_state_order": {
        "CO": [
          "LOW",
          "NORMAL",
          "HIGH"
        ],
        "TPR": [
          "LOW",
          "NORMAL",
          "HIGH"
        ]
      },
      "values": [
        [
          0.7,
          0.98,
          0.3,
          0.98,
          0.1,
          0.05,
          0.9,
          0.05,
          0.01
        ],
        [
          0.01,
          0.01,
          0.6,
          0.01,
          0.85,
          0.4,
          0.09,
          0.2,
          0.09
        ],
        [
          0.29,
          0.01,
          0.1,
          0.01,
          0.05,
          0.55,
          0.01,
          0.75,
          0.9
        ]
      ]
    }
  }
]

========================================
BEST REFINEMENT CANDIDATE
========================================
Candidate 1
Accuracy: 0.7939
Failures: 68
Successes: 262

===================================================
Dataset: agentbn_train_subset_1.csv
===================================================
Accuracy: 79.39 %
Total: 330
Successes: 262
Failures: 68

No improvement after 3 retries. Selecting best retry candidate (accuracy=79.39%).
Removed 1 record(s) with bn_number=4
Continuing with retry candidate (accuracy=79.39%).

===================================================
Dataset: agentbn_train_subset_1.csv
===================================================
Accuracy: 76.06 %
Total: 330
Successes: 251
Failures: 79

===================================================
Dataset: agentbn_train_subset_1.csv
===================================================
Accuracy: 79.39 %
Total: 330
Successes: 262
Failures: 68

===================================================
Dataset: agentbn_train_subset_1.csv
===================================================
Accuracy: 79.39 %
Total: 330
Successes: 262
Failures: 68

===================================================
Dataset: agentbn_train_subset_1.csv
===================================================
Accuracy: 79.39 %
Total: 330
Successes: 262
Failures: 68

===================================================
Dataset: agentbn_train_subset_1.csv
===================================================
Accuracy: 79.39 %
Total: 330
Successes: 262
Failures: 68


Best BN Number: 4
Best BN Accuracy: 0.793939393939394
Saved CPT identity comparison to /home/shamim_ist/AgentBN/workspace/alarm/cpt_comparison_analysis.json
BN number: 4
Agent change verdict: poor
Expected changed CPTs: ['HYPOVOLEMIA', 'LVEDVOLUME']
Agent changed CPTs: ['BP', 'STROKEVOLUME']
Unexpected changed CPTs: ['BP', 'STROKEVOLUME']
{'bn_number': 4, 'agent_changed_cpt_count': 2, 'agent_changed_cpts': ['BP', 'STROKEVOLUME'], 'agent_change_report': {'verdict': 'poor', 'total_cpts': 37, 'expected_changed_count': 2, 'expected_changed_cpts': ['HYPOVOLEMIA', 'LVEDVOLUME'], 'agent_changed_count': 2, 'agent_changed_cpts': ['BP', 'STROKEVOLUME'], 'matched_expected_count': 0, 'matched_expected_cpts': [], 'missed_expected_count': 2, 'missed_expected_cpts': ['HYPOVOLEMIA', 'LVEDVOLUME'], 'unexpected_changed_count': 2, 'unexpected_changed_cpts': ['BP', 'STROKEVOLUME'], 'unflawed_cpt_count': 35, 'untouched_unflawed_count': 33, 'untouched_unflawed_cpts': ['ANAPHYLAXIS', 'ARTCO2', 'CATECHOL', 'CO', 'CVP', 'DISCONNECT', 'ERRCAUTER', 'ERRLOWOUTPUT', 'EXPCO2', 'FIO2', 'HISTORY', 'HR', 'HRBP', 'HREKG', 'HRSAT', 'INSUFFANESTH', 'INTUBATION', 'KINKEDTUBE', 'LVFAILURE', 'MINVOL', 'MINVOLSET', 'PAP', 'PCWP', 'PRESS', 'PULMEMBOLUS', 'PVSAT', 'SAO2', 'SHUNT', 'TPR', 'VENTALV', 'VENTLUNG', 'VENTMACH', 'VENTTUBE'], 'expected_change_recall': 0.0, 'unexpected_change_rate': 0.0571, 'unflawed_preservation_rate': 0.9429}}
======================================================================
BP                             0.00569621
  Column 0:
    Flawed : [0.98 0.01 0.01]
    Prop   : [0.9  0.05 0.05]
    GT     : [0.98 0.01 0.01]
----------------------------------------------------------------------
HYPOVOLEMIA                    0.07144859
  Column 0:
    Flawed : [0.08 0.92]
    Prop   : [0.08 0.92]
    GT     : [0.2 0.8]
----------------------------------------------------------------------
LVEDVOLUME                     0.14659557
  Column 0:
    Flawed : [0.65 0.33 0.02]
    Prop   : [0.65 0.33 0.02]
    GT     : [0.95 0.04 0.01]
  Column 2:
    Flawed : [0.68 0.3  0.02]
    Prop   : [0.68 0.3  0.02]
    GT     : [0.98 0.01 0.01]
----------------------------------------------------------------------
STROKEVOLUME                   0.02219522
  Column 1:
    Flawed : [0.5  0.49 0.01]
    Prop   : [0.7  0.29 0.01]
    GT     : [0.5  0.49 0.01]
----------------------------------------------------------------------
======================================================================
Overall Average CPT KL = 0.00328345
======================================================================
BP                             RMSE = 0.01885618
  Column 0:
    Flawed : [0.98 0.01 0.01]
    Prop   : [0.9  0.05 0.05]
    GT     : [0.98 0.01 0.01]
----------------------------------------------------------------------
HYPOVOLEMIA                    RMSE = 0.12000000
  Column 0:
    Flawed : [0.08 0.92]
    Prop   : [0.08 0.92]
    GT     : [0.2 0.8]
----------------------------------------------------------------------
LVEDVOLUME                     RMSE = 0.17039171
  Column 0:
    Flawed : [0.65 0.33 0.02]
    Prop   : [0.65 0.33 0.02]
    GT     : [0.95 0.04 0.01]
  Column 2:
    Flawed : [0.68 0.3  0.02]
    Prop   : [0.68 0.3  0.02]
    GT     : [0.98 0.01 0.01]
----------------------------------------------------------------------
STROKEVOLUME                   RMSE = 0.08164966
  Column 1:
    Flawed : [0.5  0.49 0.01]
    Prop   : [0.7  0.29 0.01]
    GT     : [0.5  0.49 0.01]
----------------------------------------------------------------------
======================================================================
Overall CPT RMSE = 0.02491475
======================================================================
BP                             Hellinger = 0.01411159
  Column 0:
    Flawed : [0.98 0.01 0.01]
    Prop   : [0.9  0.05 0.05]
    GT     : [0.98 0.01 0.01]
----------------------------------------------------------------------
HYPOVOLEMIA                    Hellinger = 0.12491785
  Column 0:
    Flawed : [0.08 0.92]
    Prop   : [0.08 0.92]
    GT     : [0.2 0.8]
----------------------------------------------------------------------
LVEDVOLUME                     Hellinger = 0.15764108
  Column 0:
    Flawed : [0.65 0.33 0.02]
    Prop   : [0.65 0.33 0.02]
    GT     : [0.95 0.04 0.01]
  Column 2:
    Flawed : [0.68 0.3  0.02]
    Prop   : [0.68 0.3  0.02]
    GT     : [0.98 0.01 0.01]
----------------------------------------------------------------------
STROKEVOLUME                   Hellinger = 0.03659789
  Column 1:
    Flawed : [0.5  0.49 0.01]
    Prop   : [0.7  0.29 0.01]
    GT     : [0.5  0.49 0.01]
----------------------------------------------------------------------
======================================================================
Overall Average Hellinger = 0.00423407
###------------------------------###

Restart 0 finished.
###------------------------------###

==============================
PIPELINE RESTART #1
==============================
Cleared: /home/shamim_ist/AgentBN/workspace/alarm/bn_analysis.json
Cleared: /home/shamim_ist/AgentBN/workspace/alarm/last_proposed_bn.jsonl
Cleared: /home/shamim_ist/AgentBN/workspace/alarm/path_diagnostic_report.json
Cleared: /home/shamim_ist/AgentBN/workspace/alarm/cpt_localization_report.json
Cleared: /home/shamim_ist/AgentBN/workspace/alarm/refinement_recommendation.json
Cleared: /home/shamim_ist/AgentBN/workspace/alarm/failure_parameter_statistics.json

===================================================
Dataset: agentbn_train_subset_1.csv
===================================================
Accuracy: 76.06 %
Total: 330
Successes: 251
Failures: 79
Flawed BN Accuracy: 76.06%
Initial Acceptance Threshold: 83.24%

Initial Generation Attempt 0

Activation trace saved to /home/shamim_ist/AgentBN/workspace/alarm/activation_trace.csv
Failure parameter statistics saved to '/home/shamim_ist/AgentBN/workspace/alarm/failure_parameter_statistics.json'
Valid response received on attempt 1.
Valid response received on attempt 1.
Valid response received on attempt 1.

===================================================

Accuracy: 76.06%

Workflow analysis for BN #0 stored in /home/shamim_ist/AgentBN/workspace/alarm/bn_analysis.json
Valid response received on attempt 1.
Selected baseline BN: 0

===================================================
Dataset: agentbn_train_subset_1.csv
===================================================
Accuracy: 76.67 %
Total: 330
Successes: 253
Failures: 77

Candidate 1: Accuracy = 0.7667, Failures = 77, Successes = 253
Patch:
[
  {
    "name": "STROKEVOLUME",
    "cpt": {
      "parent_state_order": {
        "HYPOVOLEMIA": [
          "Hypovolemia",
          "No_Hypovolemia"
        ],
        "LVFAILURE": [
          "TRUE",
          "FALSE"
        ]
      },
      "values": [
        [
          0.98,
          0.35,
          0.95,
          0.05
        ],
        [
          0.01,
          0.6,
          0.04,
          0.9
        ],
        [
          0.01,
          0.05,
          0.01,
          0.05
        ]
      ]
    }
  }
]

===================================================
Dataset: agentbn_train_subset_1.csv
===================================================
Accuracy: 76.06 %
Total: 330
Successes: 251
Failures: 79

Candidate 2: Accuracy = 0.7606, Failures = 79, Successes = 251
Patch:
[
  {
    "name": "CO",
    "cpt": {
      "parent_state_order": {
        "HR": [
          "LOW",
          "NORMAL",
          "HIGH"
        ],
        "STROKEVOLUME": [
          "LOW",
          "NORMAL",
          "HIGH"
        ]
      },
      "values": [
        [
          0.98,
          0.95,
          0.3,
          0.95,
          0.04,
          0.01,
          0.65,
          0.01,
          0.01
        ],
        [
          0.01,
          0.04,
          0.69,
          0.04,
          0.95,
          0.3,
          0.3,
          0.04,
          0.01
        ],
        [
          0.01,
          0.01,
          0.01,
          0.01,
          0.01,
          0.69,
          0.05,
          0.95,
          0.98
        ]
      ]
    }
  }
]

===================================================
Dataset: agentbn_train_subset_1.csv
===================================================
Accuracy: 76.67 %
Total: 330
Successes: 253
Failures: 77

Candidate 3: Accuracy = 0.7667, Failures = 77, Successes = 253
Patch:
[
  {
    "name": "STROKEVOLUME",
    "cpt": {
      "parent_state_order": {
        "HYPOVOLEMIA": [
          "Hypovolemia",
          "No_Hypovolemia"
        ],
        "LVFAILURE": [
          "TRUE",
          "FALSE"
        ]
      },
      "values": [
        [
          0.98,
          0.4,
          0.95,
          0.05
        ],
        [
          0.01,
          0.56,
          0.04,
          0.9
        ],
        [
          0.01,
          0.04,
          0.01,
          0.05
        ]
      ]
    }
  },
  {
    "name": "CO",
    "cpt": {
      "parent_state_order": {
        "HR": [
          "LOW",
          "NORMAL",
          "HIGH"
        ],
        "STROKEVOLUME": [
          "LOW",
          "NORMAL",
          "HIGH"
        ]
      },
      "values": [
        [
          0.98,
          0.95,
          0.3,
          0.95,
          0.04,
          0.01,
          0.7,
          0.01,
          0.01
        ],
        [
          0.01,
          0.04,
          0.69,
          0.04,
          0.95,
          0.3,
          0.25,
          0.04,
          0.01
        ],
        [
          0.01,
          0.01,
          0.01,
          0.01,
          0.01,
          0.69,
          0.05,
          0.95,
          0.98
        ]
      ]
    }
  }
]

========================================
BEST REFINEMENT CANDIDATE
========================================
Candidate 1
Accuracy: 0.7667
Failures: 77
Successes: 253

===================================================
Dataset: agentbn_train_subset_1.csv
===================================================
Accuracy: 76.67 %
Total: 330
Successes: 253
Failures: 77
Accuracy = 76.67%

Initial Generation Attempt 1
Removed workflow analysis for BN #0 from /home/shamim_ist/AgentBN/workspace/alarm/bn_analysis.json

Activation trace saved to /home/shamim_ist/AgentBN/workspace/alarm/activation_trace.csv
Failure parameter statistics saved to '/home/shamim_ist/AgentBN/workspace/alarm/failure_parameter_statistics.json'
Valid response received on attempt 1.
Valid response received on attempt 1.
Valid response received on attempt 1.

===================================================

Accuracy: 76.06%

Workflow analysis for BN #0 stored in /home/shamim_ist/AgentBN/workspace/alarm/bn_analysis.json
Valid response received on attempt 1.
Selected baseline BN: 0

===================================================
Dataset: agentbn_train_subset_1.csv
===================================================
Accuracy: 79.39 %
Total: 330
Successes: 262
Failures: 68

Candidate 1: Accuracy = 0.7939, Failures = 68, Successes = 262
Patch:
[
  {
    "name": "STROKEVOLUME",
    "cpt": {
      "parent_state_order": {
        "HYPOVOLEMIA": [
          "Hypovolemia",
          "No_Hypovolemia"
        ],
        "LVFAILURE": [
          "TRUE",
          "FALSE"
        ]
      },
      "values": [
        [
          0.98,
          0.65,
          0.95,
          0.05
        ],
        [
          0.01,
          0.34,
          0.04,
          0.9
        ],
        [
          0.01,
          0.01,
          0.01,
          0.05
        ]
      ]
    }
  }
]

===================================================
Dataset: agentbn_train_subset_1.csv
===================================================
Accuracy: 75.15 %
Total: 330
Successes: 248
Failures: 82

Candidate 2: Accuracy = 0.7515, Failures = 82, Successes = 248
Patch:
[
  {
    "name": "CO",
    "cpt": {
      "parent_state_order": {
        "HR": [
          "LOW",
          "NORMAL",
          "HIGH"
        ],
        "STROKEVOLUME": [
          "LOW",
          "NORMAL",
          "HIGH"
        ]
      },
      "values": [
        [
          0.98,
          0.95,
          0.3,
          0.95,
          0.04,
          0.01,
          0.88,
          0.01,
          0.01
        ],
        [
          0.01,
          0.04,
          0.69,
          0.04,
          0.95,
          0.3,
          0.11,
          0.04,
          0.01
        ],
        [
          0.01,
          0.01,
          0.01,
          0.01,
          0.01,
          0.69,
          0.01,
          0.95,
          0.98
        ]
      ]
    }
  }
]

===================================================
Dataset: agentbn_train_subset_1.csv
===================================================
Accuracy: 78.18 %
Total: 330
Successes: 258
Failures: 72

Candidate 3: Accuracy = 0.7818, Failures = 72, Successes = 258
Patch:
[
  {
    "name": "STROKEVOLUME",
    "cpt": {
      "parent_state_order": {
        "HYPOVOLEMIA": [
          "Hypovolemia",
          "No_Hypovolemia"
        ],
        "LVFAILURE": [
          "TRUE",
          "FALSE"
        ]
      },
      "values": [
        [
          0.98,
          0.75,
          0.95,
          0.05
        ],
        [
          0.01,
          0.24,
          0.04,
          0.9
        ],
        [
          0.01,
          0.01,
          0.01,
          0.05
        ]
      ]
    }
  },
  {
    "name": "CO",
    "cpt": {
      "parent_state_order": {
        "HR": [
          "LOW",
          "NORMAL",
          "HIGH"
        ],
        "STROKEVOLUME": [
          "LOW",
          "NORMAL",
          "HIGH"
        ]
      },
      "values": [
        [
          0.98,
          0.95,
          0.3,
          0.95,
          0.04,
          0.01,
          0.92,
          0.01,
          0.01
        ],
        [
          0.01,
          0.04,
          0.69,
          0.04,
          0.95,
          0.3,
          0.07,
          0.04,
          0.01
        ],
        [
          0.01,
          0.01,
          0.01,
          0.01,
          0.01,
          0.69,
          0.01,
          0.95,
          0.98
        ]
      ]
    }
  }
]

========================================
BEST REFINEMENT CANDIDATE
========================================
Candidate 1
Accuracy: 0.7939
Failures: 68
Successes: 262

===================================================
Dataset: agentbn_train_subset_1.csv
===================================================
Accuracy: 79.39 %
Total: 330
Successes: 262
Failures: 68
Accuracy = 79.39%

Initial Generation Attempt 2
Removed workflow analysis for BN #0 from /home/shamim_ist/AgentBN/workspace/alarm/bn_analysis.json

Activation trace saved to /home/shamim_ist/AgentBN/workspace/alarm/activation_trace.csv
Failure parameter statistics saved to '/home/shamim_ist/AgentBN/workspace/alarm/failure_parameter_statistics.json'
Valid response received on attempt 1.
Valid response received on attempt 1.
Valid response received on attempt 1.

===================================================

Accuracy: 76.06%

Workflow analysis for BN #0 stored in /home/shamim_ist/AgentBN/workspace/alarm/bn_analysis.json
Valid response received on attempt 1.
Selected baseline BN: 0

===================================================
Dataset: agentbn_train_subset_1.csv
===================================================
Accuracy: 76.36 %
Total: 330
Successes: 252
Failures: 78

Candidate 1: Accuracy = 0.7636, Failures = 78, Successes = 252
Patch:
[
  {
    "name": "STROKEVOLUME",
    "cpt": {
      "parent_state_order": {
        "HYPOVOLEMIA": [
          "Hypovolemia",
          "No_Hypovolemia"
        ],
        "LVFAILURE": [
          "TRUE",
          "FALSE"
        ]
      },
      "values": [
        [
          0.98,
          0.35,
          0.95,
          0.05
        ],
        [
          0.01,
          0.64,
          0.04,
          0.9
        ],
        [
          0.01,
          0.01,
          0.01,
          0.05
        ]
      ]
    }
  }
]

===================================================
Dataset: agentbn_train_subset_1.csv
===================================================
Accuracy: 77.88 %
Total: 330
Successes: 257
Failures: 73

Candidate 2: Accuracy = 0.7788, Failures = 73, Successes = 257
Patch:
[
  {
    "name": "STROKEVOLUME",
    "cpt": {
      "parent_state_order": {
        "HYPOVOLEMIA": [
          "Hypovolemia",
          "No_Hypovolemia"
        ],
        "LVFAILURE": [
          "TRUE",
          "FALSE"
        ]
      },
      "values": [
        [
          0.98,
          0.25,
          0.95,
          0.05
        ],
        [
          0.01,
          0.74,
          0.04,
          0.9
        ],
        [
          0.01,
          0.01,
          0.01,
          0.05
        ]
      ]
    }
  }
]

===================================================
Dataset: agentbn_train_subset_1.csv
===================================================
Accuracy: 76.06 %
Total: 330
Successes: 251
Failures: 79

Candidate 3: Accuracy = 0.7606, Failures = 79, Successes = 251
Patch:
[
  {
    "name": "STROKEVOLUME",
    "cpt": {
      "parent_state_order": {
        "HYPOVOLEMIA": [
          "Hypovolemia",
          "No_Hypovolemia"
        ],
        "LVFAILURE": [
          "TRUE",
          "FALSE"
        ]
      },
      "values": [
        [
          0.98,
          0.4,
          0.95,
          0.05
        ],
        [
          0.005,
          0.59,
          0.04,
          0.9
        ],
        [
          0.015,
          0.01,
          0.01,
          0.05
        ]
      ]
    }
  }
]

========================================
BEST REFINEMENT CANDIDATE
========================================
Candidate 2
Accuracy: 0.7788
Failures: 73
Successes: 257

===================================================
Dataset: agentbn_train_subset_1.csv
===================================================
Accuracy: 77.88 %
Total: 330
Successes: 257
Failures: 73
Accuracy = 77.88%
Threshold (83.24%) not reached after 3 attempts. Using best generated BN (79.39%).
Removed workflow analysis for BN #0 from /home/shamim_ist/AgentBN/workspace/alarm/bn_analysis.json

Initial BN generated

===== ITERATION 1 =====

===================================================
Dataset: agentbn_train_subset_1.csv
===================================================
Accuracy: 79.39 %
Total: 330
Successes: 262
Failures: 68

Activation trace saved to /home/shamim_ist/AgentBN/workspace/alarm/activation_trace.csv
Failure parameter statistics saved to '/home/shamim_ist/AgentBN/workspace/alarm/failure_parameter_statistics.json'
Valid response received on attempt 1.
Valid response received on attempt 1.
Valid response received on attempt 1.

===================================================

Accuracy: 79.39%

Workflow analysis for BN #1 stored in /home/shamim_ist/AgentBN/workspace/alarm/bn_analysis.json
Valid response received on attempt 1.
Selected baseline BN: 1

===================================================
Dataset: agentbn_train_subset_1.csv
===================================================
Accuracy: 79.39 %
Total: 330
Successes: 262
Failures: 68

Candidate 1: Accuracy = 0.7939, Failures = 68, Successes = 262
Patch:
[
  {
    "name": "BP",
    "cpt": {
      "parent_state_order": {
        "CO": [
          "LOW",
          "NORMAL",
          "HIGH"
        ],
        "TPR": [
          "LOW",
          "NORMAL",
          "HIGH"
        ]
      },
      "values": [
        [
          0.99,
          0.98,
          0.3,
          0.98,
          0.1,
          0.05,
          0.9,
          0.05,
          0.01
        ],
        [
          0.01,
          0.01,
          0.6,
          0.01,
          0.85,
          0.4,
          0.09,
          0.2,
          0.09
        ],
        [
          0.0,
          0.01,
          0.1,
          0.01,
          0.05,
          0.55,
          0.01,
          0.75,
          0.9
        ]
      ]
    }
  }
]

===================================================
Dataset: agentbn_train_subset_1.csv
===================================================
Accuracy: 78.79 %
Total: 330
Successes: 260
Failures: 70

Candidate 2: Accuracy = 0.7879, Failures = 70, Successes = 260
Patch:
[
  {
    "name": "CO",
    "cpt": {
      "parent_state_order": {
        "HR": [
          "LOW",
          "NORMAL",
          "HIGH"
        ],
        "STROKEVOLUME": [
          "LOW",
          "NORMAL",
          "HIGH"
        ]
      },
      "values": [
        [
          0.98,
          0.95,
          0.3,
          0.95,
          0.04,
          0.01,
          0.72,
          0.01,
          0.01
        ],
        [
          0.01,
          0.04,
          0.69,
          0.04,
          0.95,
          0.3,
          0.27,
          0.04,
          0.01
        ],
        [
          0.01,
          0.01,
          0.01,
          0.01,
          0.01,
          0.69,
          0.01,
          0.95,
          0.98
        ]
      ]
    }
  },
  {
    "name": "BP",
    "cpt": {
      "parent_state_order": {
        "CO": [
          "LOW",
          "NORMAL",
          "HIGH"
        ],
        "TPR": [
          "LOW",
          "NORMAL",
          "HIGH"
        ]
      },
      "values": [
        [
          0.985,
          0.98,
          0.3,
          0.98,
          0.1,
          0.05,
          0.9,
          0.05,
          0.01
        ],
        [
          0.015,
          0.01,
          0.6,
          0.01,
          0.85,
          0.4,
          0.09,
          0.2,
          0.09
        ],
        [
          0.0,
          0.01,
          0.1,
          0.01,
          0.05,
          0.55,
          0.01,
          0.75,
          0.9
        ]
      ]
    }
  }
]

===================================================
Dataset: agentbn_train_subset_1.csv
===================================================
Accuracy: 76.97 %
Total: 330
Successes: 254
Failures: 76

Candidate 3: Accuracy = 0.7697, Failures = 76, Successes = 254
Patch:
[
  {
    "name": "CO",
    "cpt": {
      "parent_state_order": {
        "HR": [
          "LOW",
          "NORMAL",
          "HIGH"
        ],
        "STROKEVOLUME": [
          "LOW",
          "NORMAL",
          "HIGH"
        ]
      },
      "values": [
        [
          0.98,
          0.95,
          0.3,
          0.95,
          0.04,
          0.01,
          0.65,
          0.01,
          0.01
        ],
        [
          0.01,
          0.04,
          0.69,
          0.04,
          0.95,
          0.3,
          0.34,
          0.04,
          0.01
        ],
        [
          0.01,
          0.01,
          0.01,
          0.01,
          0.01,
          0.69,
          0.01,
          0.95,
          0.98
        ]
      ]
    }
  },
  {
    "name": "BP",
    "cpt": {
      "parent_state_order": {
        "CO": [
          "LOW",
          "NORMAL",
          "HIGH"
        ],
        "TPR": [
          "LOW",
          "NORMAL",
          "HIGH"
        ]
      },
      "values": [
        [
          0.995,
          0.98,
          0.3,
          0.98,
          0.1,
          0.05,
          0.9,
          0.05,
          0.01
        ],
        [
          0.005,
          0.01,
          0.6,
          0.01,
          0.85,
          0.4,
          0.09,
          0.2,
          0.09
        ],
        [
          0.0,
          0.01,
          0.1,
          0.01,
          0.05,
          0.55,
          0.01,
          0.75,
          0.9
        ]
      ]
    }
  }
]

========================================
BEST REFINEMENT CANDIDATE
========================================
Candidate 1
Accuracy: 0.7939
Failures: 68
Successes: 262

===================================================
Dataset: agentbn_train_subset_1.csv
===================================================
Accuracy: 79.39 %
Total: 330
Successes: 262
Failures: 68

Accuracy did not improve. Need improvement from 79.39% 
Removed 1 record(s) with bn_number=2
Valid response received on attempt 1.
Selected baseline BN: 1

===================================================
Dataset: agentbn_train_subset_1.csv
===================================================
Accuracy: 79.39 %
Total: 330
Successes: 262
Failures: 68

Candidate 1: Accuracy = 0.7939, Failures = 68, Successes = 262
Patch:
[
  {
    "name": "BP",
    "cpt": {
      "parent_state_order": {
        "CO": [
          "LOW",
          "NORMAL",
          "HIGH"
        ],
        "TPR": [
          "LOW",
          "NORMAL",
          "HIGH"
        ]
      },
      "values": [
        [
          0.985,
          0.98,
          0.3,
          0.98,
          0.1,
          0.05,
          0.9,
          0.05,
          0.01
        ],
        [
          0.01,
          0.01,
          0.6,
          0.01,
          0.85,
          0.4,
          0.09,
          0.2,
          0.09
        ],
        [
          0.005,
          0.01,
          0.1,
          0.01,
          0.05,
          0.55,
          0.01,
          0.75,
          0.9
        ]
      ]
    }
  }
]

===================================================
Dataset: agentbn_train_subset_1.csv
===================================================
Accuracy: 78.79 %
Total: 330
Successes: 260
Failures: 70

Candidate 2: Accuracy = 0.7879, Failures = 70, Successes = 260
Patch:
[
  {
    "name": "CO",
    "cpt": {
      "parent_state_order": {
        "HR": [
          "LOW",
          "NORMAL",
          "HIGH"
        ],
        "STROKEVOLUME": [
          "LOW",
          "NORMAL",
          "HIGH"
        ]
      },
      "values": [
        [
          0.98,
          0.95,
          0.3,
          0.95,
          0.04,
          0.01,
          0.72,
          0.01,
          0.01
        ],
        [
          0.01,
          0.04,
          0.69,
          0.04,
          0.95,
          0.3,
          0.27,
          0.04,
          0.01
        ],
        [
          0.01,
          0.01,
          0.01,
          0.01,
          0.01,
          0.69,
          0.01,
          0.95,
          0.98
        ]
      ]
    }
  },
  {
    "name": "BP",
    "cpt": {
      "parent_state_order": {
        "CO": [
          "LOW",
          "NORMAL",
          "HIGH"
        ],
        "TPR": [
          "LOW",
          "NORMAL",
          "HIGH"
        ]
      },
      "values": [
        [
          0.99,
          0.98,
          0.3,
          0.98,
          0.1,
          0.05,
          0.9,
          0.05,
          0.01
        ],
        [
          0.009,
          0.01,
          0.6,
          0.01,
          0.85,
          0.4,
          0.09,
          0.2,
          0.09
        ],
        [
          0.001,
          0.01,
          0.1,
          0.01,
          0.05,
          0.55,
          0.01,
          0.75,
          0.9
        ]
      ]
    }
  }
]

===================================================
Dataset: agentbn_train_subset_1.csv
===================================================
Accuracy: 76.97 %
Total: 330
Successes: 254
Failures: 76

Candidate 3: Accuracy = 0.7697, Failures = 76, Successes = 254
Patch:
[
  {
    "name": "CO",
    "cpt": {
      "parent_state_order": {
        "HR": [
          "LOW",
          "NORMAL",
          "HIGH"
        ],
        "STROKEVOLUME": [
          "LOW",
          "NORMAL",
          "HIGH"
        ]
      },
      "values": [
        [
          0.98,
          0.95,
          0.3,
          0.95,
          0.04,
          0.01,
          0.65,
          0.01,
          0.01
        ],
        [
          0.01,
          0.04,
          0.69,
          0.04,
          0.95,
          0.3,
          0.34,
          0.04,
          0.01
        ],
        [
          0.01,
          0.01,
          0.01,
          0.01,
          0.01,
          0.69,
          0.01,
          0.95,
          0.98
        ]
      ]
    }
  }
]

========================================
BEST REFINEMENT CANDIDATE
========================================
Candidate 1
Accuracy: 0.7939
Failures: 68
Successes: 262

===================================================
Dataset: agentbn_train_subset_1.csv
===================================================
Accuracy: 79.39 %
Total: 330
Successes: 262
Failures: 68
Removed 1 record(s) with bn_number=2
Valid response received on attempt 1.
Selected baseline BN: 1

===================================================
Dataset: agentbn_train_subset_1.csv
===================================================
Accuracy: 79.39 %
Total: 330
Successes: 262
Failures: 68

Candidate 1: Accuracy = 0.7939, Failures = 68, Successes = 262
Patch:
[
  {
    "name": "BP",
    "cpt": {
      "parent_state_order": {
        "CO": [
          "LOW",
          "NORMAL",
          "HIGH"
        ],
        "TPR": [
          "LOW",
          "NORMAL",
          "HIGH"
        ]
      },
      "values": [
        [
          0.99,
          0.98,
          0.3,
          0.98,
          0.1,
          0.05,
          0.9,
          0.05,
          0.01
        ],
        [
          0.01,
          0.01,
          0.6,
          0.01,
          0.85,
          0.4,
          0.09,
          0.2,
          0.09
        ],
        [
          0.0,
          0.01,
          0.1,
          0.01,
          0.05,
          0.55,
          0.01,
          0.75,
          0.9
        ]
      ]
    }
  }
]

===================================================
Dataset: agentbn_train_subset_1.csv
===================================================
Accuracy: 78.79 %
Total: 330
Successes: 260
Failures: 70

Candidate 2: Accuracy = 0.7879, Failures = 70, Successes = 260
Patch:
[
  {
    "name": "CO",
    "cpt": {
      "parent_state_order": {
        "HR": [
          "LOW",
          "NORMAL",
          "HIGH"
        ],
        "STROKEVOLUME": [
          "LOW",
          "NORMAL",
          "HIGH"
        ]
      },
      "values": [
        [
          0.98,
          0.95,
          0.3,
          0.95,
          0.04,
          0.01,
          0.72,
          0.01,
          0.01
        ],
        [
          0.01,
          0.04,
          0.69,
          0.04,
          0.95,
          0.3,
          0.27,
          0.04,
          0.01
        ],
        [
          0.01,
          0.01,
          0.01,
          0.01,
          0.01,
          0.69,
          0.01,
          0.95,
          0.98
        ]
      ]
    }
  },
  {
    "name": "BP",
    "cpt": {
      "parent_state_order": {
        "CO": [
          "LOW",
          "NORMAL",
          "HIGH"
        ],
        "TPR": [
          "LOW",
          "NORMAL",
          "HIGH"
        ]
      },
      "values": [
        [
          0.985,
          0.98,
          0.3,
          0.98,
          0.1,
          0.05,
          0.9,
          0.05,
          0.01
        ],
        [
          0.015,
          0.01,
          0.6,
          0.01,
          0.85,
          0.4,
          0.09,
          0.2,
          0.09
        ],
        [
          0.0,
          0.01,
          0.1,
          0.01,
          0.05,
          0.55,
          0.01,
          0.75,
          0.9
        ]
      ]
    }
  }
]

===================================================
Dataset: agentbn_train_subset_1.csv
===================================================
Accuracy: 76.97 %
Total: 330
Successes: 254
Failures: 76

Candidate 3: Accuracy = 0.7697, Failures = 76, Successes = 254
Patch:
[
  {
    "name": "CO",
    "cpt": {
      "parent_state_order": {
        "HR": [
          "LOW",
          "NORMAL",
          "HIGH"
        ],
        "STROKEVOLUME": [
          "LOW",
          "NORMAL",
          "HIGH"
        ]
      },
      "values": [
        [
          0.98,
          0.95,
          0.3,
          0.95,
          0.04,
          0.01,
          0.65,
          0.01,
          0.01
        ],
        [
          0.01,
          0.04,
          0.69,
          0.04,
          0.95,
          0.3,
          0.34,
          0.04,
          0.01
        ],
        [
          0.01,
          0.01,
          0.01,
          0.01,
          0.01,
          0.69,
          0.01,
          0.95,
          0.98
        ]
      ]
    }
  }
]

========================================
BEST REFINEMENT CANDIDATE
========================================
Candidate 1
Accuracy: 0.7939
Failures: 68
Successes: 262

===================================================
Dataset: agentbn_train_subset_1.csv
===================================================
Accuracy: 79.39 %
Total: 330
Successes: 262
Failures: 68
Removed 1 record(s) with bn_number=2
Valid response received on attempt 1.
Selected baseline BN: 1

===================================================
Dataset: agentbn_train_subset_1.csv
===================================================
Accuracy: 79.39 %
Total: 330
Successes: 262
Failures: 68

Candidate 1: Accuracy = 0.7939, Failures = 68, Successes = 262
Patch:
[
  {
    "name": "BP",
    "cpt": {
      "parent_state_order": {
        "CO": [
          "LOW",
          "NORMAL",
          "HIGH"
        ],
        "TPR": [
          "LOW",
          "NORMAL",
          "HIGH"
        ]
      },
      "values": [
        [
          0.99,
          0.98,
          0.3,
          0.98,
          0.1,
          0.05,
          0.9,
          0.05,
          0.01
        ],
        [
          0.01,
          0.01,
          0.6,
          0.01,
          0.85,
          0.4,
          0.09,
          0.2,
          0.09
        ],
        [
          0.0,
          0.01,
          0.1,
          0.01,
          0.05,
          0.55,
          0.01,
          0.75,
          0.9
        ]
      ]
    }
  }
]

===================================================
Dataset: agentbn_train_subset_1.csv
===================================================
Accuracy: 78.79 %
Total: 330
Successes: 260
Failures: 70

Candidate 2: Accuracy = 0.7879, Failures = 70, Successes = 260
Patch:
[
  {
    "name": "CO",
    "cpt": {
      "parent_state_order": {
        "HR": [
          "LOW",
          "NORMAL",
          "HIGH"
        ],
        "STROKEVOLUME": [
          "LOW",
          "NORMAL",
          "HIGH"
        ]
      },
      "values": [
        [
          0.98,
          0.95,
          0.3,
          0.95,
          0.04,
          0.01,
          0.72,
          0.01,
          0.01
        ],
        [
          0.01,
          0.04,
          0.69,
          0.04,
          0.95,
          0.3,
          0.27,
          0.04,
          0.01
        ],
        [
          0.01,
          0.01,
          0.01,
          0.01,
          0.01,
          0.69,
          0.01,
          0.95,
          0.98
        ]
      ]
    }
  },
  {
    "name": "BP",
    "cpt": {
      "parent_state_order": {
        "CO": [
          "LOW",
          "NORMAL",
          "HIGH"
        ],
        "TPR": [
          "LOW",
          "NORMAL",
          "HIGH"
        ]
      },
      "values": [
        [
          0.99,
          0.98,
          0.3,
          0.98,
          0.1,
          0.05,
          0.9,
          0.05,
          0.01
        ],
        [
          0.01,
          0.01,
          0.6,
          0.01,
          0.85,
          0.4,
          0.09,
          0.2,
          0.09
        ],
        [
          0.0,
          0.01,
          0.1,
          0.01,
          0.05,
          0.55,
          0.01,
          0.75,
          0.9
        ]
      ]
    }
  }
]

===================================================
Dataset: agentbn_train_subset_1.csv
===================================================
Accuracy: 76.97 %
Total: 330
Successes: 254
Failures: 76

Candidate 3: Accuracy = 0.7697, Failures = 76, Successes = 254
Patch:
[
  {
    "name": "CO",
    "cpt": {
      "parent_state_order": {
        "HR": [
          "LOW",
          "NORMAL",
          "HIGH"
        ],
        "STROKEVOLUME": [
          "LOW",
          "NORMAL",
          "HIGH"
        ]
      },
      "values": [
        [
          0.98,
          0.95,
          0.3,
          0.95,
          0.04,
          0.01,
          0.65,
          0.01,
          0.01
        ],
        [
          0.01,
          0.04,
          0.69,
          0.04,
          0.95,
          0.3,
          0.34,
          0.04,
          0.01
        ],
        [
          0.01,
          0.01,
          0.01,
          0.01,
          0.01,
          0.69,
          0.01,
          0.95,
          0.98
        ]
      ]
    }
  },
  {
    "name": "BP",
    "cpt": {
      "parent_state_order": {
        "CO": [
          "LOW",
          "NORMAL",
          "HIGH"
        ],
        "TPR": [
          "LOW",
          "NORMAL",
          "HIGH"
        ]
      },
      "values": [
        [
          0.995,
          0.98,
          0.3,
          0.98,
          0.1,
          0.05,
          0.9,
          0.05,
          0.01
        ],
        [
          0.005,
          0.01,
          0.6,
          0.01,
          0.85,
          0.4,
          0.09,
          0.2,
          0.09
        ],
        [
          0.0,
          0.01,
          0.1,
          0.01,
          0.05,
          0.55,
          0.01,
          0.75,
          0.9
        ]
      ]
    }
  }
]

========================================
BEST REFINEMENT CANDIDATE
========================================
Candidate 1
Accuracy: 0.7939
Failures: 68
Successes: 262

===================================================
Dataset: agentbn_train_subset_1.csv
===================================================
Accuracy: 79.39 %
Total: 330
Successes: 262
Failures: 68

No improvement after 3 retries. Selecting best retry candidate (accuracy=79.39%).
Removed 1 record(s) with bn_number=2
Continuing with retry candidate (accuracy=79.39%).

===== ITERATION 2 =====

===================================================
Dataset: agentbn_train_subset_1.csv
===================================================
Accuracy: 79.39 %
Total: 330
Successes: 262
Failures: 68

Activation trace saved to /home/shamim_ist/AgentBN/workspace/alarm/activation_trace.csv
Failure parameter statistics saved to '/home/shamim_ist/AgentBN/workspace/alarm/failure_parameter_statistics.json'
Valid response received on attempt 1.
Valid response received on attempt 1.
Valid response received on attempt 1.

===================================================

Accuracy: 79.39%

Workflow analysis for BN #2 stored in /home/shamim_ist/AgentBN/workspace/alarm/bn_analysis.json
Valid response received on attempt 1.
Selected baseline BN: 1

===================================================
Dataset: agentbn_train_subset_1.csv
===================================================
Accuracy: 79.39 %
Total: 330
Successes: 262
Failures: 68

Candidate 1: Accuracy = 0.7939, Failures = 68, Successes = 262
Patch:
[
  {
    "name": "BP",
    "cpt": {
      "parent_state_order": {
        "CO": [
          "LOW",
          "NORMAL",
          "HIGH"
        ],
        "TPR": [
          "LOW",
          "NORMAL",
          "HIGH"
        ]
      },
      "values": [
        [
          0.99,
          0.98,
          0.3,
          0.98,
          0.1,
          0.05,
          0.9,
          0.05,
          0.01
        ],
        [
          0.01,
          0.01,
          0.6,
          0.01,
          0.85,
          0.4,
          0.09,
          0.2,
          0.09
        ],
        [
          0.0,
          0.01,
          0.1,
          0.01,
          0.05,
          0.55,
          0.01,
          0.75,
          0.9
        ]
      ]
    }
  }
]

===================================================
Dataset: agentbn_train_subset_1.csv
===================================================
Accuracy: 79.39 %
Total: 330
Successes: 262
Failures: 68

Candidate 2: Accuracy = 0.7939, Failures = 68, Successes = 262
Patch:
[
  {
    "name": "CO",
    "cpt": {
      "parent_state_order": {
        "HR": [
          "LOW",
          "NORMAL",
          "HIGH"
        ],
        "STROKEVOLUME": [
          "LOW",
          "NORMAL",
          "HIGH"
        ]
      },
      "values": [
        [
          0.98,
          0.95,
          0.3,
          0.95,
          0.04,
          0.7,
          0.8,
          0.01,
          0.01
        ],
        [
          0.01,
          0.04,
          0.69,
          0.04,
          0.95,
          0.29,
          0.19,
          0.04,
          0.01
        ],
        [
          0.01,
          0.01,
          0.01,
          0.01,
          0.01,
          0.01,
          0.01,
          0.95,
          0.98
        ]
      ]
    }
  },
  {
    "name": "BP",
    "cpt": {
      "parent_state_order": {
        "CO": [
          "LOW",
          "NORMAL",
          "HIGH"
        ],
        "TPR": [
          "LOW",
          "NORMAL",
          "HIGH"
        ]
      },
      "values": [
        [
          0.985,
          0.98,
          0.3,
          0.98,
          0.1,
          0.05,
          0.9,
          0.05,
          0.01
        ],
        [
          0.015,
          0.01,
          0.6,
          0.01,
          0.85,
          0.4,
          0.09,
          0.2,
          0.09
        ],
        [
          0.0,
          0.01,
          0.1,
          0.01,
          0.05,
          0.55,
          0.01,
          0.75,
          0.9
        ]
      ]
    }
  }
]

===================================================
Dataset: agentbn_train_subset_1.csv
===================================================
Accuracy: 79.39 %
Total: 330
Successes: 262
Failures: 68

Candidate 3: Accuracy = 0.7939, Failures = 68, Successes = 262
Patch:
[
  {
    "name": "CO",
    "cpt": {
      "parent_state_order": {
        "HR": [
          "LOW",
          "NORMAL",
          "HIGH"
        ],
        "STROKEVOLUME": [
          "LOW",
          "NORMAL",
          "HIGH"
        ]
      },
      "values": [
        [
          0.98,
          0.95,
          0.3,
          0.95,
          0.04,
          0.6,
          0.8,
          0.01,
          0.01
        ],
        [
          0.01,
          0.04,
          0.69,
          0.04,
          0.95,
          0.39,
          0.19,
          0.04,
          0.01
        ],
        [
          0.01,
          0.01,
          0.01,
          0.01,
          0.01,
          0.01,
          0.01,
          0.95,
          0.98
        ]
      ]
    }
  },
  {
    "name": "BP",
    "cpt": {
      "parent_state_order": {
        "CO": [
          "LOW",
          "NORMAL",
          "HIGH"
        ],
        "TPR": [
          "LOW",
          "NORMAL",
          "HIGH"
        ]
      },
      "values": [
        [
          0.995,
          0.98,
          0.3,
          0.98,
          0.1,
          0.05,
          0.9,
          0.05,
          0.01
        ],
        [
          0.005,
          0.01,
          0.6,
          0.01,
          0.85,
          0.4,
          0.09,
          0.2,
          0.09
        ],
        [
          0.0,
          0.01,
          0.1,
          0.01,
          0.05,
          0.55,
          0.01,
          0.75,
          0.9
        ]
      ]
    }
  }
]

========================================
BEST REFINEMENT CANDIDATE
========================================
Candidate 1
Accuracy: 0.7939
Failures: 68
Successes: 262

===================================================
Dataset: agentbn_train_subset_1.csv
===================================================
Accuracy: 79.39 %
Total: 330
Successes: 262
Failures: 68

Accuracy did not improve. Need improvement from 79.39% 
Removed 1 record(s) with bn_number=3
Valid response received on attempt 1.
Selected baseline BN: 1

===================================================
Dataset: agentbn_train_subset_1.csv
===================================================
Accuracy: 79.39 %
Total: 330
Successes: 262
Failures: 68

Candidate 1: Accuracy = 0.7939, Failures = 68, Successes = 262
Patch:
[
  {
    "name": "BP",
    "cpt": {
      "parent_state_order": {
        "CO": [
          "LOW",
          "NORMAL",
          "HIGH"
        ],
        "TPR": [
          "LOW",
          "NORMAL",
          "HIGH"
        ]
      },
      "values": [
        [
          0.99,
          0.98,
          0.3,
          0.98,
          0.1,
          0.05,
          0.9,
          0.05,
          0.01
        ],
        [
          0.01,
          0.01,
          0.6,
          0.01,
          0.85,
          0.4,
          0.09,
          0.2,
          0.09
        ],
        [
          0.0,
          0.01,
          0.1,
          0.01,
          0.05,
          0.55,
          0.01,
          0.75,
          0.9
        ]
      ]
    }
  }
]

===================================================
Dataset: agentbn_train_subset_1.csv
===================================================
Accuracy: 79.39 %
Total: 330
Successes: 262
Failures: 68

Candidate 2: Accuracy = 0.7939, Failures = 68, Successes = 262
Patch:
[
  {
    "name": "CO",
    "cpt": {
      "parent_state_order": {
        "HR": [
          "LOW",
          "NORMAL",
          "HIGH"
        ],
        "STROKEVOLUME": [
          "LOW",
          "NORMAL",
          "HIGH"
        ]
      },
      "values": [
        [
          0.98,
          0.95,
          0.3,
          0.95,
          0.04,
          0.72,
          0.8,
          0.01,
          0.01
        ],
        [
          0.01,
          0.04,
          0.69,
          0.04,
          0.95,
          0.27,
          0.19,
          0.04,
          0.01
        ],
        [
          0.01,
          0.01,
          0.01,
          0.01,
          0.01,
          0.01,
          0.01,
          0.95,
          0.98
        ]
      ]
    }
  }
]

===================================================
Dataset: agentbn_train_subset_1.csv
===================================================
Accuracy: 79.39 %
Total: 330
Successes: 262
Failures: 68

Candidate 3: Accuracy = 0.7939, Failures = 68, Successes = 262
Patch:
[
  {
    "name": "BP",
    "cpt": {
      "parent_state_order": {
        "CO": [
          "LOW",
          "NORMAL",
          "HIGH"
        ],
        "TPR": [
          "LOW",
          "NORMAL",
          "HIGH"
        ]
      },
      "values": [
        [
          0.995,
          0.98,
          0.3,
          0.98,
          0.1,
          0.05,
          0.9,
          0.05,
          0.01
        ],
        [
          0.005,
          0.01,
          0.6,
          0.01,
          0.85,
          0.4,
          0.09,
          0.2,
          0.09
        ],
        [
          0.0,
          0.01,
          0.1,
          0.01,
          0.05,
          0.55,
          0.01,
          0.75,
          0.9
        ]
      ]
    }
  },
  {
    "name": "CO",
    "cpt": {
      "parent_state_order": {
        "HR": [
          "LOW",
          "NORMAL",
          "HIGH"
        ],
        "STROKEVOLUME": [
          "LOW",
          "NORMAL",
          "HIGH"
        ]
      },
      "values": [
        [
          0.98,
          0.95,
          0.3,
          0.95,
          0.04,
          0.75,
          0.8,
          0.01,
          0.01
        ],
        [
          0.01,
          0.04,
          0.69,
          0.04,
          0.95,
          0.24,
          0.19,
          0.04,
          0.01
        ],
        [
          0.01,
          0.01,
          0.01,
          0.01,
          0.01,
          0.01,
          0.01,
          0.95,
          0.98
        ]
      ]
    }
  }
]

========================================
BEST REFINEMENT CANDIDATE
========================================
Candidate 1
Accuracy: 0.7939
Failures: 68
Successes: 262

===================================================
Dataset: agentbn_train_subset_1.csv
===================================================
Accuracy: 79.39 %
Total: 330
Successes: 262
Failures: 68
Removed 1 record(s) with bn_number=3
Valid response received on attempt 1.
Selected baseline BN: 1

===================================================
Dataset: agentbn_train_subset_1.csv
===================================================
Accuracy: 79.39 %
Total: 330
Successes: 262
Failures: 68

Candidate 1: Accuracy = 0.7939, Failures = 68, Successes = 262
Patch:
[
  {
    "name": "BP",
    "cpt": {
      "parent_state_order": {
        "CO": [
          "LOW",
          "NORMAL",
          "HIGH"
        ],
        "TPR": [
          "LOW",
          "NORMAL",
          "HIGH"
        ]
      },
      "values": [
        [
          0.99,
          0.98,
          0.3,
          0.98,
          0.1,
          0.05,
          0.9,
          0.05,
          0.01
        ],
        [
          0.005,
          0.01,
          0.6,
          0.01,
          0.85,
          0.4,
          0.09,
          0.2,
          0.09
        ],
        [
          0.005,
          0.01,
          0.1,
          0.01,
          0.05,
          0.55,
          0.01,
          0.75,
          0.9
        ]
      ]
    }
  }
]

===================================================
Dataset: agentbn_train_subset_1.csv
===================================================
Accuracy: 79.39 %
Total: 330
Successes: 262
Failures: 68

Candidate 2: Accuracy = 0.7939, Failures = 68, Successes = 262
Patch:
[
  {
    "name": "CO",
    "cpt": {
      "parent_state_order": {
        "HR": [
          "LOW",
          "NORMAL",
          "HIGH"
        ],
        "STROKEVOLUME": [
          "LOW",
          "NORMAL",
          "HIGH"
        ]
      },
      "values": [
        [
          0.98,
          0.95,
          0.3,
          0.95,
          0.04,
          0.7,
          0.8,
          0.01,
          0.01
        ],
        [
          0.01,
          0.04,
          0.69,
          0.04,
          0.95,
          0.29,
          0.19,
          0.04,
          0.01
        ],
        [
          0.01,
          0.01,
          0.01,
          0.01,
          0.01,
          0.01,
          0.01,
          0.95,
          0.98
        ]
      ]
    }
  }
]

===================================================
Dataset: agentbn_train_subset_1.csv
===================================================
Accuracy: 79.39 %
Total: 330
Successes: 262
Failures: 68

Candidate 3: Accuracy = 0.7939, Failures = 68, Successes = 262
Patch:
[
  {
    "name": "BP",
    "cpt": {
      "parent_state_order": {
        "CO": [
          "LOW",
          "NORMAL",
          "HIGH"
        ],
        "TPR": [
          "LOW",
          "NORMAL",
          "HIGH"
        ]
      },
      "values": [
        [
          0.995,
          0.98,
          0.3,
          0.98,
          0.1,
          0.05,
          0.9,
          0.05,
          0.01
        ],
        [
          0.005,
          0.01,
          0.6,
          0.01,
          0.85,
          0.4,
          0.09,
          0.2,
          0.09
        ],
        [
          0.0,
          0.01,
          0.1,
          0.01,
          0.05,
          0.55,
          0.01,
          0.75,
          0.9
        ]
      ]
    }
  },
  {
    "name": "CO",
    "cpt": {
      "parent_state_order": {
        "HR": [
          "LOW",
          "NORMAL",
          "HIGH"
        ],
        "STROKEVOLUME": [
          "LOW",
          "NORMAL",
          "HIGH"
        ]
      },
      "values": [
        [
          0.98,
          0.95,
          0.3,
          0.95,
          0.04,
          0.75,
          0.8,
          0.01,
          0.01
        ],
        [
          0.01,
          0.04,
          0.69,
          0.04,
          0.95,
          0.24,
          0.19,
          0.04,
          0.01
        ],
        [
          0.01,
          0.01,
          0.01,
          0.01,
          0.01,
          0.01,
          0.01,
          0.95,
          0.98
        ]
      ]
    }
  }
]

========================================
BEST REFINEMENT CANDIDATE
========================================
Candidate 1
Accuracy: 0.7939
Failures: 68
Successes: 262

===================================================
Dataset: agentbn_train_subset_1.csv
===================================================
Accuracy: 79.39 %
Total: 330
Successes: 262
Failures: 68
Removed 1 record(s) with bn_number=3
Valid response received on attempt 1.
Selected baseline BN: 1

===================================================
Dataset: agentbn_train_subset_1.csv
===================================================
Accuracy: 79.39 %
Total: 330
Successes: 262
Failures: 68

Candidate 1: Accuracy = 0.7939, Failures = 68, Successes = 262
Patch:
[
  {
    "name": "BP",
    "cpt": {
      "parent_state_order": {
        "CO": [
          "LOW",
          "NORMAL",
          "HIGH"
        ],
        "TPR": [
          "LOW",
          "NORMAL",
          "HIGH"
        ]
      },
      "values": [
        [
          0.99,
          0.98,
          0.3,
          0.98,
          0.1,
          0.05,
          0.9,
          0.05,
          0.01
        ],
        [
          0.01,
          0.01,
          0.6,
          0.01,
          0.85,
          0.4,
          0.09,
          0.2,
          0.09
        ],
        [
          0.0,
          0.01,
          0.1,
          0.01,
          0.05,
          0.55,
          0.01,
          0.75,
          0.9
        ]
      ]
    }
  }
]

===================================================
Dataset: agentbn_train_subset_1.csv
===================================================
Accuracy: 79.39 %
Total: 330
Successes: 262
Failures: 68

Candidate 2: Accuracy = 0.7939, Failures = 68, Successes = 262
Patch:
[
  {
    "name": "CO",
    "cpt": {
      "parent_state_order": {
        "HR": [
          "LOW",
          "NORMAL",
          "HIGH"
        ],
        "STROKEVOLUME": [
          "LOW",
          "NORMAL",
          "HIGH"
        ]
      },
      "values": [
        [
          0.98,
          0.95,
          0.3,
          0.95,
          0.04,
          0.72,
          0.8,
          0.01,
          0.01
        ],
        [
          0.01,
          0.04,
          0.69,
          0.04,
          0.95,
          0.27,
          0.19,
          0.04,
          0.01
        ],
        [
          0.01,
          0.01,
          0.01,
          0.01,
          0.01,
          0.01,
          0.01,
          0.95,
          0.98
        ]
      ]
    }
  },
  {
    "name": "BP",
    "cpt": {
      "parent_state_order": {
        "CO": [
          "LOW",
          "NORMAL",
          "HIGH"
        ],
        "TPR": [
          "LOW",
          "NORMAL",
          "HIGH"
        ]
      },
      "values": [
        [
          0.99,
          0.98,
          0.3,
          0.98,
          0.1,
          0.05,
          0.9,
          0.05,
          0.01
        ],
        [
          0.01,
          0.01,
          0.6,
          0.01,
          0.85,
          0.4,
          0.09,
          0.2,
          0.09
        ],
        [
          0.0,
          0.01,
          0.1,
          0.01,
          0.05,
          0.55,
          0.01,
          0.75,
          0.9
        ]
      ]
    }
  }
]

===================================================
Dataset: agentbn_train_subset_1.csv
===================================================
Accuracy: 79.39 %
Total: 330
Successes: 262
Failures: 68

Candidate 3: Accuracy = 0.7939, Failures = 68, Successes = 262
Patch:
[
  {
    "name": "CO",
    "cpt": {
      "parent_state_order": {
        "HR": [
          "LOW",
          "NORMAL",
          "HIGH"
        ],
        "STROKEVOLUME": [
          "LOW",
          "NORMAL",
          "HIGH"
        ]
      },
      "values": [
        [
          0.98,
          0.95,
          0.3,
          0.95,
          0.04,
          0.65,
          0.8,
          0.01,
          0.01
        ],
        [
          0.01,
          0.04,
          0.69,
          0.04,
          0.95,
          0.34,
          0.19,
          0.04,
          0.01
        ],
        [
          0.01,
          0.01,
          0.01,
          0.01,
          0.01,
          0.01,
          0.01,
          0.95,
          0.98
        ]
      ]
    }
  },
  {
    "name": "BP",
    "cpt": {
      "parent_state_order": {
        "CO": [
          "LOW",
          "NORMAL",
          "HIGH"
        ],
        "TPR": [
          "LOW",
          "NORMAL",
          "HIGH"
        ]
      },
      "values": [
        [
          1.0,
          0.98,
          0.3,
          0.98,
          0.1,
          0.05,
          0.9,
          0.05,
          0.01
        ],
        [
          0.0,
          0.01,
          0.6,
          0.01,
          0.85,
          0.4,
          0.09,
          0.2,
          0.09
        ],
        [
          0.0,
          0.01,
          0.1,
          0.01,
          0.05,
          0.55,
          0.01,
          0.75,
          0.9
        ]
      ]
    }
  }
]

========================================
BEST REFINEMENT CANDIDATE
========================================
Candidate 1
Accuracy: 0.7939
Failures: 68
Successes: 262

===================================================
Dataset: agentbn_train_subset_1.csv
===================================================
Accuracy: 79.39 %
Total: 330
Successes: 262
Failures: 68

No improvement after 3 retries. Selecting best retry candidate (accuracy=79.39%).
Removed 1 record(s) with bn_number=3
Continuing with retry candidate (accuracy=79.39%).

===== ITERATION 3 =====

===================================================
Dataset: agentbn_train_subset_1.csv
===================================================
Accuracy: 79.39 %
Total: 330
Successes: 262
Failures: 68

Activation trace saved to /home/shamim_ist/AgentBN/workspace/alarm/activation_trace.csv
Failure parameter statistics saved to '/home/shamim_ist/AgentBN/workspace/alarm/failure_parameter_statistics.json'
Valid response received on attempt 1.
Valid response received on attempt 1.
Valid response received on attempt 1.

===================================================

Accuracy: 79.39%

Workflow analysis for BN #3 stored in /home/shamim_ist/AgentBN/workspace/alarm/bn_analysis.json
Valid response received on attempt 1.
Selected baseline BN: 1

===================================================
Dataset: agentbn_train_subset_1.csv
===================================================
Accuracy: 79.39 %
Total: 330
Successes: 262
Failures: 68

Candidate 1: Accuracy = 0.7939, Failures = 68, Successes = 262
Patch:
[
  {
    "name": "BP",
    "cpt": {
      "parent_state_order": {
        "CO": [
          "LOW",
          "NORMAL",
          "HIGH"
        ],
        "TPR": [
          "LOW",
          "NORMAL",
          "HIGH"
        ]
      },
      "values": [
        [
          0.99,
          0.98,
          0.3,
          0.98,
          0.1,
          0.05,
          0.9,
          0.05,
          0.01
        ],
        [
          0.01,
          0.01,
          0.6,
          0.01,
          0.85,
          0.4,
          0.09,
          0.2,
          0.09
        ],
        [
          0.0,
          0.01,
          0.1,
          0.01,
          0.05,
          0.55,
          0.01,
          0.75,
          0.9
        ]
      ]
    }
  }
]

===================================================
Dataset: agentbn_train_subset_1.csv
===================================================
Accuracy: 79.39 %
Total: 330
Successes: 262
Failures: 68

Candidate 2: Accuracy = 0.7939, Failures = 68, Successes = 262
Patch:
[
  {
    "name": "CO",
    "cpt": {
      "parent_state_order": {
        "HR": [
          "LOW",
          "NORMAL",
          "HIGH"
        ],
        "STROKEVOLUME": [
          "LOW",
          "NORMAL",
          "HIGH"
        ]
      },
      "values": [
        [
          0.98,
          0.95,
          0.3,
          0.95,
          0.04,
          0.7,
          0.8,
          0.01,
          0.01
        ],
        [
          0.01,
          0.04,
          0.69,
          0.04,
          0.95,
          0.29,
          0.19,
          0.04,
          0.01
        ],
        [
          0.01,
          0.01,
          0.01,
          0.01,
          0.01,
          0.01,
          0.01,
          0.95,
          0.98
        ]
      ]
    }
  },
  {
    "name": "BP",
    "cpt": {
      "parent_state_order": {
        "CO": [
          "LOW",
          "NORMAL",
          "HIGH"
        ],
        "TPR": [
          "LOW",
          "NORMAL",
          "HIGH"
        ]
      },
      "values": [
        [
          0.985,
          0.98,
          0.3,
          0.98,
          0.1,
          0.05,
          0.9,
          0.05,
          0.01
        ],
        [
          0.015,
          0.01,
          0.6,
          0.01,
          0.85,
          0.4,
          0.09,
          0.2,
          0.09
        ],
        [
          0.0,
          0.01,
          0.1,
          0.01,
          0.05,
          0.55,
          0.01,
          0.75,
          0.9
        ]
      ]
    }
  }
]

===================================================
Dataset: agentbn_train_subset_1.csv
===================================================
Accuracy: 79.39 %
Total: 330
Successes: 262
Failures: 68

Candidate 3: Accuracy = 0.7939, Failures = 68, Successes = 262
Patch:
[
  {
    "name": "CO",
    "cpt": {
      "parent_state_order": {
        "HR": [
          "LOW",
          "NORMAL",
          "HIGH"
        ],
        "STROKEVOLUME": [
          "LOW",
          "NORMAL",
          "HIGH"
        ]
      },
      "values": [
        [
          0.98,
          0.95,
          0.3,
          0.95,
          0.04,
          0.6,
          0.8,
          0.01,
          0.01
        ],
        [
          0.01,
          0.04,
          0.69,
          0.04,
          0.95,
          0.39,
          0.19,
          0.04,
          0.01
        ],
        [
          0.01,
          0.01,
          0.01,
          0.01,
          0.01,
          0.01,
          0.01,
          0.95,
          0.98
        ]
      ]
    }
  },
  {
    "name": "BP",
    "cpt": {
      "parent_state_order": {
        "CO": [
          "LOW",
          "NORMAL",
          "HIGH"
        ],
        "TPR": [
          "LOW",
          "NORMAL",
          "HIGH"
        ]
      },
      "values": [
        [
          1.0,
          0.98,
          0.3,
          0.98,
          0.1,
          0.05,
          0.9,
          0.05,
          0.01
        ],
        [
          0.0,
          0.01,
          0.6,
          0.01,
          0.85,
          0.4,
          0.09,
          0.2,
          0.09
        ],
        [
          0.0,
          0.01,
          0.1,
          0.01,
          0.05,
          0.55,
          0.01,
          0.75,
          0.9
        ]
      ]
    }
  }
]

========================================
BEST REFINEMENT CANDIDATE
========================================
Candidate 1
Accuracy: 0.7939
Failures: 68
Successes: 262

===================================================
Dataset: agentbn_train_subset_1.csv
===================================================
Accuracy: 79.39 %
Total: 330
Successes: 262
Failures: 68

Accuracy did not improve. Need improvement from 79.39% 
Removed 1 record(s) with bn_number=4
Valid response received on attempt 1.
Selected baseline BN: 1

===================================================
Dataset: agentbn_train_subset_1.csv
===================================================
Accuracy: 79.39 %
Total: 330
Successes: 262
Failures: 68

Candidate 1: Accuracy = 0.7939, Failures = 68, Successes = 262
Patch:
[
  {
    "name": "BP",
    "cpt": {
      "parent_state_order": {
        "CO": [
          "LOW",
          "NORMAL",
          "HIGH"
        ],
        "TPR": [
          "LOW",
          "NORMAL",
          "HIGH"
        ]
      },
      "values": [
        [
          0.99,
          0.98,
          0.3,
          0.98,
          0.1,
          0.05,
          0.9,
          0.05,
          0.01
        ],
        [
          0.01,
          0.01,
          0.6,
          0.01,
          0.85,
          0.4,
          0.09,
          0.2,
          0.09
        ],
        [
          0.0,
          0.01,
          0.1,
          0.01,
          0.05,
          0.55,
          0.01,
          0.75,
          0.9
        ]
      ]
    }
  }
]

===================================================
Dataset: agentbn_train_subset_1.csv
===================================================
Accuracy: 78.79 %
Total: 330
Successes: 260
Failures: 70

Candidate 2: Accuracy = 0.7879, Failures = 70, Successes = 260
Patch:
[
  {
    "name": "CO",
    "cpt": {
      "parent_state_order": {
        "HR": [
          "LOW",
          "NORMAL",
          "HIGH"
        ],
        "STROKEVOLUME": [
          "LOW",
          "NORMAL",
          "HIGH"
        ]
      },
      "values": [
        [
          0.98,
          0.95,
          0.3,
          0.95,
          0.04,
          0.01,
          0.72,
          0.01,
          0.01
        ],
        [
          0.01,
          0.04,
          0.69,
          0.04,
          0.95,
          0.3,
          0.27,
          0.04,
          0.01
        ],
        [
          0.01,
          0.01,
          0.01,
          0.01,
          0.01,
          0.69,
          0.01,
          0.95,
          0.98
        ]
      ]
    }
  }
]

===================================================
Dataset: agentbn_train_subset_1.csv
===================================================
Accuracy: 78.79 %
Total: 330
Successes: 260
Failures: 70

Candidate 3: Accuracy = 0.7879, Failures = 70, Successes = 260
Patch:
[
  {
    "name": "BP",
    "cpt": {
      "parent_state_order": {
        "CO": [
          "LOW",
          "NORMAL",
          "HIGH"
        ],
        "TPR": [
          "LOW",
          "NORMAL",
          "HIGH"
        ]
      },
      "values": [
        [
          0.995,
          0.98,
          0.3,
          0.98,
          0.1,
          0.05,
          0.9,
          0.05,
          0.01
        ],
        [
          0.005,
          0.01,
          0.6,
          0.01,
          0.85,
          0.4,
          0.09,
          0.2,
          0.09
        ],
        [
          0.0,
          0.01,
          0.1,
          0.01,
          0.05,
          0.55,
          0.01,
          0.75,
          0.9
        ]
      ]
    }
  },
  {
    "name": "CO",
    "cpt": {
      "parent_state_order": {
        "HR": [
          "LOW",
          "NORMAL",
          "HIGH"
        ],
        "STROKEVOLUME": [
          "LOW",
          "NORMAL",
          "HIGH"
        ]
      },
      "values": [
        [
          0.98,
          0.95,
          0.3,
          0.95,
          0.04,
          0.01,
          0.75,
          0.01,
          0.01
        ],
        [
          0.01,
          0.04,
          0.69,
          0.04,
          0.95,
          0.3,
          0.24,
          0.04,
          0.01
        ],
        [
          0.01,
          0.01,
          0.01,
          0.01,
          0.01,
          0.69,
          0.01,
          0.95,
          0.98
        ]
      ]
    }
  }
]

========================================
BEST REFINEMENT CANDIDATE
========================================
Candidate 1
Accuracy: 0.7939
Failures: 68
Successes: 262

===================================================
Dataset: agentbn_train_subset_1.csv
===================================================
Accuracy: 79.39 %
Total: 330
Successes: 262
Failures: 68
Removed 1 record(s) with bn_number=4
Valid response received on attempt 1.
Selected baseline BN: 1

===================================================
Dataset: agentbn_train_subset_1.csv
===================================================
Accuracy: 79.39 %
Total: 330
Successes: 262
Failures: 68

Candidate 1: Accuracy = 0.7939, Failures = 68, Successes = 262
Patch:
[
  {
    "name": "BP",
    "cpt": {
      "parent_state_order": {
        "CO": [
          "LOW",
          "NORMAL",
          "HIGH"
        ],
        "TPR": [
          "LOW",
          "NORMAL",
          "HIGH"
        ]
      },
      "values": [
        [
          0.99,
          0.98,
          0.3,
          0.98,
          0.1,
          0.05,
          0.9,
          0.05,
          0.01
        ],
        [
          0.01,
          0.01,
          0.6,
          0.01,
          0.85,
          0.4,
          0.09,
          0.2,
          0.09
        ],
        [
          0.0,
          0.01,
          0.1,
          0.01,
          0.05,
          0.55,
          0.01,
          0.75,
          0.9
        ]
      ]
    }
  }
]

===================================================
Dataset: agentbn_train_subset_1.csv
===================================================
Accuracy: 79.39 %
Total: 330
Successes: 262
Failures: 68

Candidate 2: Accuracy = 0.7939, Failures = 68, Successes = 262
Patch:
[
  {
    "name": "CO",
    "cpt": {
      "parent_state_order": {
        "HR": [
          "LOW",
          "NORMAL",
          "HIGH"
        ],
        "STROKEVOLUME": [
          "LOW",
          "NORMAL",
          "HIGH"
        ]
      },
      "values": [
        [
          0.98,
          0.95,
          0.3,
          0.95,
          0.04,
          0.72,
          0.8,
          0.01,
          0.01
        ],
        [
          0.01,
          0.04,
          0.69,
          0.04,
          0.95,
          0.27,
          0.19,
          0.04,
          0.01
        ],
        [
          0.01,
          0.01,
          0.01,
          0.01,
          0.01,
          0.01,
          0.01,
          0.95,
          0.98
        ]
      ]
    }
  },
  {
    "name": "BP",
    "cpt": {
      "parent_state_order": {
        "CO": [
          "LOW",
          "NORMAL",
          "HIGH"
        ],
        "TPR": [
          "LOW",
          "NORMAL",
          "HIGH"
        ]
      },
      "values": [
        [
          0.985,
          0.98,
          0.3,
          0.98,
          0.1,
          0.05,
          0.9,
          0.05,
          0.01
        ],
        [
          0.015,
          0.01,
          0.6,
          0.01,
          0.85,
          0.4,
          0.09,
          0.2,
          0.09
        ],
        [
          0.0,
          0.01,
          0.1,
          0.01,
          0.05,
          0.55,
          0.01,
          0.75,
          0.9
        ]
      ]
    }
  }
]

===================================================
Dataset: agentbn_train_subset_1.csv
===================================================
Accuracy: 79.39 %
Total: 330
Successes: 262
Failures: 68

Candidate 3: Accuracy = 0.7939, Failures = 68, Successes = 262
Patch:
[
  {
    "name": "CO",
    "cpt": {
      "parent_state_order": {
        "HR": [
          "LOW",
          "NORMAL",
          "HIGH"
        ],
        "STROKEVOLUME": [
          "LOW",
          "NORMAL",
          "HIGH"
        ]
      },
      "values": [
        [
          0.98,
          0.95,
          0.3,
          0.95,
          0.04,
          0.65,
          0.8,
          0.01,
          0.01
        ],
        [
          0.01,
          0.04,
          0.69,
          0.04,
          0.95,
          0.34,
          0.19,
          0.04,
          0.01
        ],
        [
          0.01,
          0.01,
          0.01,
          0.01,
          0.01,
          0.01,
          0.01,
          0.95,
          0.98
        ]
      ]
    }
  },
  {
    "name": "BP",
    "cpt": {
      "parent_state_order": {
        "CO": [
          "LOW",
          "NORMAL",
          "HIGH"
        ],
        "TPR": [
          "LOW",
          "NORMAL",
          "HIGH"
        ]
      },
      "values": [
        [
          0.995,
          0.98,
          0.3,
          0.98,
          0.1,
          0.05,
          0.9,
          0.05,
          0.01
        ],
        [
          0.005,
          0.01,
          0.6,
          0.01,
          0.85,
          0.4,
          0.09,
          0.2,
          0.09
        ],
        [
          0.0,
          0.01,
          0.1,
          0.01,
          0.05,
          0.55,
          0.01,
          0.75,
          0.9
        ]
      ]
    }
  }
]

========================================
BEST REFINEMENT CANDIDATE
========================================
Candidate 1
Accuracy: 0.7939
Failures: 68
Successes: 262

===================================================
Dataset: agentbn_train_subset_1.csv
===================================================
Accuracy: 79.39 %
Total: 330
Successes: 262
Failures: 68
Removed 1 record(s) with bn_number=4
Valid response received on attempt 1.
Selected baseline BN: 1

===================================================
Dataset: agentbn_train_subset_1.csv
===================================================
Accuracy: 79.39 %
Total: 330
Successes: 262
Failures: 68

Candidate 1: Accuracy = 0.7939, Failures = 68, Successes = 262
Patch:
[
  {
    "name": "BP",
    "cpt": {
      "parent_state_order": {
        "CO": [
          "LOW",
          "NORMAL",
          "HIGH"
        ],
        "TPR": [
          "LOW",
          "NORMAL",
          "HIGH"
        ]
      },
      "values": [
        [
          0.99,
          0.98,
          0.3,
          0.98,
          0.1,
          0.05,
          0.9,
          0.05,
          0.01
        ],
        [
          0.01,
          0.01,
          0.6,
          0.01,
          0.85,
          0.4,
          0.09,
          0.2,
          0.09
        ],
        [
          0.0,
          0.01,
          0.1,
          0.01,
          0.05,
          0.55,
          0.01,
          0.75,
          0.9
        ]
      ]
    }
  }
]

===================================================
Dataset: agentbn_train_subset_1.csv
===================================================
Accuracy: 78.79 %
Total: 330
Successes: 260
Failures: 70

Candidate 2: Accuracy = 0.7879, Failures = 70, Successes = 260
Patch:
[
  {
    "name": "CO",
    "cpt": {
      "parent_state_order": {
        "HR": [
          "LOW",
          "NORMAL",
          "HIGH"
        ],
        "STROKEVOLUME": [
          "LOW",
          "NORMAL",
          "HIGH"
        ]
      },
      "values": [
        [
          0.98,
          0.95,
          0.3,
          0.95,
          0.04,
          0.01,
          0.72,
          0.01,
          0.01
        ],
        [
          0.01,
          0.04,
          0.69,
          0.04,
          0.95,
          0.3,
          0.27,
          0.04,
          0.01
        ],
        [
          0.01,
          0.01,
          0.01,
          0.01,
          0.01,
          0.69,
          0.01,
          0.95,
          0.98
        ]
      ]
    }
  }
]

===================================================
Dataset: agentbn_train_subset_1.csv
===================================================
Accuracy: 78.79 %
Total: 330
Successes: 260
Failures: 70

Candidate 3: Accuracy = 0.7879, Failures = 70, Successes = 260
Patch:
[
  {
    "name": "BP",
    "cpt": {
      "parent_state_order": {
        "CO": [
          "LOW",
          "NORMAL",
          "HIGH"
        ],
        "TPR": [
          "LOW",
          "NORMAL",
          "HIGH"
        ]
      },
      "values": [
        [
          0.995,
          0.98,
          0.3,
          0.98,
          0.1,
          0.05,
          0.9,
          0.05,
          0.01
        ],
        [
          0.005,
          0.01,
          0.6,
          0.01,
          0.85,
          0.4,
          0.09,
          0.2,
          0.09
        ],
        [
          0.0,
          0.01,
          0.1,
          0.01,
          0.05,
          0.55,
          0.01,
          0.75,
          0.9
        ]
      ]
    }
  },
  {
    "name": "CO",
    "cpt": {
      "parent_state_order": {
        "HR": [
          "LOW",
          "NORMAL",
          "HIGH"
        ],
        "STROKEVOLUME": [
          "LOW",
          "NORMAL",
          "HIGH"
        ]
      },
      "values": [
        [
          0.98,
          0.95,
          0.3,
          0.95,
          0.04,
          0.01,
          0.75,
          0.01,
          0.01
        ],
        [
          0.01,
          0.04,
          0.69,
          0.04,
          0.95,
          0.3,
          0.24,
          0.04,
          0.01
        ],
        [
          0.01,
          0.01,
          0.01,
          0.01,
          0.01,
          0.69,
          0.01,
          0.95,
          0.98
        ]
      ]
    }
  }
]

========================================
BEST REFINEMENT CANDIDATE
========================================
Candidate 1
Accuracy: 0.7939
Failures: 68
Successes: 262

===================================================
Dataset: agentbn_train_subset_1.csv
===================================================
Accuracy: 79.39 %
Total: 330
Successes: 262
Failures: 68

No improvement after 3 retries. Selecting best retry candidate (accuracy=79.39%).
Removed 1 record(s) with bn_number=4
Continuing with retry candidate (accuracy=79.39%).

===================================================
Dataset: agentbn_train_subset_1.csv
===================================================
Accuracy: 76.06 %
Total: 330
Successes: 251
Failures: 79

===================================================
Dataset: agentbn_train_subset_1.csv
===================================================
Accuracy: 79.39 %
Total: 330
Successes: 262
Failures: 68

===================================================
Dataset: agentbn_train_subset_1.csv
===================================================
Accuracy: 79.39 %
Total: 330
Successes: 262
Failures: 68

===================================================
Dataset: agentbn_train_subset_1.csv
===================================================
Accuracy: 79.39 %
Total: 330
Successes: 262
Failures: 68

===================================================
Dataset: agentbn_train_subset_1.csv
===================================================
Accuracy: 79.39 %
Total: 330
Successes: 262
Failures: 68


Best BN Number: 4
Best BN Accuracy: 0.793939393939394
Saved CPT identity comparison to /home/shamim_ist/AgentBN/workspace/alarm/cpt_comparison_analysis.json
BN number: 4
Agent change verdict: poor
Expected changed CPTs: ['HYPOVOLEMIA', 'LVEDVOLUME']
Agent changed CPTs: ['BP', 'STROKEVOLUME']
Unexpected changed CPTs: ['BP', 'STROKEVOLUME']
{'bn_number': 4, 'agent_changed_cpt_count': 2, 'agent_changed_cpts': ['BP', 'STROKEVOLUME'], 'agent_change_report': {'verdict': 'poor', 'total_cpts': 37, 'expected_changed_count': 2, 'expected_changed_cpts': ['HYPOVOLEMIA', 'LVEDVOLUME'], 'agent_changed_count': 2, 'agent_changed_cpts': ['BP', 'STROKEVOLUME'], 'matched_expected_count': 0, 'matched_expected_cpts': [], 'missed_expected_count': 2, 'missed_expected_cpts': ['HYPOVOLEMIA', 'LVEDVOLUME'], 'unexpected_changed_count': 2, 'unexpected_changed_cpts': ['BP', 'STROKEVOLUME'], 'unflawed_cpt_count': 35, 'untouched_unflawed_count': 33, 'untouched_unflawed_cpts': ['ANAPHYLAXIS', 'ARTCO2', 'CATECHOL', 'CO', 'CVP', 'DISCONNECT', 'ERRCAUTER', 'ERRLOWOUTPUT', 'EXPCO2', 'FIO2', 'HISTORY', 'HR', 'HRBP', 'HREKG', 'HRSAT', 'INSUFFANESTH', 'INTUBATION', 'KINKEDTUBE', 'LVFAILURE', 'MINVOL', 'MINVOLSET', 'PAP', 'PCWP', 'PRESS', 'PULMEMBOLUS', 'PVSAT', 'SAO2', 'SHUNT', 'TPR', 'VENTALV', 'VENTLUNG', 'VENTMACH', 'VENTTUBE'], 'expected_change_recall': 0.0, 'unexpected_change_rate': 0.0571, 'unflawed_preservation_rate': 0.9429}}
======================================================================
BP                             0.02447880
  Column 0:
    Flawed : [0.98 0.01 0.01]
    Prop   : [0.99 0.01 0.  ]
    GT     : [0.98 0.01 0.01]
----------------------------------------------------------------------
HYPOVOLEMIA                    0.07144859
  Column 0:
    Flawed : [0.08 0.92]
    Prop   : [0.08 0.92]
    GT     : [0.2 0.8]
----------------------------------------------------------------------
LVEDVOLUME                     0.14659557
  Column 0:
    Flawed : [0.65 0.33 0.02]
    Prop   : [0.65 0.33 0.02]
    GT     : [0.95 0.04 0.01]
  Column 2:
    Flawed : [0.68 0.3  0.02]
    Prop   : [0.68 0.3  0.02]
    GT     : [0.98 0.01 0.01]
----------------------------------------------------------------------
STROKEVOLUME                   0.01197329
  Column 1:
    Flawed : [0.5  0.49 0.01]
    Prop   : [0.65 0.34 0.01]
    GT     : [0.5  0.49 0.01]
----------------------------------------------------------------------
======================================================================
Overall Average CPT KL = 0.00381084
======================================================================
BP                             RMSE = 0.00272166
  Column 0:
    Flawed : [0.98 0.01 0.01]
    Prop   : [0.99 0.01 0.  ]
    GT     : [0.98 0.01 0.01]
----------------------------------------------------------------------
HYPOVOLEMIA                    RMSE = 0.12000000
  Column 0:
    Flawed : [0.08 0.92]
    Prop   : [0.08 0.92]
    GT     : [0.2 0.8]
----------------------------------------------------------------------
LVEDVOLUME                     RMSE = 0.17039171
  Column 0:
    Flawed : [0.65 0.33 0.02]
    Prop   : [0.65 0.33 0.02]
    GT     : [0.95 0.04 0.01]
  Column 2:
    Flawed : [0.68 0.3  0.02]
    Prop   : [0.68 0.3  0.02]
    GT     : [0.98 0.01 0.01]
----------------------------------------------------------------------
STROKEVOLUME                   RMSE = 0.06123724
  Column 1:
    Flawed : [0.5  0.49 0.01]
    Prop   : [0.65 0.34 0.01]
    GT     : [0.5  0.49 0.01]
----------------------------------------------------------------------
======================================================================
Overall CPT RMSE = 0.02370026
======================================================================
BP                             Hellinger = 0.00786671
  Column 0:
    Flawed : [0.98 0.01 0.01]
    Prop   : [0.99 0.01 0.  ]
    GT     : [0.98 0.01 0.01]
----------------------------------------------------------------------
HYPOVOLEMIA                    Hellinger = 0.12491785
  Column 0:
    Flawed : [0.08 0.92]
    Prop   : [0.08 0.92]
    GT     : [0.2 0.8]
----------------------------------------------------------------------
LVEDVOLUME                     Hellinger = 0.15764108
  Column 0:
    Flawed : [0.65 0.33 0.02]
    Prop   : [0.65 0.33 0.02]
    GT     : [0.95 0.04 0.01]
  Column 2:
    Flawed : [0.68 0.3  0.02]
    Prop   : [0.68 0.3  0.02]
    GT     : [0.98 0.01 0.01]
----------------------------------------------------------------------
STROKEVOLUME                   Hellinger = 0.02709434
  Column 1:
    Flawed : [0.5  0.49 0.01]
    Prop   : [0.65 0.34 0.01]
    GT     : [0.5  0.49 0.01]
----------------------------------------------------------------------
======================================================================
Overall Average Hellinger = 0.00384634
###------------------------------###

Restart 1 finished.
###------------------------------###

==============================
PIPELINE RESTART #2
==============================
Cleared: /home/shamim_ist/AgentBN/workspace/alarm/bn_analysis.json
Cleared: /home/shamim_ist/AgentBN/workspace/alarm/last_proposed_bn.jsonl
Cleared: /home/shamim_ist/AgentBN/workspace/alarm/path_diagnostic_report.json
Cleared: /home/shamim_ist/AgentBN/workspace/alarm/cpt_localization_report.json
Cleared: /home/shamim_ist/AgentBN/workspace/alarm/refinement_recommendation.json
Cleared: /home/shamim_ist/AgentBN/workspace/alarm/failure_parameter_statistics.json

===================================================
Dataset: agentbn_train_subset_1.csv
===================================================
Accuracy: 76.06 %
Total: 330
Successes: 251
Failures: 79
Flawed BN Accuracy: 76.06%
Initial Acceptance Threshold: 83.24%

Initial Generation Attempt 0

Activation trace saved to /home/shamim_ist/AgentBN/workspace/alarm/activation_trace.csv
Failure parameter statistics saved to '/home/shamim_ist/AgentBN/workspace/alarm/failure_parameter_statistics.json'
Valid response received on attempt 1.
Valid response received on attempt 1.
Valid response received on attempt 1.

===================================================

Accuracy: 76.06%

Workflow analysis for BN #0 stored in /home/shamim_ist/AgentBN/workspace/alarm/bn_analysis.json
[Format Retry 1/2] Expecting ',' delimiter: line 187 column 13 (char 3832)
Valid response received on attempt 2.
Selected baseline BN: 0

===================================================
Dataset: agentbn_train_subset_1.csv
===================================================
Accuracy: 78.48 %
Total: 330
Successes: 259
Failures: 71

Candidate 1: Accuracy = 0.7848, Failures = 71, Successes = 259
Patch:
[
  {
    "name": "STROKEVOLUME",
    "cpt": {
      "parent_state_order": {
        "HYPOVOLEMIA": [
          "Hypovolemia",
          "No_Hypovolemia"
        ],
        "LVFAILURE": [
          "TRUE",
          "FALSE"
        ]
      },
      "values": [
        [
          0.98,
          0.65,
          0.95,
          0.05
        ],
        [
          0.01,
          0.34,
          0.04,
          0.9
        ],
        [
          0.01,
          0.01,
          0.01,
          0.05
        ]
      ]
    }
  },
  {
    "name": "CO",
    "cpt": {
      "parent_state_order": {
        "HR": [
          "LOW",
          "NORMAL",
          "HIGH"
        ],
        "STROKEVOLUME": [
          "LOW",
          "NORMAL",
          "HIGH"
        ]
      },
      "values": [
        [
          0.98,
          0.95,
          0.3,
          0.95,
          0.04,
          0.01,
          0.88,
          0.01,
          0.01
        ],
        [
          0.01,
          0.04,
          0.69,
          0.04,
          0.95,
          0.3,
          0.11,
          0.04,
          0.01
        ],
        [
          0.01,
          0.01,
          0.01,
          0.01,
          0.01,
          0.69,
          0.01,
          0.95,
          0.98
        ]
      ]
    }
  }
]

===================================================
Dataset: agentbn_train_subset_1.csv
===================================================
Accuracy: 78.18 %
Total: 330
Successes: 258
Failures: 72

Candidate 2: Accuracy = 0.7818, Failures = 72, Successes = 258
Patch:
[
  {
    "name": "STROKEVOLUME",
    "cpt": {
      "parent_state_order": {
        "HYPOVOLEMIA": [
          "Hypovolemia",
          "No_Hypovolemia"
        ],
        "LVFAILURE": [
          "TRUE",
          "FALSE"
        ]
      },
      "values": [
        [
          0.98,
          0.75,
          0.95,
          0.05
        ],
        [
          0.01,
          0.24,
          0.04,
          0.9
        ],
        [
          0.01,
          0.01,
          0.01,
          0.05
        ]
      ]
    }
  },
  {
    "name": "CO",
    "cpt": {
      "parent_state_order": {
        "HR": [
          "LOW",
          "NORMAL",
          "HIGH"
        ],
        "STROKEVOLUME": [
          "LOW",
          "NORMAL",
          "HIGH"
        ]
      },
      "values": [
        [
          0.98,
          0.95,
          0.3,
          0.95,
          0.04,
          0.01,
          0.93,
          0.01,
          0.01
        ],
        [
          0.01,
          0.04,
          0.69,
          0.04,
          0.95,
          0.3,
          0.06,
          0.04,
          0.01
        ],
        [
          0.01,
          0.01,
          0.01,
          0.01,
          0.01,
          0.69,
          0.01,
          0.95,
          0.98
        ]
      ]
    }
  }
]

===================================================
Dataset: agentbn_train_subset_1.csv
===================================================
Accuracy: 78.79 %
Total: 330
Successes: 260
Failures: 70

Candidate 3: Accuracy = 0.7879, Failures = 70, Successes = 260
Patch:
[
  {
    "name": "STROKEVOLUME",
    "cpt": {
      "parent_state_order": {
        "HYPOVOLEMIA": [
          "Hypovolemia",
          "No_Hypovolemia"
        ],
        "LVFAILURE": [
          "TRUE",
          "FALSE"
        ]
      },
      "values": [
        [
          0.98,
          0.6,
          0.95,
          0.05
        ],
        [
          0.01,
          0.39,
          0.04,
          0.9
        ],
        [
          0.01,
          0.01,
          0.01,
          0.05
        ]
      ]
    }
  }
]

========================================
BEST REFINEMENT CANDIDATE
========================================
Candidate 3
Accuracy: 0.7879
Failures: 70
Successes: 260

===================================================
Dataset: agentbn_train_subset_1.csv
===================================================
Accuracy: 78.79 %
Total: 330
Successes: 260
Failures: 70
Accuracy = 78.79%

Initial Generation Attempt 1
Removed workflow analysis for BN #0 from /home/shamim_ist/AgentBN/workspace/alarm/bn_analysis.json

Activation trace saved to /home/shamim_ist/AgentBN/workspace/alarm/activation_trace.csv
Failure parameter statistics saved to '/home/shamim_ist/AgentBN/workspace/alarm/failure_parameter_statistics.json'
Valid response received on attempt 1.
Valid response received on attempt 1.
Valid response received on attempt 1.

===================================================

Accuracy: 76.06%

Workflow analysis for BN #0 stored in /home/shamim_ist/AgentBN/workspace/alarm/bn_analysis.json
[Format Retry 1/2] Expecting ',' delimiter: line 182 column 13 (char 3760)
[Format Retry 2/2] Expecting ',' delimiter: line 222 column 13 (char 4569)
Response successfully repaired on attempt 1.
Selected baseline BN: 0

===================================================
Dataset: agentbn_train_subset_1.csv
===================================================
Accuracy: 78.48 %
Total: 330
Successes: 259
Failures: 71

Candidate 1: Accuracy = 0.7848, Failures = 71, Successes = 259
Patch:
[
  {
    "name": "STROKEVOLUME",
    "cpt": {
      "parent_state_order": {
        "HYPOVOLEMIA": [
          "Hypovolemia",
          "No_Hypovolemia"
        ],
        "LVFAILURE": [
          "TRUE",
          "FALSE"
        ]
      },
      "values": [
        [
          0.98,
          0.7,
          0.95,
          0.05
        ],
        [
          0.01,
          0.29,
          0.04,
          0.9
        ],
        [
          0.01,
          0.01,
          0.01,
          0.05
        ]
      ]
    }
  },
  {
    "name": "CO",
    "cpt": {
      "parent_state_order": {
        "HR": [
          "LOW",
          "NORMAL",
          "HIGH"
        ],
        "STROKEVOLUME": [
          "LOW",
          "NORMAL",
          "HIGH"
        ]
      },
      "values": [
        [
          0.98,
          0.95,
          0.3,
          0.95,
          0.04,
          0.01,
          0.88,
          0.01,
          0.01
        ],
        [
          0.01,
          0.04,
          0.69,
          0.04,
          0.95,
          0.3,
          0.11,
          0.04,
          0.01
        ],
        [
          0.01,
          0.01,
          0.01,
          0.01,
          0.01,
          0.69,
          0.01,
          0.95,
          0.98
        ]
      ]
    }
  }
]

===================================================
Dataset: agentbn_train_subset_1.csv
===================================================
Accuracy: 80.0 %
Total: 330
Successes: 264
Failures: 66

Candidate 2: Accuracy = 0.8000, Failures = 66, Successes = 264
Patch:
[
  {
    "name": "STROKEVOLUME",
    "cpt": {
      "parent_state_order": {
        "HYPOVOLEMIA": [
          "Hypovolemia",
          "No_Hypovolemia"
        ],
        "LVFAILURE": [
          "TRUE",
          "FALSE"
        ]
      },
      "values": [
        [
          0.98,
          0.8,
          0.95,
          0.05
        ],
        [
          0.01,
          0.19,
          0.04,
          0.9
        ],
        [
          0.01,
          0.01,
          0.01,
          0.05
        ]
      ]
    }
  }
]

===================================================
Dataset: agentbn_train_subset_1.csv
===================================================
Accuracy: 77.88 %
Total: 330
Successes: 257
Failures: 73

Candidate 3: Accuracy = 0.7788, Failures = 73, Successes = 257
Patch:
[
  {
    "name": "STROKEVOLUME",
    "cpt": {
      "parent_state_order": {
        "HYPOVOLEMIA": [
          "Hypovolemia",
          "No_Hypovolemia"
        ],
        "LVFAILURE": [
          "TRUE",
          "FALSE"
        ]
      },
      "values": [
        [
          0.98,
          0.65,
          0.95,
          0.05
        ],
        [
          0.01,
          0.34,
          0.04,
          0.9
        ],
        [
          0.01,
          0.01,
          0.01,
          0.05
        ]
      ]
    }
  },
  {
    "name": "CO",
    "cpt": {
      "parent_state_order": {
        "HR": [
          "LOW",
          "NORMAL",
          "HIGH"
        ],
        "STROKEVOLUME": [
          "LOW",
          "NORMAL",
          "HIGH"
        ]
      },
      "values": [
        [
          0.98,
          0.95,
          0.3,
          0.95,
          0.04,
          0.01,
          0.93,
          0.01,
          0.01
        ],
        [
          0.01,
          0.04,
          0.69,
          0.04,
          0.95,
          0.3,
          0.06,
          0.04,
          0.01
        ],
        [
          0.01,
          0.01,
          0.01,
          0.01,
          0.01,
          0.69,
          0.01,
          0.95,
          0.98
        ]
      ]
    }
  }
]

========================================
BEST REFINEMENT CANDIDATE
========================================
Candidate 2
Accuracy: 0.8000
Failures: 66
Successes: 264

===================================================
Dataset: agentbn_train_subset_1.csv
===================================================
Accuracy: 80.0 %
Total: 330
Successes: 264
Failures: 66
Accuracy = 80.00%

Initial Generation Attempt 2
Removed workflow analysis for BN #0 from /home/shamim_ist/AgentBN/workspace/alarm/bn_analysis.json

Activation trace saved to /home/shamim_ist/AgentBN/workspace/alarm/activation_trace.csv
Failure parameter statistics saved to '/home/shamim_ist/AgentBN/workspace/alarm/failure_parameter_statistics.json'
Valid response received on attempt 1.
Valid response received on attempt 1.
Valid response received on attempt 1.

===================================================

Accuracy: 76.06%

Workflow analysis for BN #0 stored in /home/shamim_ist/AgentBN/workspace/alarm/bn_analysis.json
[Format Retry 1/2] Expecting ',' delimiter: line 222 column 13 (char 4568)
[Format Retry 2/2] Expecting ',' delimiter: line 130 column 13 (char 2679)
Response successfully repaired on attempt 1.
Selected baseline BN: 0

===================================================
Dataset: agentbn_train_subset_1.csv
===================================================
Accuracy: 79.39 %
Total: 330
Successes: 262
Failures: 68

Candidate 1: Accuracy = 0.7939, Failures = 68, Successes = 262
Patch:
[
  {
    "name": "STROKEVOLUME",
    "cpt": {
      "parent_state_order": {
        "HYPOVOLEMIA": [
          "Hypovolemia",
          "No_Hypovolemia"
        ],
        "LVFAILURE": [
          "TRUE",
          "FALSE"
        ]
      },
      "values": [
        [
          0.98,
          0.7,
          0.95,
          0.05
        ],
        [
          0.01,
          0.29,
          0.04,
          0.9
        ],
        [
          0.01,
          0.01,
          0.01,
          0.05
        ]
      ]
    }
  }
]

===================================================
Dataset: agentbn_train_subset_1.csv
===================================================
Accuracy: 79.7 %
Total: 330
Successes: 263
Failures: 67

Candidate 2: Accuracy = 0.7970, Failures = 67, Successes = 263
Patch:
[
  {
    "name": "STROKEVOLUME",
    "cpt": {
      "parent_state_order": {
        "HYPOVOLEMIA": [
          "Hypovolemia",
          "No_Hypovolemia"
        ],
        "LVFAILURE": [
          "TRUE",
          "FALSE"
        ]
      },
      "values": [
        [
          0.98,
          0.78,
          0.95,
          0.05
        ],
        [
          0.01,
          0.21,
          0.04,
          0.9
        ],
        [
          0.01,
          0.01,
          0.01,
          0.05
        ]
      ]
    }
  },
  {
    "name": "CO",
    "cpt": {
      "parent_state_order": {
        "HR": [
          "LOW",
          "NORMAL",
          "HIGH"
        ],
        "STROKEVOLUME": [
          "LOW",
          "NORMAL",
          "HIGH"
        ]
      },
      "values": [
        [
          0.98,
          0.95,
          0.3,
          0.95,
          0.04,
          0.01,
          0.72,
          0.01,
          0.01
        ],
        [
          0.01,
          0.04,
          0.69,
          0.04,
          0.95,
          0.3,
          0.27,
          0.04,
          0.01
        ],
        [
          0.01,
          0.01,
          0.01,
          0.01,
          0.01,
          0.69,
          0.01,
          0.95,
          0.98
        ]
      ]
    }
  }
]

===================================================
Dataset: agentbn_train_subset_1.csv
===================================================
Accuracy: 79.7 %
Total: 330
Successes: 263
Failures: 67

Candidate 3: Accuracy = 0.7970, Failures = 67, Successes = 263
Patch:
[
  {
    "name": "STROKEVOLUME",
    "cpt": {
      "parent_state_order": {
        "HYPOVOLEMIA": [
          "Hypovolemia",
          "No_Hypovolemia"
        ],
        "LVFAILURE": [
          "TRUE",
          "FALSE"
        ]
      },
      "values": [
        [
          0.98,
          0.85,
          0.95,
          0.05
        ],
        [
          0.01,
          0.14,
          0.04,
          0.9
        ],
        [
          0.01,
          0.01,
          0.01,
          0.05
        ]
      ]
    }
  },
  {
    "name": "CO",
    "cpt": {
      "parent_state_order": {
        "HR": [
          "LOW",
          "NORMAL",
          "HIGH"
        ],
        "STROKEVOLUME": [
          "LOW",
          "NORMAL",
          "HIGH"
        ]
      },
      "values": [
        [
          0.98,
          0.95,
          0.3,
          0.95,
          0.04,
          0.01,
          0.65,
          0.01,
          0.01
        ],
        [
          0.01,
          0.04,
          0.69,
          0.04,
          0.95,
          0.3,
          0.34,
          0.04,
          0.01
        ],
        [
          0.01,
          0.01,
          0.01,
          0.01,
          0.01,
          0.69,
          0.01,
          0.95,
          0.98
        ]
      ]
    }
  }
]

========================================
BEST REFINEMENT CANDIDATE
========================================
Candidate 2
Accuracy: 0.7970
Failures: 67
Successes: 263

===================================================
Dataset: agentbn_train_subset_1.csv
===================================================
Accuracy: 79.7 %
Total: 330
Successes: 263
Failures: 67
Accuracy = 79.70%
Threshold (83.24%) not reached after 3 attempts. Using best generated BN (80.00%).
Removed workflow analysis for BN #0 from /home/shamim_ist/AgentBN/workspace/alarm/bn_analysis.json

Initial BN generated

===== ITERATION 1 =====

===================================================
Dataset: agentbn_train_subset_1.csv
===================================================
Accuracy: 80.0 %
Total: 330
Successes: 264
Failures: 66

Activation trace saved to /home/shamim_ist/AgentBN/workspace/alarm/activation_trace.csv
Failure parameter statistics saved to '/home/shamim_ist/AgentBN/workspace/alarm/failure_parameter_statistics.json'
Valid response received on attempt 1.
Valid response received on attempt 1.
Valid response received on attempt 1.

===================================================

Accuracy: 80.00%

Workflow analysis for BN #1 stored in /home/shamim_ist/AgentBN/workspace/alarm/bn_analysis.json
Valid response received on attempt 1.
Selected baseline BN: 1

===================================================
Dataset: agentbn_train_subset_1.csv
===================================================
Accuracy: 79.39 %
Total: 330
Successes: 262
Failures: 68

Candidate 1: Accuracy = 0.7939, Failures = 68, Successes = 262
Patch:
[
  {
    "name": "STROKEVOLUME",
    "cpt": {
      "parent_state_order": {
        "HYPOVOLEMIA": [
          "Hypovolemia",
          "No_Hypovolemia"
        ],
        "LVFAILURE": [
          "TRUE",
          "FALSE"
        ]
      },
      "values": [
        [
          0.98,
          0.72,
          0.95,
          0.05
        ],
        [
          0.01,
          0.27,
          0.04,
          0.9
        ],
        [
          0.01,
          0.01,
          0.01,
          0.05
        ]
      ]
    }
  }
]

===================================================
Dataset: agentbn_train_subset_1.csv
===================================================
Accuracy: 79.39 %
Total: 330
Successes: 262
Failures: 68

Candidate 2: Accuracy = 0.7939, Failures = 68, Successes = 262
Patch:
[
  {
    "name": "STROKEVOLUME",
    "cpt": {
      "parent_state_order": {
        "HYPOVOLEMIA": [
          "Hypovolemia",
          "No_Hypovolemia"
        ],
        "LVFAILURE": [
          "TRUE",
          "FALSE"
        ]
      },
      "values": [
        [
          0.98,
          0.65,
          0.95,
          0.05
        ],
        [
          0.01,
          0.34,
          0.04,
          0.9
        ],
        [
          0.01,
          0.01,
          0.01,
          0.05
        ]
      ]
    }
  }
]

===================================================
Dataset: agentbn_train_subset_1.csv
===================================================
Accuracy: 79.7 %
Total: 330
Successes: 263
Failures: 67

Candidate 3: Accuracy = 0.7970, Failures = 67, Successes = 263
Patch:
[
  {
    "name": "STROKEVOLUME",
    "cpt": {
      "parent_state_order": {
        "HYPOVOLEMIA": [
          "Hypovolemia",
          "No_Hypovolemia"
        ],
        "LVFAILURE": [
          "TRUE",
          "FALSE"
        ]
      },
      "values": [
        [
          0.98,
          0.75,
          0.95,
          0.05
        ],
        [
          0.015,
          0.235,
          0.04,
          0.9
        ],
        [
          0.005,
          0.015,
          0.01,
          0.05
        ]
      ]
    }
  }
]

========================================
BEST REFINEMENT CANDIDATE
========================================
Candidate 3
Accuracy: 0.7970
Failures: 67
Successes: 263

===================================================
Dataset: agentbn_train_subset_1.csv
===================================================
Accuracy: 79.7 %
Total: 330
Successes: 263
Failures: 67

Accuracy did not improve. Need improvement from 80.00% 
Removed 1 record(s) with bn_number=2
Valid response received on attempt 1.
Selected baseline BN: 1

===================================================
Dataset: agentbn_train_subset_1.csv
===================================================
Accuracy: 79.39 %
Total: 330
Successes: 262
Failures: 68

Candidate 1: Accuracy = 0.7939, Failures = 68, Successes = 262
Patch:
[
  {
    "name": "STROKEVOLUME",
    "cpt": {
      "parent_state_order": {
        "HYPOVOLEMIA": [
          "Hypovolemia",
          "No_Hypovolemia"
        ],
        "LVFAILURE": [
          "TRUE",
          "FALSE"
        ]
      },
      "values": [
        [
          0.98,
          0.72,
          0.95,
          0.05
        ],
        [
          0.01,
          0.27,
          0.04,
          0.9
        ],
        [
          0.01,
          0.01,
          0.01,
          0.05
        ]
      ]
    }
  }
]

===================================================
Dataset: agentbn_train_subset_1.csv
===================================================
Accuracy: 79.39 %
Total: 330
Successes: 262
Failures: 68

Candidate 2: Accuracy = 0.7939, Failures = 68, Successes = 262
Patch:
[
  {
    "name": "STROKEVOLUME",
    "cpt": {
      "parent_state_order": {
        "HYPOVOLEMIA": [
          "Hypovolemia",
          "No_Hypovolemia"
        ],
        "LVFAILURE": [
          "TRUE",
          "FALSE"
        ]
      },
      "values": [
        [
          0.98,
          0.65,
          0.95,
          0.05
        ],
        [
          0.01,
          0.34,
          0.04,
          0.9
        ],
        [
          0.01,
          0.01,
          0.01,
          0.05
        ]
      ]
    }
  }
]

===================================================
Dataset: agentbn_train_subset_1.csv
===================================================
Accuracy: 79.7 %
Total: 330
Successes: 263
Failures: 67

Candidate 3: Accuracy = 0.7970, Failures = 67, Successes = 263
Patch:
[
  {
    "name": "STROKEVOLUME",
    "cpt": {
      "parent_state_order": {
        "HYPOVOLEMIA": [
          "Hypovolemia",
          "No_Hypovolemia"
        ],
        "LVFAILURE": [
          "TRUE",
          "FALSE"
        ]
      },
      "values": [
        [
          0.98,
          0.75,
          0.95,
          0.05
        ],
        [
          0.01,
          0.24,
          0.04,
          0.9
        ],
        [
          0.01,
          0.01,
          0.01,
          0.05
        ]
      ]
    }
  }
]

========================================
BEST REFINEMENT CANDIDATE
========================================
Candidate 3
Accuracy: 0.7970
Failures: 67
Successes: 263

===================================================
Dataset: agentbn_train_subset_1.csv
===================================================
Accuracy: 79.7 %
Total: 330
Successes: 263
Failures: 67
Removed 1 record(s) with bn_number=2
Valid response received on attempt 1.
Selected baseline BN: 1

===================================================
Dataset: agentbn_train_subset_1.csv
===================================================
Accuracy: 79.39 %
Total: 330
Successes: 262
Failures: 68

Candidate 1: Accuracy = 0.7939, Failures = 68, Successes = 262
Patch:
[
  {
    "name": "STROKEVOLUME",
    "cpt": {
      "parent_state_order": {
        "HYPOVOLEMIA": [
          "Hypovolemia",
          "No_Hypovolemia"
        ],
        "LVFAILURE": [
          "TRUE",
          "FALSE"
        ]
      },
      "values": [
        [
          0.98,
          0.72,
          0.95,
          0.05
        ],
        [
          0.01,
          0.27,
          0.04,
          0.9
        ],
        [
          0.01,
          0.01,
          0.01,
          0.05
        ]
      ]
    }
  }
]

===================================================
Dataset: agentbn_train_subset_1.csv
===================================================
Accuracy: 79.39 %
Total: 330
Successes: 262
Failures: 68

Candidate 2: Accuracy = 0.7939, Failures = 68, Successes = 262
Patch:
[
  {
    "name": "STROKEVOLUME",
    "cpt": {
      "parent_state_order": {
        "HYPOVOLEMIA": [
          "Hypovolemia",
          "No_Hypovolemia"
        ],
        "LVFAILURE": [
          "TRUE",
          "FALSE"
        ]
      },
      "values": [
        [
          0.98,
          0.65,
          0.95,
          0.05
        ],
        [
          0.01,
          0.34,
          0.04,
          0.9
        ],
        [
          0.01,
          0.01,
          0.01,
          0.05
        ]
      ]
    }
  }
]

===================================================
Dataset: agentbn_train_subset_1.csv
===================================================
Accuracy: 79.7 %
Total: 330
Successes: 263
Failures: 67

Candidate 3: Accuracy = 0.7970, Failures = 67, Successes = 263
Patch:
[
  {
    "name": "STROKEVOLUME",
    "cpt": {
      "parent_state_order": {
        "HYPOVOLEMIA": [
          "Hypovolemia",
          "No_Hypovolemia"
        ],
        "LVFAILURE": [
          "TRUE",
          "FALSE"
        ]
      },
      "values": [
        [
          0.98,
          0.75,
          0.95,
          0.05
        ],
        [
          0.01,
          0.19,
          0.04,
          0.9
        ],
        [
          0.01,
          0.06,
          0.01,
          0.05
        ]
      ]
    }
  }
]

========================================
BEST REFINEMENT CANDIDATE
========================================
Candidate 3
Accuracy: 0.7970
Failures: 67
Successes: 263

===================================================
Dataset: agentbn_train_subset_1.csv
===================================================
Accuracy: 79.7 %
Total: 330
Successes: 263
Failures: 67
Removed 1 record(s) with bn_number=2
Valid response received on attempt 1.
Selected baseline BN: 1

===================================================
Dataset: agentbn_train_subset_1.csv
===================================================
Accuracy: 79.39 %
Total: 330
Successes: 262
Failures: 68

Candidate 1: Accuracy = 0.7939, Failures = 68, Successes = 262
Patch:
[
  {
    "name": "STROKEVOLUME",
    "cpt": {
      "parent_state_order": {
        "HYPOVOLEMIA": [
          "Hypovolemia",
          "No_Hypovolemia"
        ],
        "LVFAILURE": [
          "TRUE",
          "FALSE"
        ]
      },
      "values": [
        [
          0.98,
          0.72,
          0.95,
          0.05
        ],
        [
          0.01,
          0.27,
          0.04,
          0.9
        ],
        [
          0.01,
          0.01,
          0.01,
          0.05
        ]
      ]
    }
  }
]

===================================================
Dataset: agentbn_train_subset_1.csv
===================================================
Accuracy: 79.39 %
Total: 330
Successes: 262
Failures: 68

Candidate 2: Accuracy = 0.7939, Failures = 68, Successes = 262
Patch:
[
  {
    "name": "STROKEVOLUME",
    "cpt": {
      "parent_state_order": {
        "HYPOVOLEMIA": [
          "Hypovolemia",
          "No_Hypovolemia"
        ],
        "LVFAILURE": [
          "TRUE",
          "FALSE"
        ]
      },
      "values": [
        [
          0.98,
          0.65,
          0.95,
          0.05
        ],
        [
          0.01,
          0.34,
          0.04,
          0.9
        ],
        [
          0.01,
          0.01,
          0.01,
          0.05
        ]
      ]
    }
  }
]

===================================================
Dataset: agentbn_train_subset_1.csv
===================================================
Accuracy: 79.7 %
Total: 330
Successes: 263
Failures: 67

Candidate 3: Accuracy = 0.7970, Failures = 67, Successes = 263
Patch:
[
  {
    "name": "STROKEVOLUME",
    "cpt": {
      "parent_state_order": {
        "HYPOVOLEMIA": [
          "Hypovolemia",
          "No_Hypovolemia"
        ],
        "LVFAILURE": [
          "TRUE",
          "FALSE"
        ]
      },
      "values": [
        [
          0.98,
          0.75,
          0.95,
          0.05
        ],
        [
          0.015,
          0.24,
          0.04,
          0.9
        ],
        [
          0.005,
          0.01,
          0.01,
          0.05
        ]
      ]
    }
  }
]

========================================
BEST REFINEMENT CANDIDATE
========================================
Candidate 3
Accuracy: 0.7970
Failures: 67
Successes: 263

===================================================
Dataset: agentbn_train_subset_1.csv
===================================================
Accuracy: 79.7 %
Total: 330
Successes: 263
Failures: 67

No improvement after 3 retries. Selecting best retry candidate (accuracy=79.70%).
Removed 1 record(s) with bn_number=2
Continuing with retry candidate (accuracy=79.70%).

===== ITERATION 2 =====

===================================================
Dataset: agentbn_train_subset_1.csv
===================================================
Accuracy: 79.7 %
Total: 330
Successes: 263
Failures: 67

Activation trace saved to /home/shamim_ist/AgentBN/workspace/alarm/activation_trace.csv
Failure parameter statistics saved to '/home/shamim_ist/AgentBN/workspace/alarm/failure_parameter_statistics.json'
Valid response received on attempt 1.
Valid response received on attempt 1.
Valid response received on attempt 1.

===================================================

Accuracy: 79.70%

Workflow analysis for BN #2 stored in /home/shamim_ist/AgentBN/workspace/alarm/bn_analysis.json
Valid response received on attempt 1.
Selected baseline BN: 1

===================================================
Dataset: agentbn_train_subset_1.csv
===================================================
Accuracy: 79.39 %
Total: 330
Successes: 262
Failures: 68

Candidate 1: Accuracy = 0.7939, Failures = 68, Successes = 262
Patch:
[
  {
    "name": "STROKEVOLUME",
    "cpt": {
      "parent_state_order": {
        "HYPOVOLEMIA": [
          "Hypovolemia",
          "No_Hypovolemia"
        ],
        "LVFAILURE": [
          "TRUE",
          "FALSE"
        ]
      },
      "values": [
        [
          0.98,
          0.72,
          0.95,
          0.05
        ],
        [
          0.01,
          0.27,
          0.04,
          0.9
        ],
        [
          0.01,
          0.01,
          0.01,
          0.05
        ]
      ]
    }
  }
]

===================================================
Dataset: agentbn_train_subset_1.csv
===================================================
Accuracy: 79.39 %
Total: 330
Successes: 262
Failures: 68

Candidate 2: Accuracy = 0.7939, Failures = 68, Successes = 262
Patch:
[
  {
    "name": "STROKEVOLUME",
    "cpt": {
      "parent_state_order": {
        "HYPOVOLEMIA": [
          "Hypovolemia",
          "No_Hypovolemia"
        ],
        "LVFAILURE": [
          "TRUE",
          "FALSE"
        ]
      },
      "values": [
        [
          0.98,
          0.65,
          0.95,
          0.05
        ],
        [
          0.01,
          0.34,
          0.04,
          0.9
        ],
        [
          0.01,
          0.01,
          0.01,
          0.05
        ]
      ]
    }
  }
]

===================================================
Dataset: agentbn_train_subset_1.csv
===================================================
Accuracy: 79.7 %
Total: 330
Successes: 263
Failures: 67

Candidate 3: Accuracy = 0.7970, Failures = 67, Successes = 263
Patch:
[
  {
    "name": "STROKEVOLUME",
    "cpt": {
      "parent_state_order": {
        "HYPOVOLEMIA": [
          "Hypovolemia",
          "No_Hypovolemia"
        ],
        "LVFAILURE": [
          "TRUE",
          "FALSE"
        ]
      },
      "values": [
        [
          0.98,
          0.75,
          0.95,
          0.05
        ],
        [
          0.01,
          0.22,
          0.04,
          0.9
        ],
        [
          0.01,
          0.03,
          0.01,
          0.05
        ]
      ]
    }
  }
]

========================================
BEST REFINEMENT CANDIDATE
========================================
Candidate 3
Accuracy: 0.7970
Failures: 67
Successes: 263

===================================================
Dataset: agentbn_train_subset_1.csv
===================================================
Accuracy: 79.7 %
Total: 330
Successes: 263
Failures: 67

Accuracy did not improve. Need improvement from 79.70% 
Removed 1 record(s) with bn_number=3
Valid response received on attempt 1.
Selected baseline BN: 1

===================================================
Dataset: agentbn_train_subset_1.csv
===================================================
Accuracy: 79.39 %
Total: 330
Successes: 262
Failures: 68

Candidate 1: Accuracy = 0.7939, Failures = 68, Successes = 262
Patch:
[
  {
    "name": "STROKEVOLUME",
    "cpt": {
      "parent_state_order": {
        "HYPOVOLEMIA": [
          "Hypovolemia",
          "No_Hypovolemia"
        ],
        "LVFAILURE": [
          "TRUE",
          "FALSE"
        ]
      },
      "values": [
        [
          0.98,
          0.72,
          0.95,
          0.05
        ],
        [
          0.01,
          0.27,
          0.04,
          0.9
        ],
        [
          0.01,
          0.01,
          0.01,
          0.05
        ]
      ]
    }
  }
]

===================================================
Dataset: agentbn_train_subset_1.csv
===================================================
Accuracy: 79.39 %
Total: 330
Successes: 262
Failures: 68

Candidate 2: Accuracy = 0.7939, Failures = 68, Successes = 262
Patch:
[
  {
    "name": "STROKEVOLUME",
    "cpt": {
      "parent_state_order": {
        "HYPOVOLEMIA": [
          "Hypovolemia",
          "No_Hypovolemia"
        ],
        "LVFAILURE": [
          "TRUE",
          "FALSE"
        ]
      },
      "values": [
        [
          0.98,
          0.65,
          0.95,
          0.05
        ],
        [
          0.01,
          0.34,
          0.04,
          0.9
        ],
        [
          0.01,
          0.01,
          0.01,
          0.05
        ]
      ]
    }
  }
]

===================================================
Dataset: agentbn_train_subset_1.csv
===================================================
Accuracy: 79.7 %
Total: 330
Successes: 263
Failures: 67

Candidate 3: Accuracy = 0.7970, Failures = 67, Successes = 263
Patch:
[
  {
    "name": "STROKEVOLUME",
    "cpt": {
      "parent_state_order": {
        "HYPOVOLEMIA": [
          "Hypovolemia",
          "No_Hypovolemia"
        ],
        "LVFAILURE": [
          "TRUE",
          "FALSE"
        ]
      },
      "values": [
        [
          0.98,
          0.75,
          0.95,
          0.05
        ],
        [
          0.01,
          0.22,
          0.04,
          0.9
        ],
        [
          0.01,
          0.03,
          0.01,
          0.05
        ]
      ]
    }
  }
]

========================================
BEST REFINEMENT CANDIDATE
========================================
Candidate 3
Accuracy: 0.7970
Failures: 67
Successes: 263

===================================================
Dataset: agentbn_train_subset_1.csv
===================================================
Accuracy: 79.7 %
Total: 330
Successes: 263
Failures: 67
Removed 1 record(s) with bn_number=3
Valid response received on attempt 1.
Selected baseline BN: 1

===================================================
Dataset: agentbn_train_subset_1.csv
===================================================
Accuracy: 79.39 %
Total: 330
Successes: 262
Failures: 68

Candidate 1: Accuracy = 0.7939, Failures = 68, Successes = 262
Patch:
[
  {
    "name": "STROKEVOLUME",
    "cpt": {
      "parent_state_order": {
        "HYPOVOLEMIA": [
          "Hypovolemia",
          "No_Hypovolemia"
        ],
        "LVFAILURE": [
          "TRUE",
          "FALSE"
        ]
      },
      "values": [
        [
          0.98,
          0.72,
          0.95,
          0.05
        ],
        [
          0.01,
          0.27,
          0.04,
          0.9
        ],
        [
          0.01,
          0.01,
          0.01,
          0.05
        ]
      ]
    }
  }
]

===================================================
Dataset: agentbn_train_subset_1.csv
===================================================
Accuracy: 79.39 %
Total: 330
Successes: 262
Failures: 68

Candidate 2: Accuracy = 0.7939, Failures = 68, Successes = 262
Patch:
[
  {
    "name": "STROKEVOLUME",
    "cpt": {
      "parent_state_order": {
        "HYPOVOLEMIA": [
          "Hypovolemia",
          "No_Hypovolemia"
        ],
        "LVFAILURE": [
          "TRUE",
          "FALSE"
        ]
      },
      "values": [
        [
          0.98,
          0.65,
          0.95,
          0.05
        ],
        [
          0.01,
          0.34,
          0.04,
          0.9
        ],
        [
          0.01,
          0.01,
          0.01,
          0.05
        ]
      ]
    }
  }
]

===================================================
Dataset: agentbn_train_subset_1.csv
===================================================
Accuracy: 79.7 %
Total: 330
Successes: 263
Failures: 67

Candidate 3: Accuracy = 0.7970, Failures = 67, Successes = 263
Patch:
[
  {
    "name": "STROKEVOLUME",
    "cpt": {
      "parent_state_order": {
        "HYPOVOLEMIA": [
          "Hypovolemia",
          "No_Hypovolemia"
        ],
        "LVFAILURE": [
          "TRUE",
          "FALSE"
        ]
      },
      "values": [
        [
          0.98,
          0.75,
          0.95,
          0.05
        ],
        [
          0.01,
          0.23,
          0.04,
          0.9
        ],
        [
          0.01,
          0.02,
          0.01,
          0.05
        ]
      ]
    }
  }
]

========================================
BEST REFINEMENT CANDIDATE
========================================
Candidate 3
Accuracy: 0.7970
Failures: 67
Successes: 263

===================================================
Dataset: agentbn_train_subset_1.csv
===================================================
Accuracy: 79.7 %
Total: 330
Successes: 263
Failures: 67
Removed 1 record(s) with bn_number=3
Valid response received on attempt 1.
Selected baseline BN: 1

===================================================
Dataset: agentbn_train_subset_1.csv
===================================================
Accuracy: 79.39 %
Total: 330
Successes: 262
Failures: 68

Candidate 1: Accuracy = 0.7939, Failures = 68, Successes = 262
Patch:
[
  {
    "name": "STROKEVOLUME",
    "cpt": {
      "parent_state_order": {
        "HYPOVOLEMIA": [
          "Hypovolemia",
          "No_Hypovolemia"
        ],
        "LVFAILURE": [
          "TRUE",
          "FALSE"
        ]
      },
      "values": [
        [
          0.98,
          0.72,
          0.95,
          0.05
        ],
        [
          0.01,
          0.27,
          0.04,
          0.9
        ],
        [
          0.01,
          0.01,
          0.01,
          0.05
        ]
      ]
    }
  }
]

===================================================
Dataset: agentbn_train_subset_1.csv
===================================================
Accuracy: 79.39 %
Total: 330
Successes: 262
Failures: 68

Candidate 2: Accuracy = 0.7939, Failures = 68, Successes = 262
Patch:
[
  {
    "name": "STROKEVOLUME",
    "cpt": {
      "parent_state_order": {
        "HYPOVOLEMIA": [
          "Hypovolemia",
          "No_Hypovolemia"
        ],
        "LVFAILURE": [
          "TRUE",
          "FALSE"
        ]
      },
      "values": [
        [
          0.98,
          0.65,
          0.95,
          0.05
        ],
        [
          0.01,
          0.34,
          0.04,
          0.9
        ],
        [
          0.01,
          0.01,
          0.01,
          0.05
        ]
      ]
    }
  }
]

===================================================
Dataset: agentbn_train_subset_1.csv
===================================================
Accuracy: 79.7 %
Total: 330
Successes: 263
Failures: 67

Candidate 3: Accuracy = 0.7970, Failures = 67, Successes = 263
Patch:
[
  {
    "name": "STROKEVOLUME",
    "cpt": {
      "parent_state_order": {
        "HYPOVOLEMIA": [
          "Hypovolemia",
          "No_Hypovolemia"
        ],
        "LVFAILURE": [
          "TRUE",
          "FALSE"
        ]
      },
      "values": [
        [
          0.98,
          0.75,
          0.95,
          0.05
        ],
        [
          0.01,
          0.19,
          0.04,
          0.9
        ],
        [
          0.01,
          0.06,
          0.01,
          0.05
        ]
      ]
    }
  }
]

========================================
BEST REFINEMENT CANDIDATE
========================================
Candidate 3
Accuracy: 0.7970
Failures: 67
Successes: 263

===================================================
Dataset: agentbn_train_subset_1.csv
===================================================
Accuracy: 79.7 %
Total: 330
Successes: 263
Failures: 67

No improvement after 3 retries. Selecting best retry candidate (accuracy=79.70%).
Removed 1 record(s) with bn_number=3
Continuing with retry candidate (accuracy=79.70%).

===== ITERATION 3 =====

===================================================
Dataset: agentbn_train_subset_1.csv
===================================================
Accuracy: 79.7 %
Total: 330
Successes: 263
Failures: 67

Activation trace saved to /home/shamim_ist/AgentBN/workspace/alarm/activation_trace.csv
Failure parameter statistics saved to '/home/shamim_ist/AgentBN/workspace/alarm/failure_parameter_statistics.json'
Valid response received on attempt 1.
Valid response received on attempt 1.
Valid response received on attempt 1.

===================================================

Accuracy: 79.70%

Workflow analysis for BN #3 stored in /home/shamim_ist/AgentBN/workspace/alarm/bn_analysis.json
Valid response received on attempt 1.
Selected baseline BN: 1

===================================================
Dataset: agentbn_train_subset_1.csv
===================================================
Accuracy: 79.39 %
Total: 330
Successes: 262
Failures: 68

Candidate 1: Accuracy = 0.7939, Failures = 68, Successes = 262
Patch:
[
  {
    "name": "STROKEVOLUME",
    "cpt": {
      "parent_state_order": {
        "HYPOVOLEMIA": [
          "Hypovolemia",
          "No_Hypovolemia"
        ],
        "LVFAILURE": [
          "TRUE",
          "FALSE"
        ]
      },
      "values": [
        [
          0.98,
          0.72,
          0.95,
          0.05
        ],
        [
          0.01,
          0.27,
          0.04,
          0.9
        ],
        [
          0.01,
          0.01,
          0.01,
          0.05
        ]
      ]
    }
  }
]

===================================================
Dataset: agentbn_train_subset_1.csv
===================================================
Accuracy: 79.39 %
Total: 330
Successes: 262
Failures: 68

Candidate 2: Accuracy = 0.7939, Failures = 68, Successes = 262
Patch:
[
  {
    "name": "STROKEVOLUME",
    "cpt": {
      "parent_state_order": {
        "HYPOVOLEMIA": [
          "Hypovolemia",
          "No_Hypovolemia"
        ],
        "LVFAILURE": [
          "TRUE",
          "FALSE"
        ]
      },
      "values": [
        [
          0.98,
          0.65,
          0.95,
          0.05
        ],
        [
          0.01,
          0.34,
          0.04,
          0.9
        ],
        [
          0.01,
          0.01,
          0.01,
          0.05
        ]
      ]
    }
  }
]

===================================================
Dataset: agentbn_train_subset_1.csv
===================================================
Accuracy: 79.7 %
Total: 330
Successes: 263
Failures: 67

Candidate 3: Accuracy = 0.7970, Failures = 67, Successes = 263
Patch:
[
  {
    "name": "STROKEVOLUME",
    "cpt": {
      "parent_state_order": {
        "HYPOVOLEMIA": [
          "Hypovolemia",
          "No_Hypovolemia"
        ],
        "LVFAILURE": [
          "TRUE",
          "FALSE"
        ]
      },
      "values": [
        [
          0.98,
          0.75,
          0.95,
          0.05
        ],
        [
          0.015,
          0.24,
          0.04,
          0.9
        ],
        [
          0.005,
          0.01,
          0.01,
          0.05
        ]
      ]
    }
  }
]

========================================
BEST REFINEMENT CANDIDATE
========================================
Candidate 3
Accuracy: 0.7970
Failures: 67
Successes: 263

===================================================
Dataset: agentbn_train_subset_1.csv
===================================================
Accuracy: 79.7 %
Total: 330
Successes: 263
Failures: 67

Accuracy did not improve. Need improvement from 79.70% 
Removed 1 record(s) with bn_number=4
Valid response received on attempt 1.
Selected baseline BN: 1

===================================================
Dataset: agentbn_train_subset_1.csv
===================================================
Accuracy: 79.39 %
Total: 330
Successes: 262
Failures: 68

Candidate 1: Accuracy = 0.7939, Failures = 68, Successes = 262
Patch:
[
  {
    "name": "STROKEVOLUME",
    "cpt": {
      "parent_state_order": {
        "HYPOVOLEMIA": [
          "Hypovolemia",
          "No_Hypovolemia"
        ],
        "LVFAILURE": [
          "TRUE",
          "FALSE"
        ]
      },
      "values": [
        [
          0.98,
          0.72,
          0.95,
          0.05
        ],
        [
          0.01,
          0.27,
          0.04,
          0.9
        ],
        [
          0.01,
          0.01,
          0.01,
          0.05
        ]
      ]
    }
  }
]

===================================================
Dataset: agentbn_train_subset_1.csv
===================================================
Accuracy: 79.39 %
Total: 330
Successes: 262
Failures: 68

Candidate 2: Accuracy = 0.7939, Failures = 68, Successes = 262
Patch:
[
  {
    "name": "STROKEVOLUME",
    "cpt": {
      "parent_state_order": {
        "HYPOVOLEMIA": [
          "Hypovolemia",
          "No_Hypovolemia"
        ],
        "LVFAILURE": [
          "TRUE",
          "FALSE"
        ]
      },
      "values": [
        [
          0.98,
          0.65,
          0.95,
          0.05
        ],
        [
          0.01,
          0.34,
          0.04,
          0.9
        ],
        [
          0.01,
          0.01,
          0.01,
          0.05
        ]
      ]
    }
  }
]

===================================================
Dataset: agentbn_train_subset_1.csv
===================================================
Accuracy: 79.7 %
Total: 330
Successes: 263
Failures: 67

Candidate 3: Accuracy = 0.7970, Failures = 67, Successes = 263
Patch:
[
  {
    "name": "STROKEVOLUME",
    "cpt": {
      "parent_state_order": {
        "HYPOVOLEMIA": [
          "Hypovolemia",
          "No_Hypovolemia"
        ],
        "LVFAILURE": [
          "TRUE",
          "FALSE"
        ]
      },
      "values": [
        [
          0.98,
          0.75,
          0.95,
          0.05
        ],
        [
          0.015,
          0.24,
          0.04,
          0.9
        ],
        [
          0.005,
          0.01,
          0.01,
          0.05
        ]
      ]
    }
  }
]

========================================
BEST REFINEMENT CANDIDATE
========================================
Candidate 3
Accuracy: 0.7970
Failures: 67
Successes: 263

===================================================
Dataset: agentbn_train_subset_1.csv
===================================================
Accuracy: 79.7 %
Total: 330
Successes: 263
Failures: 67
Removed 1 record(s) with bn_number=4
Valid response received on attempt 1.
Selected baseline BN: 1

===================================================
Dataset: agentbn_train_subset_1.csv
===================================================
Accuracy: 79.39 %
Total: 330
Successes: 262
Failures: 68

Candidate 1: Accuracy = 0.7939, Failures = 68, Successes = 262
Patch:
[
  {
    "name": "STROKEVOLUME",
    "cpt": {
      "parent_state_order": {
        "HYPOVOLEMIA": [
          "Hypovolemia",
          "No_Hypovolemia"
        ],
        "LVFAILURE": [
          "TRUE",
          "FALSE"
        ]
      },
      "values": [
        [
          0.98,
          0.72,
          0.95,
          0.05
        ],
        [
          0.01,
          0.27,
          0.04,
          0.9
        ],
        [
          0.01,
          0.01,
          0.01,
          0.05
        ]
      ]
    }
  }
]

===================================================
Dataset: agentbn_train_subset_1.csv
===================================================
Accuracy: 79.39 %
Total: 330
Successes: 262
Failures: 68

Candidate 2: Accuracy = 0.7939, Failures = 68, Successes = 262
Patch:
[
  {
    "name": "STROKEVOLUME",
    "cpt": {
      "parent_state_order": {
        "HYPOVOLEMIA": [
          "Hypovolemia",
          "No_Hypovolemia"
        ],
        "LVFAILURE": [
          "TRUE",
          "FALSE"
        ]
      },
      "values": [
        [
          0.98,
          0.65,
          0.95,
          0.05
        ],
        [
          0.01,
          0.34,
          0.04,
          0.9
        ],
        [
          0.01,
          0.01,
          0.01,
          0.05
        ]
      ]
    }
  }
]

===================================================
Dataset: agentbn_train_subset_1.csv
===================================================
Accuracy: 79.7 %
Total: 330
Successes: 263
Failures: 67

Candidate 3: Accuracy = 0.7970, Failures = 67, Successes = 263
Patch:
[
  {
    "name": "STROKEVOLUME",
    "cpt": {
      "parent_state_order": {
        "HYPOVOLEMIA": [
          "Hypovolemia",
          "No_Hypovolemia"
        ],
        "LVFAILURE": [
          "TRUE",
          "FALSE"
        ]
      },
      "values": [
        [
          0.98,
          0.75,
          0.95,
          0.05
        ],
        [
          0.015,
          0.24,
          0.04,
          0.9
        ],
        [
          0.005,
          0.01,
          0.01,
          0.05
        ]
      ]
    }
  }
]

========================================
BEST REFINEMENT CANDIDATE
========================================
Candidate 3
Accuracy: 0.7970
Failures: 67
Successes: 263

===================================================
Dataset: agentbn_train_subset_1.csv
===================================================
Accuracy: 79.7 %
Total: 330
Successes: 263
Failures: 67
Removed 1 record(s) with bn_number=4
Valid response received on attempt 1.
Selected baseline BN: 1

===================================================
Dataset: agentbn_train_subset_1.csv
===================================================
Accuracy: 79.39 %
Total: 330
Successes: 262
Failures: 68

Candidate 1: Accuracy = 0.7939, Failures = 68, Successes = 262
Patch:
[
  {
    "name": "STROKEVOLUME",
    "cpt": {
      "parent_state_order": {
        "HYPOVOLEMIA": [
          "Hypovolemia",
          "No_Hypovolemia"
        ],
        "LVFAILURE": [
          "TRUE",
          "FALSE"
        ]
      },
      "values": [
        [
          0.98,
          0.72,
          0.95,
          0.05
        ],
        [
          0.01,
          0.27,
          0.04,
          0.9
        ],
        [
          0.01,
          0.01,
          0.01,
          0.05
        ]
      ]
    }
  }
]

===================================================
Dataset: agentbn_train_subset_1.csv
===================================================
Accuracy: 79.39 %
Total: 330
Successes: 262
Failures: 68

Candidate 2: Accuracy = 0.7939, Failures = 68, Successes = 262
Patch:
[
  {
    "name": "STROKEVOLUME",
    "cpt": {
      "parent_state_order": {
        "HYPOVOLEMIA": [
          "Hypovolemia",
          "No_Hypovolemia"
        ],
        "LVFAILURE": [
          "TRUE",
          "FALSE"
        ]
      },
      "values": [
        [
          0.98,
          0.65,
          0.95,
          0.05
        ],
        [
          0.01,
          0.34,
          0.04,
          0.9
        ],
        [
          0.01,
          0.01,
          0.01,
          0.05
        ]
      ]
    }
  }
]

===================================================
Dataset: agentbn_train_subset_1.csv
===================================================
Accuracy: 79.7 %
Total: 330
Successes: 263
Failures: 67

Candidate 3: Accuracy = 0.7970, Failures = 67, Successes = 263
Patch:
[
  {
    "name": "STROKEVOLUME",
    "cpt": {
      "parent_state_order": {
        "HYPOVOLEMIA": [
          "Hypovolemia",
          "No_Hypovolemia"
        ],
        "LVFAILURE": [
          "TRUE",
          "FALSE"
        ]
      },
      "values": [
        [
          0.98,
          0.75,
          0.95,
          0.05
        ],
        [
          0.01,
          0.19,
          0.04,
          0.9
        ],
        [
          0.01,
          0.06,
          0.01,
          0.05
        ]
      ]
    }
  }
]

========================================
BEST REFINEMENT CANDIDATE
========================================
Candidate 3
Accuracy: 0.7970
Failures: 67
Successes: 263

===================================================
Dataset: agentbn_train_subset_1.csv
===================================================
Accuracy: 79.7 %
Total: 330
Successes: 263
Failures: 67

No improvement after 3 retries. Selecting best retry candidate (accuracy=79.70%).
Removed 1 record(s) with bn_number=4
Continuing with retry candidate (accuracy=79.70%).

===================================================
Dataset: agentbn_train_subset_1.csv
===================================================
Accuracy: 76.06 %
Total: 330
Successes: 251
Failures: 79

===================================================
Dataset: agentbn_train_subset_1.csv
===================================================
Accuracy: 80.0 %
Total: 330
Successes: 264
Failures: 66

===================================================
Dataset: agentbn_train_subset_1.csv
===================================================
Accuracy: 79.7 %
Total: 330
Successes: 263
Failures: 67

===================================================
Dataset: agentbn_train_subset_1.csv
===================================================
Accuracy: 79.7 %
Total: 330
Successes: 263
Failures: 67

===================================================
Dataset: agentbn_train_subset_1.csv
===================================================
Accuracy: 79.7 %
Total: 330
Successes: 263
Failures: 67


Best BN Number: 1
Best BN Accuracy: 0.8
Saved CPT identity comparison to /home/shamim_ist/AgentBN/workspace/alarm/cpt_comparison_analysis.json
BN number: 1
Agent change verdict: poor
Expected changed CPTs: ['HYPOVOLEMIA', 'LVEDVOLUME']
Agent changed CPTs: ['STROKEVOLUME']
Unexpected changed CPTs: ['STROKEVOLUME']
{'bn_number': 1, 'agent_changed_cpt_count': 1, 'agent_changed_cpts': ['STROKEVOLUME'], 'agent_change_report': {'verdict': 'poor', 'total_cpts': 37, 'expected_changed_count': 2, 'expected_changed_cpts': ['HYPOVOLEMIA', 'LVEDVOLUME'], 'agent_changed_count': 1, 'agent_changed_cpts': ['STROKEVOLUME'], 'matched_expected_count': 0, 'matched_expected_cpts': [], 'missed_expected_count': 2, 'missed_expected_cpts': ['HYPOVOLEMIA', 'LVEDVOLUME'], 'unexpected_changed_count': 1, 'unexpected_changed_cpts': ['STROKEVOLUME'], 'unflawed_cpt_count': 35, 'untouched_unflawed_count': 34, 'untouched_unflawed_cpts': ['ANAPHYLAXIS', 'ARTCO2', 'BP', 'CATECHOL', 'CO', 'CVP', 'DISCONNECT', 'ERRCAUTER', 'ERRLOWOUTPUT', 'EXPCO2', 'FIO2', 'HISTORY', 'HR', 'HRBP', 'HREKG', 'HRSAT', 'INSUFFANESTH', 'INTUBATION', 'KINKEDTUBE', 'LVFAILURE', 'MINVOL', 'MINVOLSET', 'PAP', 'PCWP', 'PRESS', 'PULMEMBOLUS', 'PVSAT', 'SAO2', 'SHUNT', 'TPR', 'VENTALV', 'VENTLUNG', 'VENTMACH', 'VENTTUBE'], 'expected_change_recall': 0.0, 'unexpected_change_rate': 0.0286, 'unflawed_preservation_rate': 0.9714}}
======================================================================
HYPOVOLEMIA                    0.07144859
  Column 0:
    Flawed : [0.08 0.92]
    Prop   : [0.08 0.92]
    GT     : [0.2 0.8]
----------------------------------------------------------------------
LVEDVOLUME                     0.14659557
  Column 0:
    Flawed : [0.65 0.33 0.02]
    Prop   : [0.65 0.33 0.02]
    GT     : [0.95 0.04 0.01]
  Column 2:
    Flawed : [0.68 0.3  0.02]
    Prop   : [0.68 0.3  0.02]
    GT     : [0.98 0.01 0.01]
----------------------------------------------------------------------
STROKEVOLUME                   0.05730376
  Column 1:
    Flawed : [0.5  0.49 0.01]
    Prop   : [0.8  0.19 0.01]
    GT     : [0.5  0.49 0.01]
----------------------------------------------------------------------
======================================================================
Overall Average CPT KL = 0.00365039
======================================================================
HYPOVOLEMIA                    RMSE = 0.12000000
  Column 0:
    Flawed : [0.08 0.92]
    Prop   : [0.08 0.92]
    GT     : [0.2 0.8]
----------------------------------------------------------------------
LVEDVOLUME                     RMSE = 0.17039171
  Column 0:
    Flawed : [0.65 0.33 0.02]
    Prop   : [0.65 0.33 0.02]
    GT     : [0.95 0.04 0.01]
  Column 2:
    Flawed : [0.68 0.3  0.02]
    Prop   : [0.68 0.3  0.02]
    GT     : [0.98 0.01 0.01]
----------------------------------------------------------------------
STROKEVOLUME                   RMSE = 0.12247449
  Column 1:
    Flawed : [0.5  0.49 0.01]
    Prop   : [0.8  0.19 0.01]
    GT     : [0.5  0.49 0.01]
----------------------------------------------------------------------
======================================================================
Overall CPT RMSE = 0.02722053
======================================================================
HYPOVOLEMIA                    Hellinger = 0.12491785
  Column 0:
    Flawed : [0.08 0.92]
    Prop   : [0.08 0.92]
    GT     : [0.2 0.8]
----------------------------------------------------------------------
LVEDVOLUME                     Hellinger = 0.15764108
  Column 0:
    Flawed : [0.65 0.33 0.02]
    Prop   : [0.65 0.33 0.02]
    GT     : [0.95 0.04 0.01]
  Column 2:
    Flawed : [0.68 0.3  0.02]
    Prop   : [0.68 0.3  0.02]
    GT     : [0.98 0.01 0.01]
----------------------------------------------------------------------
STROKEVOLUME                   Hellinger = 0.05723938
  Column 1:
    Flawed : [0.5  0.49 0.01]
    Prop   : [0.8  0.19 0.01]
    GT     : [0.5  0.49 0.01]
----------------------------------------------------------------------
======================================================================
Overall Average Hellinger = 0.00405119
###------------------------------###

Restart 2 finished.
###------------------------------###
Restart: 0
BN keys: dict_keys(['edges', 'nodes'])
Evaluating restart 0

===================================================
Dataset: agentbn_train_subset_1.csv
===================================================
Accuracy: 79.39 %
Total: 330
Successes: 262
Failures: 68
Restart: 1
BN keys: dict_keys(['edges', 'nodes'])
Evaluating restart 1

===================================================
Dataset: agentbn_train_subset_1.csv
===================================================
Accuracy: 79.39 %
Total: 330
Successes: 262
Failures: 68
Restart: 2
BN keys: dict_keys(['edges', 'nodes'])
Evaluating restart 2

===================================================
Dataset: agentbn_train_subset_1.csv
===================================================
Accuracy: 80.0 %
Total: 330
Successes: 264
Failures: 66
Stored final AgentBN for subset 1 in /home/shamim_ist/AgentBN/workspace/alarm/agentbn_subset_bns.jsonl

===================================
BEST RESTART
===================================
Restart: 2
Train Accuracy: 0.8

===================================================
Dataset: /home/shamim_ist/AgentBN/datasets/alarm/combined_test_scenarios.csv
===================================================
Accuracy: 80.49 %
Total: 328
Successes: 264
Failures: 64
Test Accuracy: 0.8048780487804879
Test Failures:      Scenario      Prediction  Confidence Ground Truth                                                                   Posterior  Success
1           2  No_Hypovolemia    0.710708  Hypovolemia  {'Hypovolemia': 0.28929223171401025, 'No_Hypovolemia': 0.7107077682859898}    False
10         11     Hypovolemia    0.571082  Hypovolemia  {'Hypovolemia': 0.5710823782705063, 'No_Hypovolemia': 0.42891762172949366}    False
15         16  No_Hypovolemia    0.675801  Hypovolemia   {'Hypovolemia': 0.3241986183045437, 'No_Hypovolemia': 0.6758013816954563}    False
18         19  No_Hypovolemia    0.581828  Hypovolemia   {'Hypovolemia': 0.4181723507892169, 'No_Hypovolemia': 0.5818276492107832}    False
24         25  No_Hypovolemia    0.509962  Hypovolemia  {'Hypovolemia': 0.49003829526436765, 'No_Hypovolemia': 0.5099617047356323}    False
26         27  No_Hypovolemia    0.607441  Hypovolemia  {'Hypovolemia': 0.39255877129139166, 'No_Hypovolemia': 0.6074412287086083}    False
31         32     Hypovolemia    0.512366  Hypovolemia   {'Hypovolemia': 0.5123655889536048, 'No_Hypovolemia': 0.4876344110463951}    False
32         33     Hypovolemia    0.509268  Hypovolemia     {'Hypovolemia': 0.509267930499209, 'No_Hypovolemia': 0.490732069500791}    False
36         37     Hypovolemia    0.508913  Hypovolemia   {'Hypovolemia': 0.5089130977968648, 'No_Hypovolemia': 0.4910869022031353}    False
48         49     Hypovolemia    0.540209  Hypovolemia   {'Hypovolemia': 0.5402093011213812, 'No_Hypovolemia': 0.4597906988786189}    False
52         53  No_Hypovolemia    0.707724  Hypovolemia  {'Hypovolemia': 0.29227559259025415, 'No_Hypovolemia': 0.7077244074097458}    False
55         56  No_Hypovolemia    0.713674  Hypovolemia  {'Hypovolemia': 0.28632608035322266, 'No_Hypovolemia': 0.7136739196467774}    False
57         58  No_Hypovolemia    0.599310  Hypovolemia  {'Hypovolemia': 0.40068973277989783, 'No_Hypovolemia': 0.5993102672201022}    False
60         61     Hypovolemia    0.509288  Hypovolemia   {'Hypovolemia': 0.5092879913347657, 'No_Hypovolemia': 0.4907120086652343}    False
68         69     Hypovolemia    0.538914  Hypovolemia   {'Hypovolemia': 0.5389144701213889, 'No_Hypovolemia': 0.4610855298786111}    False
72         73  No_Hypovolemia    0.580532  Hypovolemia  {'Hypovolemia': 0.41946792778528424, 'No_Hypovolemia': 0.5805320722147157}    False
86         87  No_Hypovolemia    0.501198  Hypovolemia   {'Hypovolemia': 0.4988018503477275, 'No_Hypovolemia': 0.5011981496522725}    False
105       106  No_Hypovolemia    0.675835  Hypovolemia  {'Hypovolemia': 0.32416498218885864, 'No_Hypovolemia': 0.6758350178111414}    False
107       108  No_Hypovolemia    0.767515  Hypovolemia  {'Hypovolemia': 0.23248451793840114, 'No_Hypovolemia': 0.7675154820615989}    False
114       115     Hypovolemia    0.534994  Hypovolemia     {'Hypovolemia': 0.534994293288239, 'No_Hypovolemia': 0.465005706711761}    False
129       130  No_Hypovolemia    0.712952  Hypovolemia   {'Hypovolemia': 0.28704821628391297, 'No_Hypovolemia': 0.712951783716087}    False
130       131  No_Hypovolemia    0.587236  Hypovolemia   {'Hypovolemia': 0.4127637449086148, 'No_Hypovolemia': 0.5872362550913852}    False
133       134  No_Hypovolemia    0.769202  Hypovolemia   {'Hypovolemia': 0.2307975158121661, 'No_Hypovolemia': 0.7692024841878339}    False
137       138  No_Hypovolemia    0.680172  Hypovolemia  {'Hypovolemia': 0.31982803754865646, 'No_Hypovolemia': 0.6801719624513436}    False
145       146  No_Hypovolemia    0.531540  Hypovolemia  {'Hypovolemia': 0.46845975132485296, 'No_Hypovolemia': 0.5315402486751472}    False
158       159     Hypovolemia    0.533468  Hypovolemia  {'Hypovolemia': 0.5334679279577171, 'No_Hypovolemia': 0.46653207204228275}    False
159       160     Hypovolemia    0.509288  Hypovolemia   {'Hypovolemia': 0.5092879913347657, 'No_Hypovolemia': 0.4907120086652343}    False
161       162  No_Hypovolemia    0.605885  Hypovolemia     {'Hypovolemia': 0.394114643796747, 'No_Hypovolemia': 0.605885356203253}    False
164       165  No_Hypovolemia    0.512641  Hypovolemia     {'Hypovolemia': 0.487359325947333, 'No_Hypovolemia': 0.512640674052667}    False
166       167  No_Hypovolemia    0.784532  Hypovolemia  {'Hypovolemia': 0.21546750931083078, 'No_Hypovolemia': 0.7845324906891692}    False
174       175  No_Hypovolemia    0.606957  Hypovolemia  {'Hypovolemia': 0.39304341265237647, 'No_Hypovolemia': 0.6069565873476236}    False
176       177  No_Hypovolemia    0.504741  Hypovolemia  {'Hypovolemia': 0.49525937464114794, 'No_Hypovolemia': 0.5047406253588521}    False
178       179  No_Hypovolemia    0.771555  Hypovolemia   {'Hypovolemia': 0.22844536844631413, 'No_Hypovolemia': 0.771554631553686}    False
184       185  No_Hypovolemia    0.547615  Hypovolemia   {'Hypovolemia': 0.4523852561347355, 'No_Hypovolemia': 0.5476147438652644}    False
187       188     Hypovolemia    0.531623  Hypovolemia   {'Hypovolemia': 0.5316225609392873, 'No_Hypovolemia': 0.4683774390607128}    False
190       191     Hypovolemia    0.557449  Hypovolemia    {'Hypovolemia': 0.557448969362782, 'No_Hypovolemia': 0.4425510306372181}    False
192       193  No_Hypovolemia    0.760655  Hypovolemia  {'Hypovolemia': 0.23934467313003088, 'No_Hypovolemia': 0.7606553268699691}    False
193       194     Hypovolemia    0.586547  Hypovolemia     {'Hypovolemia': 0.5865468470457199, 'No_Hypovolemia': 0.41345315295428}    False
195       196  No_Hypovolemia    0.555070  Hypovolemia   {'Hypovolemia': 0.4449304248012409, 'No_Hypovolemia': 0.5550695751987591}    False
202       203  No_Hypovolemia    0.512816  Hypovolemia   {'Hypovolemia': 0.4871844981889023, 'No_Hypovolemia': 0.5128155018110977}    False
203       204     Hypovolemia    0.532517  Hypovolemia  {'Hypovolemia': 0.5325169148060919, 'No_Hypovolemia': 0.46748308519390813}    False
219       220  No_Hypovolemia    0.784532  Hypovolemia  {'Hypovolemia': 0.21546750931083078, 'No_Hypovolemia': 0.7845324906891692}    False
220       221  No_Hypovolemia    0.676680  Hypovolemia  {'Hypovolemia': 0.32332049765488746, 'No_Hypovolemia': 0.6766795023451125}    False
222       223  No_Hypovolemia    0.504066  Hypovolemia   {'Hypovolemia': 0.4959335934916326, 'No_Hypovolemia': 0.5040664065083674}    False
224       225  No_Hypovolemia    0.710811  Hypovolemia  {'Hypovolemia': 0.28918883700638726, 'No_Hypovolemia': 0.7108111629936128}    False
228       229     Hypovolemia    0.550232  Hypovolemia   {'Hypovolemia': 0.5502318246422607, 'No_Hypovolemia': 0.4497681753577393}    False
232       233  No_Hypovolemia    0.708466  Hypovolemia  {'Hypovolemia': 0.29153380517167243, 'No_Hypovolemia': 0.7084661948283276}    False
233       234     Hypovolemia    0.560266  Hypovolemia  {'Hypovolemia': 0.5602657328081259, 'No_Hypovolemia': 0.43973426719187414}    False
243       244  No_Hypovolemia    0.508057  Hypovolemia  {'Hypovolemia': 0.49194314936468503, 'No_Hypovolemia': 0.5080568506353149}    False
247       248  No_Hypovolemia    0.692245  Hypovolemia     {'Hypovolemia': 0.307755195181419, 'No_Hypovolemia': 0.692244804818581}    False
253       254  No_Hypovolemia    0.624883  Hypovolemia   {'Hypovolemia': 0.37511690602173403, 'No_Hypovolemia': 0.624883093978266}    False
254       255  No_Hypovolemia    0.512542  Hypovolemia   {'Hypovolemia': 0.4874584848610183, 'No_Hypovolemia': 0.5125415151389817}    False
260       261  No_Hypovolemia    0.707724  Hypovolemia  {'Hypovolemia': 0.29227559259025415, 'No_Hypovolemia': 0.7077244074097458}    False
264       265  No_Hypovolemia    0.509408  Hypovolemia  {'Hypovolemia': 0.49059171811569224, 'No_Hypovolemia': 0.5094082818843079}    False
267       268     Hypovolemia    0.551527  Hypovolemia   {'Hypovolemia': 0.551527164731792, 'No_Hypovolemia': 0.44847283526820797}    False
271       272  No_Hypovolemia    0.559822  Hypovolemia  {'Hypovolemia': 0.44017833925717126, 'No_Hypovolemia': 0.5598216607428287}    False
284       285  No_Hypovolemia    0.770570  Hypovolemia  {'Hypovolemia': 0.22943027429972346, 'No_Hypovolemia': 0.7705697257002766}    False
288       289     Hypovolemia    0.538277  Hypovolemia  {'Hypovolemia': 0.5382768671437891, 'No_Hypovolemia': 0.46172313285621086}    False
290       291  No_Hypovolemia    0.604912  Hypovolemia  {'Hypovolemia': 0.39508791609836574, 'No_Hypovolemia': 0.6049120839016343}    False
295       296  No_Hypovolemia    0.576468  Hypovolemia  {'Hypovolemia': 0.42353233485071795, 'No_Hypovolemia': 0.5764676651492822}    False
300       301  No_Hypovolemia    0.679162  Hypovolemia  {'Hypovolemia': 0.32083790907955656, 'No_Hypovolemia': 0.6791620909204434}    False
306       307     Hypovolemia    0.557449  Hypovolemia    {'Hypovolemia': 0.557448969362782, 'No_Hypovolemia': 0.4425510306372181}    False
313       314  No_Hypovolemia    0.511489  Hypovolemia   {'Hypovolemia': 0.4885110114472178, 'No_Hypovolemia': 0.5114889885527822}    False
316       317  No_Hypovolemia    0.606600  Hypovolemia     {'Hypovolemia': 0.393400425379186, 'No_Hypovolemia': 0.606599574620814}    False
Saved CPT identity comparison to /home/shamim_ist/AgentBN/workspace/alarm/cpt_comparison_analysis.json
BN number: None
Agent change verdict: poor
Expected changed CPTs: ['HYPOVOLEMIA', 'LVEDVOLUME']
Agent changed CPTs: ['STROKEVOLUME']
Unexpected changed CPTs: ['STROKEVOLUME']
{'bn_number': None, 'agent_changed_cpt_count': 1, 'agent_changed_cpts': ['STROKEVOLUME'], 'agent_change_report': {'verdict': 'poor', 'total_cpts': 37, 'expected_changed_count': 2, 'expected_changed_cpts': ['HYPOVOLEMIA', 'LVEDVOLUME'], 'agent_changed_count': 1, 'agent_changed_cpts': ['STROKEVOLUME'], 'matched_expected_count': 0, 'matched_expected_cpts': [], 'missed_expected_count': 2, 'missed_expected_cpts': ['HYPOVOLEMIA', 'LVEDVOLUME'], 'unexpected_changed_count': 1, 'unexpected_changed_cpts': ['STROKEVOLUME'], 'unflawed_cpt_count': 35, 'untouched_unflawed_count': 34, 'untouched_unflawed_cpts': ['ANAPHYLAXIS', 'ARTCO2', 'BP', 'CATECHOL', 'CO', 'CVP', 'DISCONNECT', 'ERRCAUTER', 'ERRLOWOUTPUT', 'EXPCO2', 'FIO2', 'HISTORY', 'HR', 'HRBP', 'HREKG', 'HRSAT', 'INSUFFANESTH', 'INTUBATION', 'KINKEDTUBE', 'LVFAILURE', 'MINVOL', 'MINVOLSET', 'PAP', 'PCWP', 'PRESS', 'PULMEMBOLUS', 'PVSAT', 'SAO2', 'SHUNT', 'TPR', 'VENTALV', 'VENTLUNG', 'VENTMACH', 'VENTTUBE'], 'expected_change_recall': 0.0, 'unexpected_change_rate': 0.0286, 'unflawed_preservation_rate': 0.9714}}
======================================================================
HYPOVOLEMIA                    0.07144859
  Column 0:
    Flawed : [0.08 0.92]
    Prop   : [0.08 0.92]
    GT     : [0.2 0.8]
----------------------------------------------------------------------
LVEDVOLUME                     0.14659557
  Column 0:
    Flawed : [0.65 0.33 0.02]
    Prop   : [0.65 0.33 0.02]
    GT     : [0.95 0.04 0.01]
  Column 2:
    Flawed : [0.68 0.3  0.02]
    Prop   : [0.68 0.3  0.02]
    GT     : [0.98 0.01 0.01]
----------------------------------------------------------------------
STROKEVOLUME                   0.05730376
  Column 1:
    Flawed : [0.5  0.49 0.01]
    Prop   : [0.8  0.19 0.01]
    GT     : [0.5  0.49 0.01]
----------------------------------------------------------------------
======================================================================
Overall Average CPT KL = 0.00365039
======================================================================
HYPOVOLEMIA                    RMSE = 0.12000000
  Column 0:
    Flawed : [0.08 0.92]
    Prop   : [0.08 0.92]
    GT     : [0.2 0.8]
----------------------------------------------------------------------
LVEDVOLUME                     RMSE = 0.17039171
  Column 0:
    Flawed : [0.65 0.33 0.02]
    Prop   : [0.65 0.33 0.02]
    GT     : [0.95 0.04 0.01]
  Column 2:
    Flawed : [0.68 0.3  0.02]
    Prop   : [0.68 0.3  0.02]
    GT     : [0.98 0.01 0.01]
----------------------------------------------------------------------
STROKEVOLUME                   RMSE = 0.12247449
  Column 1:
    Flawed : [0.5  0.49 0.01]
    Prop   : [0.8  0.19 0.01]
    GT     : [0.5  0.49 0.01]
----------------------------------------------------------------------
======================================================================
Overall CPT RMSE = 0.02722053
======================================================================
HYPOVOLEMIA                    Hellinger = 0.12491785
  Column 0:
    Flawed : [0.08 0.92]
    Prop   : [0.08 0.92]
    GT     : [0.2 0.8]
----------------------------------------------------------------------
LVEDVOLUME                     Hellinger = 0.15764108
  Column 0:
    Flawed : [0.65 0.33 0.02]
    Prop   : [0.65 0.33 0.02]
    GT     : [0.95 0.04 0.01]
  Column 2:
    Flawed : [0.68 0.3  0.02]
    Prop   : [0.68 0.3  0.02]
    GT     : [0.98 0.01 0.01]
----------------------------------------------------------------------
STROKEVOLUME                   Hellinger = 0.05723938
  Column 1:
    Flawed : [0.5  0.49 0.01]
    Prop   : [0.8  0.19 0.01]
    GT     : [0.5  0.49 0.01]
----------------------------------------------------------------------
======================================================================
Overall Average Hellinger = 0.00405119
###------------------------------###

Pipeline finished.
###------------------------------###
